cell,shape_class,n_per_arm,delta,power
uniform_K4 / diffuse_PL,RMS=3pp Outcome-1 alternative,50,-0.001699626533333387,0.06787171216742806
uniform_K4 / diffuse_PL,RMS=3pp Outcome-1 alternative,100,-0.001699626533333387,0.0860676977896513
uniform_K4 / diffuse_PL,RMS=3pp Outcome-1 alternative,150,-0.001699626533333387,0.10453221180817271
uniform_K4 / diffuse_PL,RMS=3pp Outcome-1 alternative,200,-0.001699626533333387,0.12321281468413119
uniform_K4 / diffuse_PL,RMS=3pp Outcome-1 alternative,250,-0.001699626533333387,0.1420602691111921
uniform_K4 / diffuse_PL,RMS=3pp Outcome-1 alternative,300,-0.001699626533333387,0.16102843412015055
uniform_K4 / diffuse_PL,RMS=3pp Outcome-1 alternative,350,-0.001699626533333387,0.1800741573027317
uniform_K4 / diffuse_PL,RMS=3pp Outcome-1 alternative,400,-0.001699626533333387,0.19915716580955398
uniform_K4 / diffuse_PL,RMS=3pp Outcome-1 alternative,450,-0.001699626533333387,0.21823995671004964
uniform_K4 / diffuse_PL,RMS=3pp Outcome-1 alternative,500,-0.001699626533333387,0.23728768723999816
uniform_K4 / diffuse_PL,RMS=3pp Outcome-1 alternative,550,-0.001699626533333387,0.2562680654049178
uniform_K4 / diffuse_PL,RMS=3pp Outcome-1 alternative,600,-0.001699626533333387,0.27515124135459124
uniform_K4 / diffuse_PL,RMS=3pp Outcome-1 alternative,650,-0.001699626533333387,0.29390969989519083
uniform_K4 / diffuse_PL,RMS=3pp Outcome-1 alternative,700,-0.001699626533333387,0.31251815446056636
uniform_K4 / diffuse_PL,RMS=3pp Outcome-1 alternative,750,-0.001699626533333387,0.3309534428230005
uniform_K4 / diffuse_PL,RMS=3pp Outcome-1 alternative,800,-0.001699626533333387,0.3491944247859006
uniform_K4 / diffuse_PL,RMS=3pp Outcome-1 alternative,850,-0.001699626533333387,0.3672218820662486
uniform_K4 / diffuse_PL,RMS=3pp Outcome-1 alternative,900,-0.001699626533333387,0.38501842054295926
uniform_K4 / diffuse_PL,RMS=3pp Outcome-1 alternative,950,-0.001699626533333387,0.40256837501840476
uniform_K4 / diffuse_PL,RMS=3pp Outcome-1 alternative,1000,-0.001699626533333387,0.4198577166140656
uniform_K4 / diffuse_PL,RMS=3pp Outcome-1 alternative,1050,-0.001699626533333387,0.4368739628973602
uniform_K4 / diffuse_PL,RMS=3pp Outcome-1 alternative,1100,-0.001699626533333387,0.4536060908150541
uniform_K4 / diffuse_PL,RMS=3pp Outcome-1 alternative,1150,-0.001699626533333387,0.4700444524890669
uniform_K4 / diffuse_PL,RMS=3pp Outcome-1 alternative,1200,-0.001699626533333387,0.4861806939128369
uniform_K4 / diffuse_PL,RMS=3pp Outcome-1 alternative,1250,-0.001699626533333387,0.5020076765705404
uniform_K4 / diffuse_PL,RMS=3pp Outcome-1 alternative,1300,-0.001699626533333387,0.5175194019872421
uniform_K4 / diffuse_PL,RMS=3pp Outcome-1 alternative,1350,-0.001699626533333387,0.532710939205367
uniform_K4 / diffuse_PL,RMS=3pp Outcome-1 alternative,1400,-0.001699626533333387,0.5475783551716022
uniform_K4 / diffuse_PL,RMS=3pp Outcome-1 alternative,1450,-0.001699626533333387,0.5621186480083584
uniform_K4 / diffuse_PL,RMS=3pp Outcome-1 alternative,1500,-0.001699626533333387,0.5763296831351371
uniform_K4 / diffuse_PL,RMS=3pp Outcome-1 alternative,1550,-0.001699626533333387,0.590210132197463
uniform_K4 / diffuse_PL,RMS=3pp Outcome-1 alternative,1600,-0.001699626533333387,0.6037594147543693
uniform_K4 / diffuse_PL,RMS=3pp Outcome-1 alternative,1650,-0.001699626533333387,0.6169776426696667
uniform_K4 / diffuse_PL,RMS=3pp Outcome-1 alternative,1700,-0.001699626533333387,0.6298655671473324
uniform_K4 / diffuse_PL,RMS=3pp Outcome-1 alternative,1750,-0.001699626533333387,0.6424245283472114
uniform_K4 / diffuse_PL,RMS=3pp Outcome-1 alternative,1800,-0.001699626533333387,0.654656407513801
uniform_K4 / diffuse_PL,RMS=3pp Outcome-1 alternative,1850,-0.001699626533333387,0.6665635815481035
uniform_K4 / diffuse_PL,RMS=3pp Outcome-1 alternative,1900,-0.001699626533333387,0.6781488799503156
uniform_K4 / diffuse_PL,RMS=3pp Outcome-1 alternative,1950,-0.001699626533333387,0.6894155440594548
uniform_K4 / diffuse_PL,RMS=3pp Outcome-1 alternative,2000,-0.001699626533333387,0.7003671885148038
uniform_K4 / diffuse_PL,RMS=3pp Outcome-1 alternative,2050,-0.001699626533333387,0.7110077648632858
uniform_K4 / diffuse_PL,RMS=3pp Outcome-1 alternative,2100,-0.001699626533333387,0.7213415272364875
uniform_K4 / diffuse_PL,RMS=3pp Outcome-1 alternative,2150,-0.001699626533333387,0.7313730000209889
uniform_K4 / diffuse_PL,RMS=3pp Outcome-1 alternative,2200,-0.001699626533333387,0.7411069474459224
uniform_K4 / diffuse_PL,RMS=3pp Outcome-1 alternative,2250,-0.001699626533333387,0.750548345012207
uniform_K4 / diffuse_PL,RMS=3pp Outcome-1 alternative,2300,-0.001699626533333387,0.7597023526886686
uniform_K4 / diffuse_PL,RMS=3pp Outcome-1 alternative,2350,-0.001699626533333387,0.7685742898012377
uniform_K4 / diffuse_PL,RMS=3pp Outcome-1 alternative,2400,-0.001699626533333387,0.777169611542574
uniform_K4 / diffuse_PL,RMS=3pp Outcome-1 alternative,2450,-0.001699626533333387,0.78549388703079015
uniform_K4 / diffuse_PL,RMS=3pp Outcome-1 alternative,2500,-0.001699626533333387,0.7935527788473992
uniform_K4 / diffuse_PL,RMS=3pp Outcome-1 alternative,2550,-0.001699626533333387,0.8013520239861905
uniform_K4 / diffuse_PL,RMS=3pp Outcome-1 alternative,2600,-0.001699626533333387,0.8088974161464015
uniform_K4 / diffuse_PL,RMS=3pp Outcome-1 alternative,2650,-0.001699626533333387,0.8161947893053076
uniform_K4 / diffuse_PL,RMS=3pp Outcome-1 alternative,2700,-0.001699626533333387,0.8232500025071663
uniform_K4 / diffuse_PL,RMS=3pp Outcome-1 alternative,2750,-0.001699626533333387,0.8300689258073168
uniform_K4 / diffuse_PL,RMS=3pp Outcome-1 alternative,2800,-0.001699626533333387,0.8366574273121397
uniform_K4 / diffuse_PL,RMS=3pp Outcome-1 alternative,2850,-0.001699626533333387,0.8430213612575136
uniform_K4 / diffuse_PL,RMS=3pp Outcome-1 alternative,2900,-0.001699626533333387,0.8491665570703433
uniform_K4 / diffuse_PL,RMS=3pp Outcome-1 alternative,2950,-0.001699626533333387,0.8550988093597001
uniform_K4 / diffuse_PL,RMS=3pp Outcome-1 alternative,3000,-0.001699626533333387,0.8608238687860487
uniform_K4 / diffuse_PL,RMS=3pp Outcome-1 alternative,3050,-0.001699626533333387,0.8663474337589914
uniform_K4 / diffuse_PL,RMS=3pp Outcome-1 alternative,3100,-0.001699626533333387,0.8716751429158803
uniform_K4 / diffuse_PL,RMS=3pp Outcome-1 alternative,3150,-0.001699626533333387,0.8768125683355485
uniform_K4 / diffuse_PL,RMS=3pp Outcome-1 alternative,3200,-0.001699626533333387,0.8817652094433008
uniform_K4 / diffuse_PL,RMS=3pp Outcome-1 alternative,3250,-0.001699626533333387,0.8865384875651434
uniform_K4 / diffuse_PL,RMS=3pp Outcome-1 alternative,3300,-0.001699626533333387,0.8911377410910495
uniform_K4 / diffuse_PL,RMS=3pp Outcome-1 alternative,3350,-0.001699626533333387,0.8955682212088296
uniform_K4 / diffuse_PL,RMS=3pp Outcome-1 alternative,3400,-0.001699626533333387,0.8998350881719196
uniform_K4 / diffuse_PL,RMS=3pp Outcome-1 alternative,3450,-0.001699626533333387,0.9039434080660782
uniform_K4 / diffuse_PL,RMS=3pp Outcome-1 alternative,3500,-0.001699626533333387,0.9078981500416456
uniform_K4 / diffuse_PL,RMS=3pp Outcome-1 alternative,3550,-0.001699626533333387,0.9117041839796095
uniform_K4 / diffuse_PL,RMS=3pp Outcome-1 alternative,3600,-0.001699626533333387,0.9153662785612819
uniform_K4 / diffuse_PL,RMS=3pp Outcome-1 alternative,3650,-0.001699626533333387,0.9188890997128932
uniform_K4 / diffuse_PL,RMS=3pp Outcome-1 alternative,3700,-0.001699626533333387,0.9222772093978715
uniform_K4 / diffuse_PL,RMS=3pp Outcome-1 alternative,3750,-0.001699626533333387,0.9255350647309766
uniform_K4 / diffuse_PL,RMS=3pp Outcome-1 alternative,3800,-0.001699626533333387,0.9286670173898262
uniform_K4 / diffuse_PL,RMS=3pp Outcome-1 alternative,3850,-0.001699626533333387,0.93167731330065
uniform_K4 / diffuse_PL,RMS=3pp Outcome-1 alternative,3900,-0.001699626533333387,0.9345700925763785
uniform_K4 / diffuse_PL,RMS=3pp Outcome-1 alternative,3950,-0.001699626533333387,0.9373493896863797
uniform_K4 / diffuse_PL,RMS=3pp Outcome-1 alternative,4000,-0.001699626533333387,0.940019133838323
uniform_K4 / diffuse_PL,RMS=3pp Outcome-1 alternative,4050,-0.001699626533333387,0.9425831495537672
uniform_K4 / diffuse_PL,RMS=3pp Outcome-1 alternative,4100,-0.001699626533333387,0.9450451574201392
uniform_K4 / diffuse_PL,RMS=3pp Outcome-1 alternative,4150,-0.001699626533333387,0.9474087750027977
uniform_K4 / diffuse_PL,RMS=3pp Outcome-1 alternative,4200,-0.001699626533333387,0.9496775179018553
uniform_K4 / diffuse_PL,RMS=3pp Outcome-1 alternative,4250,-0.001699626533333387,0.9518548009393674
uniform_K4 / diffuse_PL,RMS=3pp Outcome-1 alternative,4300,-0.001699626533333387,0.9539439394633985
uniform_K4 / diffuse_PL,RMS=3pp Outcome-1 alternative,4350,-0.001699626533333387,0.9559481507563226
uniform_K4 / diffuse_PL,RMS=3pp Outcome-1 alternative,4400,-0.001699626533333387,0.9578705555355294
uniform_K4 / diffuse_PL,RMS=3pp Outcome-1 alternative,4450,-0.001699626533333387,0.9597141795354877
uniform_K4 / diffuse_PL,RMS=3pp Outcome-1 alternative,4500,-0.001699626533333387,0.9614819551608466
uniform_K4 / diffuse_PL,RMS=3pp Outcome-1 alternative,4550,-0.001699626533333387,0.9631767232009604
uniform_K4 / diffuse_PL,RMS=3pp Outcome-1 alternative,4600,-0.001699626533333387,0.9648012345968867
uniform_K4 / diffuse_PL,RMS=3pp Outcome-1 alternative,4650,-0.001699626533333387,0.9663581522525364
uniform_K4 / diffuse_PL,RMS=3pp Outcome-1 alternative,4700,-0.001699626533333387,0.9678500528822538
uniform_K4 / diffuse_PL,RMS=3pp Outcome-1 alternative,4750,-0.001699626533333387,0.9692794288876724
uniform_K4 / diffuse_PL,RMS=3pp Outcome-1 alternative,4800,-0.001699626533333387,0.9706486902572236
uniform_K4 / diffuse_PL,RMS=3pp Outcome-1 alternative,4850,-0.001699626533333387,0.9719601664821865
uniform_K4 / diffuse_PL,RMS=3pp Outcome-1 alternative,4900,-0.001699626533333387,0.9732161084836435
uniform_K4 / diffuse_PL,RMS=3pp Outcome-1 alternative,4950,-0.001699626533333387,0.9744186905451565
uniform_K4 / diffuse_PL,RMS=3pp Outcome-1 alternative,5000,-0.001699626533333387,0.9755700122464086
uniform_K4 / diffuse_PL,RMS=3pp Outcome-1 alternative,5050,-0.001699626533333387,0.9766721003934504
uniform_K4 / diffuse_PL,RMS=3pp Outcome-1 alternative,5100,-0.001699626533333387,0.9777269109415764
uniform_K4 / diffuse_PL,RMS=3pp Outcome-1 alternative,5150,-0.001699626533333387,0.9787363309072009
uniform_K4 / diffuse_PL,RMS=3pp Outcome-1 alternative,5200,-0.001699626533333387,0.9797021802654478
uniform_K4 / diffuse_PL,RMS=3pp Outcome-1 alternative,5250,-0.001699626533333387,0.9806262138304709
uniform_K4 / diffuse_PL,RMS=3pp Outcome-1 alternative,5300,-0.001699626533333387,0.9815101231158229
uniform_K4 / diffuse_PL,RMS=3pp Outcome-1 alternative,5350,-0.001699626533333387,0.9823555381724595
uniform_K4 / diffuse_PL,RMS=3pp Outcome-1 alternative,5400,-0.001699626533333387,0.9831640294022262
uniform_K4 / diffuse_PL,RMS=3pp Outcome-1 alternative,5450,-0.001699626533333387,0.9839371093449132
uniform_K4 / diffuse_PL,RMS=3pp Outcome-1 alternative,5500,-0.001699626533333387,0.9846762344371874
uniform_K4 / diffuse_PL,RMS=3pp Outcome-1 alternative,5550,-0.001699626533333387,0.9853828067419227
uniform_K4 / diffuse_PL,RMS=3pp Outcome-1 alternative,5600,-0.001699626533333387,0.9860581756466377
uniform_K4 / diffuse_PL,RMS=3pp Outcome-1 alternative,5650,-0.001699626533333387,0.986703639529938
uniform_K4 / diffuse_PL,RMS=3pp Outcome-1 alternative,5700,-0.001699626533333387,0.9873204473950242
uniform_K4 / diffuse_PL,RMS=3pp Outcome-1 alternative,5750,-0.001699626533333387,0.9879098004694801
uniform_K4 / diffuse_PL,RMS=3pp Outcome-1 alternative,5800,-0.001699626533333387,0.9884728537707053
uniform_K4 / diffuse_PL,RMS=3pp Outcome-1 alternative,5850,-0.001699626533333387,0.989010717636485
uniform_K4 / diffuse_PL,RMS=3pp Outcome-1 alternative,5900,-0.001699626533333387,0.9895244592203155
uniform_K4 / diffuse_PL,RMS=3pp Outcome-1 alternative,5950,-0.001699626533333387,0.9900151039512136
uniform_K4 / diffuse_PL,RMS=3pp Outcome-1 alternative,6000,-0.001699626533333387,0.9904836369578461
uniform_K4 / pilot_proportional,RMS=3pp Outcome-1 alternative,50,-0.001120728266666704,0.06147731953082026
uniform_K4 / pilot_proportional,RMS=3pp Outcome-1 alternative,100,-0.001120728266666704,0.07309781648766052
uniform_K4 / pilot_proportional,RMS=3pp Outcome-1 alternative,150,-0.001120728266666704,0.0848460896272673
uniform_K4 / pilot_proportional,RMS=3pp Outcome-1 alternative,200,-0.001120728266666704,0.0967073202599716
uniform_K4 / pilot_proportional,RMS=3pp Outcome-1 alternative,250,-0.001120728266666704,0.10866726108890036
uniform_K4 / pilot_proportional,RMS=3pp Outcome-1 alternative,300,-0.001120728266666704,0.12071222480144653
uniform_K4 / pilot_proportional,RMS=3pp Outcome-1 alternative,350,-0.001120728266666704,0.1328290724510716
uniform_K4 / pilot_proportional,RMS=3pp Outcome-1 alternative,400,-0.001120728266666704,0.1450052016651126
uniform_K4 / pilot_proportional,RMS=3pp Outcome-1 alternative,450,-0.001120728266666704,0.15722853471198164
uniform_K4 / pilot_proportional,RMS=3pp Outcome-1 alternative,500,-0.001120728266666704,0.16948750645896637
uniform_K4 / pilot_proportional,RMS=3pp Outcome-1 alternative,550,-0.001120728266666704,0.18177105224976783
uniform_K4 / pilot_proportional,RMS=3pp Outcome-1 alternative,600,-0.001120728266666704,0.19406859572893945
uniform_K4 / pilot_proportional,RMS=3pp Outcome-1 alternative,650,-0.001120728266666704,0.2063700366385135
uniform_K4 / pilot_proportional,RMS=3pp Outcome-1 alternative,700,-0.001120728266666704,0.21866573861031938
uniform_K4 / pilot_proportional,RMS=3pp Outcome-1 alternative,750,-0.001120728266666704,0.23094651697580243
uniform_K4 / pilot_proportional,RMS=3pp Outcome-1 alternative,800,-0.001120728266666704,0.24320362661354442
uniform_K4 / pilot_proportional,RMS=3pp Outcome-1 alternative,850,-0.001120728266666704,0.2554287498531594
uniform_K4 / pilot_proportional,RMS=3pp Outcome-1 alternative,900,-0.001120728266666704,0.2676139844527907
uniform_K4 / pilot_proportional,RMS=3pp Outcome-1 alternative,950,-0.001120728266666704,0.27975183166606243
uniform_K4 / pilot_proportional,RMS=3pp Outcome-1 alternative,1000,-0.001120728266666704,0.2918351844130398
uniform_K4 / pilot_proportional,RMS=3pp Outcome-1 alternative,1050,-0.001120728266666704,0.3038573155685187
uniform_K4 / pilot_proportional,RMS=3pp Outcome-1 alternative,1100,-0.001120728266666704,0.31581186637980646
uniform_K4 / pilot_proportional,RMS=3pp Outcome-1 alternative,1150,-0.001120728266666704,0.3276928350250483
uniform_K4 / pilot_proportional,RMS=3pp Outcome-1 alternative,1200,-0.001120728266666704,0.33949456532211864
uniform_K4 / pilot_proportional,RMS=3pp Outcome-1 alternative,1250,-0.001120728266666704,0.3512117355971141
uniform_K4 / pilot_proportional,RMS=3pp Outcome-1 alternative,1300,-0.001120728266666704,0.36283934772055804
uniform_K4 / pilot_proportional,RMS=3pp Outcome-1 alternative,1350,-0.001120728266666704,0.37437271631855334
uniform_K4 / pilot_proportional,RMS=3pp Outcome-1 alternative,1400,-0.001120728266666704,0.38580745816530054
uniform_K4 / pilot_proportional,RMS=3pp Outcome-1 alternative,1450,-0.001120728266666704,0.3971394817626232
uniform_K4 / pilot_proportional,RMS=3pp Outcome-1 alternative,1500,-0.001120728266666704,0.40836497711141545
uniform_K4 / pilot_proportional,RMS=3pp Outcome-1 alternative,1550,-0.001120728266666704,0.4194804056792438
uniform_K4 / pilot_proportional,RMS=3pp Outcome-1 alternative,1600,-0.001120728266666704,0.4304824905676966
uniform_K4 / pilot_proportional,RMS=3pp Outcome-1 alternative,1650,-0.001120728266666704,0.44136820688247136
uniform_K4 / pilot_proportional,RMS=3pp Outcome-1 alternative,1700,-0.001120728266666704,0.4521347723086282
uniform_K4 / pilot_proportional,RMS=3pp Outcome-1 alternative,1750,-0.001120728266666704,0.4627796378929169
uniform_K4 / pilot_proportional,RMS=3pp Outcome-1 alternative,1800,-0.001120728266666704,0.47330047903458466
uniform_K4 / pilot_proportional,RMS=3pp Outcome-1 alternative,1850,-0.001120728266666704,0.48369518668562517
uniform_K4 / pilot_proportional,RMS=3pp Outcome-1 alternative,1900,-0.001120728266666704,0.4939618587609925
uniform_K4 / pilot_proportional,RMS=3pp Outcome-1 alternative,1950,-0.001120728266666704,0.5040987917589148
uniform_K4 / pilot_proportional,RMS=3pp Outcome-1 alternative,2000,-0.001120728266666704,0.5141044725910714
uniform_K4 / pilot_proportional,RMS=3pp Outcome-1 alternative,2050,-0.001120728266666704,0.5239775706220524
uniform_K4 / pilot_proportional,RMS=3pp Outcome-1 alternative,2100,-0.001120728266666704,0.5337169299172128
uniform_K4 / pilot_proportional,RMS=3pp Outcome-1 alternative,2150,-0.001120728266666704,0.5433215616977307
uniform_K4 / pilot_proportional,RMS=3pp Outcome-1 alternative,2200,-0.001120728266666704,0.5527906370014217
uniform_K4 / pilot_proportional,RMS=3pp Outcome-1 alternative,2250,-0.001120728266666704,0.5621234795476057
uniform_K4 / pilot_proportional,RMS=3pp Outcome-1 alternative,2300,-0.001120728266666704,0.5713195588041032
uniform_K4 / pilot_proportional,RMS=3pp Outcome-1 alternative,2350,-0.001120728266666704,0.5803784832542284
uniform_K4 / pilot_proportional,RMS=3pp Outcome-1 alternative,2400,-0.001120728266666704,0.5892999938614542
uniform_K4 / pilot_proportional,RMS=3pp Outcome-1 alternative,2450,-0.001120728266666704,0.5980839577292674
uniform_K4 / pilot_proportional,RMS=3pp Outcome-1 alternative,2500,-0.001120728266666704,0.6067303619535601
uniform_K4 / pilot_proportional,RMS=3pp Outcome-1 alternative,2550,-0.001120728266666704,0.6152393076647781
uniform_K4 / pilot_proportional,RMS=3pp Outcome-1 alternative,2600,-0.001120728266666704,0.6236110042569168
uniform_K4 / pilot_proportional,RMS=3pp Outcome-1 alternative,2650,-0.001120728266666704,0.631845763800348
uniform_K4 / pilot_proportional,RMS=3pp Outcome-1 alternative,2700,-0.001120728266666704,0.6399439956353616
uniform_K4 / pilot_proportional,RMS=3pp Outcome-1 alternative,2750,-0.001120728266666704,0.6479062011432212
uniform_K4 / pilot_proportional,RMS=3pp Outcome-1 alternative,2800,-0.001120728266666704,0.6557329686914611
uniform_K4 / pilot_proportional,RMS=3pp Outcome-1 alternative,2850,-0.001120728266666704,0.6634249687500874
uniform_K4 / pilot_proportional,RMS=3pp Outcome-1 alternative,2900,-0.001120728266666704,0.6709829491752937
uniform_K4 / pilot_proportional,RMS=3pp Outcome-1 alternative,2950,-0.001120728266666704,0.678407730657259
uniform_K4 / pilot_proportional,RMS=3pp Outcome-1 alternative,3000,-0.001120728266666704,0.685700202328562
uniform_K4 / pilot_proportional,RMS=3pp Outcome-1 alternative,3050,-0.001120728266666704,0.6928613175297139
uniform_K4 / pilot_proportional,RMS=3pp Outcome-1 alternative,3100,-0.001120728266666704,0.6998920897283066
uniform_K4 / pilot_proportional,RMS=3pp Outcome-1 alternative,3150,-0.001120728266666704,0.7067935885882441
uniform_K4 / pilot_proportional,RMS=3pp Outcome-1 alternative,3200,-0.001120728266666704,0.7135669361855361
uniform_K4 / pilot_proportional,RMS=3pp Outcome-1 alternative,3250,-0.001120728266666704,0.7202133033671254
uniform_K4 / pilot_proportional,RMS=3pp Outcome-1 alternative,3300,-0.001120728266666704,0.7267339062492312
uniform_K4 / pilot_proportional,RMS=3pp Outcome-1 alternative,3350,-0.001120728266666704,0.7331300028517026
uniform_K4 / pilot_proportional,RMS=3pp Outcome-1 alternative,3400,-0.001120728266666704,0.7394028898648941
uniform_K4 / pilot_proportional,RMS=3pp Outcome-1 alternative,3450,-0.001120728266666704,0.7455538995455989
uniform_K4 / pilot_proportional,RMS=3pp Outcome-1 alternative,3500,-0.001120728266666704,0.7515843967385974
uniform_K4 / pilot_proportional,RMS=3pp Outcome-1 alternative,3550,-0.001120728266666704,0.7574957760204166
uniform_K4 / pilot_proportional,RMS=3pp Outcome-1 alternative,3600,-0.001120728266666704,0.7632894589619198
uniform_K4 / pilot_proportional,RMS=3pp Outcome-1 alternative,3650,-0.001120728266666704,0.7689668915063932
uniform_K4 / pilot_proportional,RMS=3pp Outcome-1 alternative,3700,-0.001120728266666704,0.7745295414598281
uniform_K4 / pilot_proportional,RMS=3pp Outcome-1 alternative,3750,-0.001120728266666704,0.779978896090143
uniform_K4 / pilot_proportional,RMS=3pp Outcome-1 alternative,3800,-0.001120728266666704,0.785316459832136
uniform_K4 / pilot_proportional,RMS=3pp Outcome-1 alternative,3850,-0.001120728266666704,0.790543752095002
uniform_K4 / pilot_proportional,RMS=3pp Outcome-1 alternative,3900,-0.001120728266666704,0.7956623051693024
uniform_K4 / pilot_proportional,RMS=3pp Outcome-1 alternative,3950,-0.001120728266666704,0.8006736622303181
uniform_K4 / pilot_proportional,RMS=3pp Outcome-1 alternative,4000,-0.001120728266666704,0.8055793754347806
uniform_K4 / pilot_proportional,RMS=3pp Outcome-1 alternative,4050,-0.001120728266666704,0.8103810041080145
uniform_K4 / pilot_proportional,RMS=3pp Outcome-1 alternative,4100,-0.001120728266666704,0.8150801130185943
uniform_K4 / pilot_proportional,RMS=3pp Outcome-1 alternative,4150,-0.001120728266666704,0.8196782707376619
uniform_K4 / pilot_proportional,RMS=3pp Outcome-1 alternative,4200,-0.001120728266666704,0.8241770480801149
uniform_K4 / pilot_proportional,RMS=3pp Outcome-1 alternative,4250,-0.001120728266666704,0.8285780166249277
uniform_K4 / pilot_proportional,RMS=3pp Outcome-1 alternative,4300,-0.001120728266666704,0.83288274731193
uniform_K4 / pilot_proportional,RMS=3pp Outcome-1 alternative,4350,-0.001120728266666704,0.8370928091124199
uniform_K4 / pilot_proportional,RMS=3pp Outcome-1 alternative,4400,-0.001120728266666704,0.841209767771049
uniform_K4 / pilot_proportional,RMS=3pp Outcome-1 alternative,4450,-0.001120728266666704,0.8452351846164775
uniform_K4 / pilot_proportional,RMS=3pp Outcome-1 alternative,4500,-0.001120728266666704,0.8491706154383495
uniform_K4 / pilot_proportional,RMS=3pp Outcome-1 alternative,4550,-0.001120728266666704,0.8530176094282028
uniform_K4 / pilot_proportional,RMS=3pp Outcome-1 alternative,4600,-0.001120728266666704,0.8567777081819822
uniform_K4 / pilot_proportional,RMS=3pp Outcome-1 alternative,4650,-0.001120728266666704,0.8604524447618821
uniform_K4 / pilot_proportional,RMS=3pp Outcome-1 alternative,4700,-0.001120728266666704,0.8640433428153068
uniform_K4 / pilot_proportional,RMS=3pp Outcome-1 alternative,4750,-0.001120728266666704,0.8675519157487855
uniform_K4 / pilot_proportional,RMS=3pp Outcome-1 alternative,4800,-0.001120728266666704,0.8709796659547427
uniform_K4 / pilot_proportional,RMS=3pp Outcome-1 alternative,4850,-0.001120728266666704,0.8743280840890785
uniform_K4 / pilot_proportional,RMS=3pp Outcome-1 alternative,4900,-0.001120728266666704,0.8775986483975665
uniform_K4 / pilot_proportional,RMS=3pp Outcome-1 alternative,4950,-0.001120728266666704,0.8807928240891361
uniform_K4 / pilot_proportional,RMS=3pp Outcome-1 alternative,5000,-0.001120728266666704,0.8839120627541528
uniform_K4 / pilot_proportional,RMS=3pp Outcome-1 alternative,5050,-0.001120728266666704,0.8869578018258752
uniform_K4 / pilot_proportional,RMS=3pp Outcome-1 alternative,5100,-0.001120728266666704,0.8899314640833068
uniform_K4 / pilot_proportional,RMS=3pp Outcome-1 alternative,5150,-0.001120728266666704,0.8928344571937223
uniform_K4 / pilot_proportional,RMS=3pp Outcome-1 alternative,5200,-0.001120728266666704,0.8956681732931955
uniform_K4 / pilot_proportional,RMS=3pp Outcome-1 alternative,5250,-0.001120728266666704,0.8984339886035053
uniform_K4 / pilot_proportional,RMS=3pp Outcome-1 alternative,5300,-0.001120728266666704,0.9011332630838478
uniform_K4 / pilot_proportional,RMS=3pp Outcome-1 alternative,5350,-0.001120728266666704,0.9037673401158299
uniform_K4 / pilot_proportional,RMS=3pp Outcome-1 alternative,5400,-0.001120728266666704,0.9063375462202672
uniform_K4 / pilot_proportional,RMS=3pp Outcome-1 alternative,5450,-0.001120728266666704,0.9088451908043566
uniform_K4 / pilot_proportional,RMS=3pp Outcome-1 alternative,5500,-0.001120728266666704,0.9112915659378388
uniform_K4 / pilot_proportional,RMS=3pp Outcome-1 alternative,5550,-0.001120728266666704,0.9136779461568116
uniform_K4 / pilot_proportional,RMS=3pp Outcome-1 alternative,5600,-0.001120728266666704,0.9160055882938991
uniform_K4 / pilot_proportional,RMS=3pp Outcome-1 alternative,5650,-0.001120728266666704,0.918275731333522
uniform_K4 / pilot_proportional,RMS=3pp Outcome-1 alternative,5700,-0.001120728266666704,0.9204895962910618
uniform_K4 / pilot_proportional,RMS=3pp Outcome-1 alternative,5750,-0.001120728266666704,0.9226483861147473
uniform_K4 / pilot_proportional,RMS=3pp Outcome-1 alternative,5800,-0.001120728266666704,0.9247532856091342
uniform_K4 / pilot_proportional,RMS=3pp Outcome-1 alternative,5850,-0.001120728266666704,0.9268054613790896
uniform_K4 / pilot_proportional,RMS=3pp Outcome-1 alternative,5900,-0.001120728266666704,0.9288060617932281
uniform_K4 / pilot_proportional,RMS=3pp Outcome-1 alternative,5950,-0.001120728266666704,0.9307562169657855
uniform_K4 / pilot_proportional,RMS=3pp Outcome-1 alternative,6000,-0.001120728266666704,0.9326570387559526
phase1_empirical / diffuse_PL,RMS=3pp Outcome-1 alternative,50,0.058480803466666675,0.5196019215863675
phase1_empirical / diffuse_PL,RMS=3pp Outcome-1 alternative,100,0.058480803466666675,0.810904269144086
phase1_empirical / diffuse_PL,RMS=3pp Outcome-1 alternative,150,0.058480803466666675,0.9357161926553987
phase1_empirical / diffuse_PL,RMS=3pp Outcome-1 alternative,200,0.058480803466666675,0.9802093439809073
phase1_empirical / diffuse_PL,RMS=3pp Outcome-1 alternative,250,0.058480803466666675,0.9943351044039344
phase1_empirical / diffuse_PL,RMS=3pp Outcome-1 alternative,300,0.058480803466666675,0.9984674340022373
phase1_empirical / diffuse_PL,RMS=3pp Outcome-1 alternative,350,0.058480803466666675,0.9996037832981366
phase1_empirical / diffuse_PL,RMS=3pp Outcome-1 alternative,400,0.058480803466666675,0.9999013407797995
phase1_empirical / diffuse_PL,RMS=3pp Outcome-1 alternative,450,0.058480803466666675,0.9999762011129735
phase1_empirical / diffuse_PL,RMS=3pp Outcome-1 alternative,500,0.058480803466666675,0.9999944137478533
phase1_empirical / diffuse_PL,RMS=3pp Outcome-1 alternative,550,0.058480803466666675,0.9999987195982417
phase1_empirical / diffuse_PL,RMS=3pp Outcome-1 alternative,600,0.058480803466666675,0.9999997126233962
phase1_empirical / diffuse_PL,RMS=3pp Outcome-1 alternative,650,0.058480803466666675,0.9999999366960256
phase1_empirical / diffuse_PL,RMS=3pp Outcome-1 alternative,700,0.058480803466666675,0.9999999862876917
phase1_empirical / diffuse_PL,RMS=3pp Outcome-1 alternative,750,0.058480803466666675,0.99999999707460685
phase1_empirical / diffuse_PL,RMS=3pp Outcome-1 alternative,800,0.058480803466666675,0.99999999938448
phase1_empirical / diffuse_PL,RMS=3pp Outcome-1 alternative,850,0.058480803466666675,0.9999999998721234
phase1_empirical / diffuse_PL,RMS=3pp Outcome-1 alternative,900,0.058480803466666675,0.9999999999737414
phase1_empirical / diffuse_PL,RMS=3pp Outcome-1 alternative,950,0.058480803466666675,0.9999999999946658
phase1_empirical / diffuse_PL,RMS=3pp Outcome-1 alternative,1000,0.058480803466666675,0.9999999999989272
phase1_empirical / diffuse_PL,RMS=3pp Outcome-1 alternative,1050,0.058480803466666675,0.9999999999997863
phase1_empirical / diffuse_PL,RMS=3pp Outcome-1 alternative,1100,0.058480803466666675,0.9999999999999578
phase1_empirical / diffuse_PL,RMS=3pp Outcome-1 alternative,1150,0.058480803466666675,0.9999999999999917
phase1_empirical / diffuse_PL,RMS=3pp Outcome-1 alternative,1200,0.058480803466666675,0.9999999999999984
phase1_empirical / diffuse_PL,RMS=3pp Outcome-1 alternative,1250,0.058480803466666675,0.9999999999999997
phase1_empirical / diffuse_PL,RMS=3pp Outcome-1 alternative,1300,0.058480803466666675,0.9999999999999999
phase1_empirical / diffuse_PL,RMS=3pp Outcome-1 alternative,1350,0.058480803466666675,1
phase1_empirical / diffuse_PL,RMS=3pp Outcome-1 alternative,1400,0.058480803466666675,1
phase1_empirical / diffuse_PL,RMS=3pp Outcome-1 alternative,1450,0.058480803466666675,1
phase1_empirical / diffuse_PL,RMS=3pp Outcome-1 alternative,1500,0.058480803466666675,1
phase1_empirical / diffuse_PL,RMS=3pp Outcome-1 alternative,1550,0.058480803466666675,1
phase1_empirical / diffuse_PL,RMS=3pp Outcome-1 alternative,1600,0.058480803466666675,1
phase1_empirical / diffuse_PL,RMS=3pp Outcome-1 alternative,1650,0.058480803466666675,1
phase1_empirical / diffuse_PL,RMS=3pp Outcome-1 alternative,1700,0.058480803466666675,1
phase1_empirical / diffuse_PL,RMS=3pp Outcome-1 alternative,1750,0.058480803466666675,1
phase1_empirical / diffuse_PL,RMS=3pp Outcome-1 alternative,1800,0.058480803466666675,1
phase1_empirical / diffuse_PL,RMS=3pp Outcome-1 alternative,1850,0.058480803466666675,1
phase1_empirical / diffuse_PL,RMS=3pp Outcome-1 alternative,1900,0.058480803466666675,1
phase1_empirical / diffuse_PL,RMS=3pp Outcome-1 alternative,1950,0.058480803466666675,1
phase1_empirical / diffuse_PL,RMS=3pp Outcome-1 alternative,2000,0.058480803466666675,1
phase1_empirical / diffuse_PL,RMS=3pp Outcome-1 alternative,2050,0.058480803466666675,1
phase1_empirical / diffuse_PL,RMS=3pp Outcome-1 alternative,2100,0.058480803466666675,1
phase1_empirical / diffuse_PL,RMS=3pp Outcome-1 alternative,2150,0.058480803466666675,1
phase1_empirical / diffuse_PL,RMS=3pp Outcome-1 alternative,2200,0.058480803466666675,1
phase1_empirical / diffuse_PL,RMS=3pp Outcome-1 alternative,2250,0.058480803466666675,1
phase1_empirical / diffuse_PL,RMS=3pp Outcome-1 alternative,2300,0.058480803466666675,1
phase1_empirical / diffuse_PL,RMS=3pp Outcome-1 alternative,2350,0.058480803466666675,1
phase1_empirical / diffuse_PL,RMS=3pp Outcome-1 alternative,2400,0.058480803466666675,1
phase1_empirical / diffuse_PL,RMS=3pp Outcome-1 alternative,2450,0.058480803466666675,1
phase1_empirical / diffuse_PL,RMS=3pp Outcome-1 alternative,2500,0.058480803466666675,1
phase1_empirical / diffuse_PL,RMS=3pp Outcome-1 alternative,2550,0.058480803466666675,1
phase1_empirical / diffuse_PL,RMS=3pp Outcome-1 alternative,2600,0.058480803466666675,1
phase1_empirical / diffuse_PL,RMS=3pp Outcome-1 alternative,2650,0.058480803466666675,1
phase1_empirical / diffuse_PL,RMS=3pp Outcome-1 alternative,2700,0.058480803466666675,1
phase1_empirical / diffuse_PL,RMS=3pp Outcome-1 alternative,2750,0.058480803466666675,1
phase1_empirical / diffuse_PL,RMS=3pp Outcome-1 alternative,2800,0.058480803466666675,1
phase1_empirical / diffuse_PL,RMS=3pp Outcome-1 alternative,2850,0.058480803466666675,1
phase1_empirical / diffuse_PL,RMS=3pp Outcome-1 alternative,2900,0.058480803466666675,1
phase1_empirical / diffuse_PL,RMS=3pp Outcome-1 alternative,2950,0.058480803466666675,1
phase1_empirical / diffuse_PL,RMS=3pp Outcome-1 alternative,3000,0.058480803466666675,1
phase1_empirical / diffuse_PL,RMS=3pp Outcome-1 alternative,3050,0.058480803466666675,1
phase1_empirical / diffuse_PL,RMS=3pp Outcome-1 alternative,3100,0.058480803466666675,1
phase1_empirical / diffuse_PL,RMS=3pp Outcome-1 alternative,3150,0.058480803466666675,1
phase1_empirical / diffuse_PL,RMS=3pp Outcome-1 alternative,3200,0.058480803466666675,1
phase1_empirical / diffuse_PL,RMS=3pp Outcome-1 alternative,3250,0.058480803466666675,1
phase1_empirical / diffuse_PL,RMS=3pp Outcome-1 alternative,3300,0.058480803466666675,1
phase1_empirical / diffuse_PL,RMS=3pp Outcome-1 alternative,3350,0.058480803466666675,1
phase1_empirical / diffuse_PL,RMS=3pp Outcome-1 alternative,3400,0.058480803466666675,1
phase1_empirical / diffuse_PL,RMS=3pp Outcome-1 alternative,3450,0.058480803466666675,1
phase1_empirical / diffuse_PL,RMS=3pp Outcome-1 alternative,3500,0.058480803466666675,1
phase1_empirical / diffuse_PL,RMS=3pp Outcome-1 alternative,3550,0.058480803466666675,1
phase1_empirical / diffuse_PL,RMS=3pp Outcome-1 alternative,3600,0.058480803466666675,1
phase1_empirical / diffuse_PL,RMS=3pp Outcome-1 alternative,3650,0.058480803466666675,1
phase1_empirical / diffuse_PL,RMS=3pp Outcome-1 alternative,3700,0.058480803466666675,1
phase1_empirical / diffuse_PL,RMS=3pp Outcome-1 alternative,3750,0.058480803466666675,1
phase1_empirical / diffuse_PL,RMS=3pp Outcome-1 alternative,3800,0.058480803466666675,1
phase1_empirical / diffuse_PL,RMS=3pp Outcome-1 alternative,3850,0.058480803466666675,1
phase1_empirical / diffuse_PL,RMS=3pp Outcome-1 alternative,3900,0.058480803466666675,1
phase1_empirical / diffuse_PL,RMS=3pp Outcome-1 alternative,3950,0.058480803466666675,1
phase1_empirical / diffuse_PL,RMS=3pp Outcome-1 alternative,4000,0.058480803466666675,1
phase1_empirical / diffuse_PL,RMS=3pp Outcome-1 alternative,4050,0.058480803466666675,1
phase1_empirical / diffuse_PL,RMS=3pp Outcome-1 alternative,4100,0.058480803466666675,1
phase1_empirical / diffuse_PL,RMS=3pp Outcome-1 alternative,4150,0.058480803466666675,1
phase1_empirical / diffuse_PL,RMS=3pp Outcome-1 alternative,4200,0.058480803466666675,1
phase1_empirical / diffuse_PL,RMS=3pp Outcome-1 alternative,4250,0.058480803466666675,1
phase1_empirical / diffuse_PL,RMS=3pp Outcome-1 alternative,4300,0.058480803466666675,1
phase1_empirical / diffuse_PL,RMS=3pp Outcome-1 alternative,4350,0.058480803466666675,1
phase1_empirical / diffuse_PL,RMS=3pp Outcome-1 alternative,4400,0.058480803466666675,1
phase1_empirical / diffuse_PL,RMS=3pp Outcome-1 alternative,4450,0.058480803466666675,1
phase1_empirical / diffuse_PL,RMS=3pp Outcome-1 alternative,4500,0.058480803466666675,1
phase1_empirical / diffuse_PL,RMS=3pp Outcome-1 alternative,4550,0.058480803466666675,1
phase1_empirical / diffuse_PL,RMS=3pp Outcome-1 alternative,4600,0.058480803466666675,1
phase1_empirical / diffuse_PL,RMS=3pp Outcome-1 alternative,4650,0.058480803466666675,1
phase1_empirical / diffuse_PL,RMS=3pp Outcome-1 alternative,4700,0.058480803466666675,1
phase1_empirical / diffuse_PL,RMS=3pp Outcome-1 alternative,4750,0.058480803466666675,1
phase1_empirical / diffuse_PL,RMS=3pp Outcome-1 alternative,4800,0.058480803466666675,1
phase1_empirical / diffuse_PL,RMS=3pp Outcome-1 alternative,4850,0.058480803466666675,1
phase1_empirical / diffuse_PL,RMS=3pp Outcome-1 alternative,4900,0.058480803466666675,1
phase1_empirical / diffuse_PL,RMS=3pp Outcome-1 alternative,4950,0.058480803466666675,1
phase1_empirical / diffuse_PL,RMS=3pp Outcome-1 alternative,5000,0.058480803466666675,1
phase1_empirical / diffuse_PL,RMS=3pp Outcome-1 alternative,5050,0.058480803466666675,1
phase1_empirical / diffuse_PL,RMS=3pp Outcome-1 alternative,5100,0.058480803466666675,1
phase1_empirical / diffuse_PL,RMS=3pp Outcome-1 alternative,5150,0.058480803466666675,1
phase1_empirical / diffuse_PL,RMS=3pp Outcome-1 alternative,5200,0.058480803466666675,1
phase1_empirical / diffuse_PL,RMS=3pp Outcome-1 alternative,5250,0.058480803466666675,1
phase1_empirical / diffuse_PL,RMS=3pp Outcome-1 alternative,5300,0.058480803466666675,1
phase1_empirical / diffuse_PL,RMS=3pp Outcome-1 alternative,5350,0.058480803466666675,1
phase1_empirical / diffuse_PL,RMS=3pp Outcome-1 alternative,5400,0.058480803466666675,1
phase1_empirical / diffuse_PL,RMS=3pp Outcome-1 alternative,5450,0.058480803466666675,1
phase1_empirical / diffuse_PL,RMS=3pp Outcome-1 alternative,5500,0.058480803466666675,1
phase1_empirical / diffuse_PL,RMS=3pp Outcome-1 alternative,5550,0.058480803466666675,1
phase1_empirical / diffuse_PL,RMS=3pp Outcome-1 alternative,5600,0.058480803466666675,1
phase1_empirical / diffuse_PL,RMS=3pp Outcome-1 alternative,5650,0.058480803466666675,1
phase1_empirical / diffuse_PL,RMS=3pp Outcome-1 alternative,5700,0.058480803466666675,1
phase1_empirical / diffuse_PL,RMS=3pp Outcome-1 alternative,5750,0.058480803466666675,1
phase1_empirical / diffuse_PL,RMS=3pp Outcome-1 alternative,5800,0.058480803466666675,1
phase1_empirical / diffuse_PL,RMS=3pp Outcome-1 alternative,5850,0.058480803466666675,1
phase1_empirical / diffuse_PL,RMS=3pp Outcome-1 alternative,5900,0.058480803466666675,1
phase1_empirical / diffuse_PL,RMS=3pp Outcome-1 alternative,5950,0.058480803466666675,1
phase1_empirical / diffuse_PL,RMS=3pp Outcome-1 alternative,6000,0.058480803466666675,1
phase1_empirical / pilot_proportional,RMS=3pp Outcome-1 alternative,50,1.7204386666663796e-4,0.05000247991819175
phase1_empirical / pilot_proportional,RMS=3pp Outcome-1 alternative,100,1.7204386666663796e-4,0.05000495984391263
phase1_empirical / pilot_proportional,RMS=3pp Outcome-1 alternative,150,1.7204386666663796e-4,0.05000743977716256
phase1_empirical / pilot_proportional,RMS=3pp Outcome-1 alternative,200,1.7204386666663796e-4,0.050009919717941366
phase1_empirical / pilot_proportional,RMS=3pp Outcome-1 alternative,250,1.7204386666663796e-4,0.050012399666248875
phase1_empirical / pilot_proportional,RMS=3pp Outcome-1 alternative,300,1.7204386666663796e-4,0.05001487962208492
phase1_empirical / pilot_proportional,RMS=3pp Outcome-1 alternative,350,1.7204386666663796e-4,0.05001735958544934
phase1_empirical / pilot_proportional,RMS=3pp Outcome-1 alternative,400,1.7204386666663796e-4,0.05001983955634196
phase1_empirical / pilot_proportional,RMS=3pp Outcome-1 alternative,450,1.7204386666663796e-4,0.05002231953476262
phase1_empirical / pilot_proportional,RMS=3pp Outcome-1 alternative,500,1.7204386666663796e-4,0.05002479952071115
phase1_empirical / pilot_proportional,RMS=3pp Outcome-1 alternative,550,1.7204386666663796e-4,0.05002727951418736
phase1_empirical / pilot_proportional,RMS=3pp Outcome-1 alternative,600,1.7204386666663796e-4,0.05002975951519111
phase1_empirical / pilot_proportional,RMS=3pp Outcome-1 alternative,650,1.7204386666663796e-4,0.050032239523722224
phase1_empirical / pilot_proportional,RMS=3pp Outcome-1 alternative,700,1.7204386666663796e-4,0.050034719539780545
phase1_empirical / pilot_proportional,RMS=3pp Outcome-1 alternative,750,1.7204386666663796e-4,0.050037199563365886
phase1_empirical / pilot_proportional,RMS=3pp Outcome-1 alternative,800,1.7204386666663796e-4,0.05003967959447809
phase1_empirical / pilot_proportional,RMS=3pp Outcome-1 alternative,850,1.7204386666663796e-4,0.05004215963311699
phase1_empirical / pilot_proportional,RMS=3pp Outcome-1 alternative,900,1.7204386666663796e-4,0.050044639679282424
phase1_empirical / pilot_proportional,RMS=3pp Outcome-1 alternative,950,1.7204386666663796e-4,0.050047119732974196
phase1_empirical / pilot_proportional,RMS=3pp Outcome-1 alternative,1000,1.7204386666663796e-4,0.05004959979419217
phase1_empirical / pilot_proportional,RMS=3pp Outcome-1 alternative,1050,1.7204386666663796e-4,0.050052079862936166
phase1_empirical / pilot_proportional,RMS=3pp Outcome-1 alternative,1100,1.7204386666663796e-4,0.050054559939206024
phase1_empirical / pilot_proportional,RMS=3pp Outcome-1 alternative,1150,1.7204386666663796e-4,0.050057040023001556
phase1_empirical / pilot_proportional,RMS=3pp Outcome-1 alternative,1200,1.7204386666663796e-4,0.05005952011432263
phase1_empirical / pilot_proportional,RMS=3pp Outcome-1 alternative,1250,1.7204386666663796e-4,0.050062000213169026
phase1_empirical / pilot_proportional,RMS=3pp Outcome-1 alternative,1300,1.7204386666663796e-4,0.050064480319540625
phase1_empirical / pilot_proportional,RMS=3pp Outcome-1 alternative,1350,1.7204386666663796e-4,0.05006696043343724
phase1_empirical / pilot_proportional,RMS=3pp Outcome-1 alternative,1400,1.7204386666663796e-4,0.0500694405548587
phase1_empirical / pilot_proportional,RMS=3pp Outcome-1 alternative,1450,1.7204386666663796e-4,0.05007192068380485
phase1_empirical / pilot_proportional,RMS=3pp Outcome-1 alternative,1500,1.7204386666663796e-4,0.0500744008202755
phase1_empirical / pilot_proportional,RMS=3pp Outcome-1 alternative,1550,1.7204386666663796e-4,0.0500768809642705
phase1_empirical / pilot_proportional,RMS=3pp Outcome-1 alternative,1600,1.7204386666663796e-4,0.050079361115789686
phase1_empirical / pilot_proportional,RMS=3pp Outcome-1 alternative,1650,1.7204386666663796e-4,0.050081841274832874
phase1_empirical / pilot_proportional,RMS=3pp Outcome-1 alternative,1700,1.7204386666663796e-4,0.0500843214413999
phase1_empirical / pilot_proportional,RMS=3pp Outcome-1 alternative,1750,1.7204386666663796e-4,0.05008680161549062
phase1_empirical / pilot_proportional,RMS=3pp Outcome-1 alternative,1800,1.7204386666663796e-4,0.050089281797104826
phase1_empirical / pilot_proportional,RMS=3pp Outcome-1 alternative,1850,1.7204386666663796e-4,0.05009176198624239
phase1_empirical / pilot_proportional,RMS=3pp Outcome-1 alternative,1900,1.7204386666663796e-4,0.05009424218290312
phase1_empirical / pilot_proportional,RMS=3pp Outcome-1 alternative,1950,1.7204386666663796e-4,0.05009672238708686
phase1_empirical / pilot_proportional,RMS=3pp Outcome-1 alternative,2000,1.7204386666663796e-4,0.05009920259879341
phase1_empirical / pilot_proportional,RMS=3pp Outcome-1 alternative,2050,1.7204386666663796e-4,0.05010168281802265
phase1_empirical / pilot_proportional,RMS=3pp Outcome-1 alternative,2100,1.7204386666663796e-4,0.0501041630447744
phase1_empirical / pilot_proportional,RMS=3pp Outcome-1 alternative,2150,1.7204386666663796e-4,0.050106643279048464
phase1_empirical / pilot_proportional,RMS=3pp Outcome-1 alternative,2200,1.7204386666663796e-4,0.050109123520844706
phase1_empirical / pilot_proportional,RMS=3pp Outcome-1 alternative,2250,1.7204386666663796e-4,0.050111603770162966
phase1_empirical / pilot_proportional,RMS=3pp Outcome-1 alternative,2300,1.7204386666663796e-4,0.05011408402700303
phase1_empirical / pilot_proportional,RMS=3pp Outcome-1 alternative,2350,1.7204386666663796e-4,0.05011656429136477
phase1_empirical / pilot_proportional,RMS=3pp Outcome-1 alternative,2400,1.7204386666663796e-4,0.05011904456324799
phase1_empirical / pilot_proportional,RMS=3pp Outcome-1 alternative,2450,1.7204386666663796e-4,0.05012152484265256
phase1_empirical / pilot_proportional,RMS=3pp Outcome-1 alternative,2500,1.7204386666663796e-4,0.050124005129578264
phase1_empirical / pilot_proportional,RMS=3pp Outcome-1 alternative,2550,1.7204386666663796e-4,0.050126485424024966
phase1_empirical / pilot_proportional,RMS=3pp Outcome-1 alternative,2600,1.7204386666663796e-4,0.050128965725992514
phase1_empirical / pilot_proportional,RMS=3pp Outcome-1 alternative,2650,1.7204386666663796e-4,0.05013144603548071
phase1_empirical / pilot_proportional,RMS=3pp Outcome-1 alternative,2700,1.7204386666663796e-4,0.050133926352489394
phase1_empirical / pilot_proportional,RMS=3pp Outcome-1 alternative,2750,1.7204386666663796e-4,0.050136406677018394
phase1_empirical / pilot_proportional,RMS=3pp Outcome-1 alternative,2800,1.7204386666663796e-4,0.05013888700906756
phase1_empirical / pilot_proportional,RMS=3pp Outcome-1 alternative,2850,1.7204386666663796e-4,0.05014136734863672
phase1_empirical / pilot_proportional,RMS=3pp Outcome-1 alternative,2900,1.7204386666663796e-4,0.05014384769572567
phase1_empirical / pilot_proportional,RMS=3pp Outcome-1 alternative,2950,1.7204386666663796e-4,0.050146328050334296
phase1_empirical / pilot_proportional,RMS=3pp Outcome-1 alternative,3000,1.7204386666663796e-4,0.050148808412462394
phase1_empirical / pilot_proportional,RMS=3pp Outcome-1 alternative,3050,1.7204386666663796e-4,0.05015128878210981
phase1_empirical / pilot_proportional,RMS=3pp Outcome-1 alternative,3100,1.7204386666663796e-4,0.050153769159276385
phase1_empirical / pilot_proportional,RMS=3pp Outcome-1 alternative,3150,1.7204386666663796e-4,0.05015624954396192
phase1_empirical / pilot_proportional,RMS=3pp Outcome-1 alternative,3200,1.7204386666663796e-4,0.05015872993616631
phase1_empirical / pilot_proportional,RMS=3pp Outcome-1 alternative,3250,1.7204386666663796e-4,0.0501612103358893
phase1_empirical / pilot_proportional,RMS=3pp Outcome-1 alternative,3300,1.7204386666663796e-4,0.05016369074313078
phase1_empirical / pilot_proportional,RMS=3pp Outcome-1 alternative,3350,1.7204386666663796e-4,0.05016617115789058
phase1_empirical / pilot_proportional,RMS=3pp Outcome-1 alternative,3400,1.7204386666663796e-4,0.05016865158016852
phase1_empirical / pilot_proportional,RMS=3pp Outcome-1 alternative,3450,1.7204386666663796e-4,0.050171132009964446
phase1_empirical / pilot_proportional,RMS=3pp Outcome-1 alternative,3500,1.7204386666663796e-4,0.05017361244727817
phase1_empirical / pilot_proportional,RMS=3pp Outcome-1 alternative,3550,1.7204386666663796e-4,0.05017609289210952
phase1_empirical / pilot_proportional,RMS=3pp Outcome-1 alternative,3600,1.7204386666663796e-4,0.050178573344458355
phase1_empirical / pilot_proportional,RMS=3pp Outcome-1 alternative,3650,1.7204386666663796e-4,0.0501810538043245
phase1_empirical / pilot_proportional,RMS=3pp Outcome-1 alternative,3700,1.7204386666663796e-4,0.05018353427170778
phase1_empirical / pilot_proportional,RMS=3pp Outcome-1 alternative,3750,1.7204386666663796e-4,0.05018601474660804
phase1_empirical / pilot_proportional,RMS=3pp Outcome-1 alternative,3800,1.7204386666663796e-4,0.050188495229025076
phase1_empirical / pilot_proportional,RMS=3pp Outcome-1 alternative,3850,1.7204386666663796e-4,0.05019097571895874
phase1_empirical / pilot_proportional,RMS=3pp Outcome-1 alternative,3900,1.7204386666663796e-4,0.05019345621640889
phase1_empirical / pilot_proportional,RMS=3pp Outcome-1 alternative,3950,1.7204386666663796e-4,0.05019593672137535
phase1_empirical / pilot_proportional,RMS=3pp Outcome-1 alternative,4000,1.7204386666663796e-4,0.05019841723385794
phase1_empirical / pilot_proportional,RMS=3pp Outcome-1 alternative,4050,1.7204386666663796e-4,0.050200897753856485
phase1_empirical / pilot_proportional,RMS=3pp Outcome-1 alternative,4100,1.7204386666663796e-4,0.050203378281370836
phase1_empirical / pilot_proportional,RMS=3pp Outcome-1 alternative,4150,1.7204386666663796e-4,0.0502058588164008
phase1_empirical / pilot_proportional,RMS=3pp Outcome-1 alternative,4200,1.7204386666663796e-4,0.05020833935894623
phase1_empirical / pilot_proportional,RMS=3pp Outcome-1 alternative,4250,1.7204386666663796e-4,0.05021081990900696
phase1_empirical / pilot_proportional,RMS=3pp Outcome-1 alternative,4300,1.7204386666663796e-4,0.050213300466582796
phase1_empirical / pilot_proportional,RMS=3pp Outcome-1 alternative,4350,1.7204386666663796e-4,0.0502157810316736
phase1_empirical / pilot_proportional,RMS=3pp Outcome-1 alternative,4400,1.7204386666663796e-4,0.0502182616042792
phase1_empirical / pilot_proportional,RMS=3pp Outcome-1 alternative,4450,1.7204386666663796e-4,0.050220742184399404
phase1_empirical / pilot_proportional,RMS=3pp Outcome-1 alternative,4500,1.7204386666663796e-4,0.0502232227720341
phase1_empirical / pilot_proportional,RMS=3pp Outcome-1 alternative,4550,1.7204386666663796e-4,0.050225703367183086
phase1_empirical / pilot_proportional,RMS=3pp Outcome-1 alternative,4600,1.7204386666663796e-4,0.05022818396984617
phase1_empirical / pilot_proportional,RMS=3pp Outcome-1 alternative,4650,1.7204386666663796e-4,0.050230664580023204
phase1_empirical / pilot_proportional,RMS=3pp Outcome-1 alternative,4700,1.7204386666663796e-4,0.05023314519771403
phase1_empirical / pilot_proportional,RMS=3pp Outcome-1 alternative,4750,1.7204386666663796e-4,0.05023562582291846
phase1_empirical / pilot_proportional,RMS=3pp Outcome-1 alternative,4800,1.7204386666663796e-4,0.05023810645563634
phase1_empirical / pilot_proportional,RMS=3pp Outcome-1 alternative,4850,1.7204386666663796e-4,0.05024058709586754
phase1_empirical / pilot_proportional,RMS=3pp Outcome-1 alternative,4900,1.7204386666663796e-4,0.05024306774361182
phase1_empirical / pilot_proportional,RMS=3pp Outcome-1 alternative,4950,1.7204386666663796e-4,0.05024554839886905
phase1_empirical / pilot_proportional,RMS=3pp Outcome-1 alternative,5000,1.7204386666663796e-4,0.05024802906163908
phase1_empirical / pilot_proportional,RMS=3pp Outcome-1 alternative,5050,1.7204386666663796e-4,0.05025050973192169
phase1_empirical / pilot_proportional,RMS=3pp Outcome-1 alternative,5100,1.7204386666663796e-4,0.050252990409716786
phase1_empirical / pilot_proportional,RMS=3pp Outcome-1 alternative,5150,1.7204386666663796e-4,0.05025547109502411
phase1_empirical / pilot_proportional,RMS=3pp Outcome-1 alternative,5200,1.7204386666663796e-4,0.050257951787843584
phase1_empirical / pilot_proportional,RMS=3pp Outcome-1 alternative,5250,1.7204386666663796e-4,0.050260432488174966
phase1_empirical / pilot_proportional,RMS=3pp Outcome-1 alternative,5300,1.7204386666663796e-4,0.05026291319601815
phase1_empirical / pilot_proportional,RMS=3pp Outcome-1 alternative,5350,1.7204386666663796e-4,0.05026539391137293
phase1_empirical / pilot_proportional,RMS=3pp Outcome-1 alternative,5400,1.7204386666663796e-4,0.050267874634239144
phase1_empirical / pilot_proportional,RMS=3pp Outcome-1 alternative,5450,1.7204386666663796e-4,0.050270355364616645
phase1_empirical / pilot_proportional,RMS=3pp Outcome-1 alternative,5500,1.7204386666663796e-4,0.05027283610250523
phase1_empirical / pilot_proportional,RMS=3pp Outcome-1 alternative,5550,1.7204386666663796e-4,0.05027531684790476
phase1_empirical / pilot_proportional,RMS=3pp Outcome-1 alternative,5600,1.7204386666663796e-4,0.05027779760081505
phase1_empirical / pilot_proportional,RMS=3pp Outcome-1 alternative,5650,1.7204386666663796e-4,0.050280278361235956
phase1_empirical / pilot_proportional,RMS=3pp Outcome-1 alternative,5700,1.7204386666663796e-4,0.050282759129167305
phase1_empirical / pilot_proportional,RMS=3pp Outcome-1 alternative,5750,1.7204386666663796e-4,0.050285239904608904
phase1_empirical / pilot_proportional,RMS=3pp Outcome-1 alternative,5800,1.7204386666663796e-4,0.0502877206875606
phase1_empirical / pilot_proportional,RMS=3pp Outcome-1 alternative,5850,1.7204386666663796e-4,0.05029020147802223
phase1_empirical / pilot_proportional,RMS=3pp Outcome-1 alternative,5900,1.7204386666663796e-4,0.050292682275993636
phase1_empirical / pilot_proportional,RMS=3pp Outcome-1 alternative,5950,1.7204386666663796e-4,0.05029516308147461
phase1_empirical / pilot_proportional,RMS=3pp Outcome-1 alternative,6000,1.7204386666663796e-4,0.050297643894465026
uniform_K4 / Δ=3pp,Direct Δ target,50,-0.030282989600000032,0.4155677537699212
uniform_K4 / Δ=3pp,Direct Δ target,100,-0.030282989600000032,0.6949397013041426
uniform_K4 / Δ=3pp,Direct Δ target,150,-0.030282989600000032,0.8565565510519205
uniform_K4 / Δ=3pp,Direct Δ target,200,-0.030282989600000032,0.9373539646040437
uniform_K4 / Δ=3pp,Direct Δ target,250,-0.030282989600000032,0.9741254286859485
uniform_K4 / Δ=3pp,Direct Δ target,300,-0.030282989600000032,0.9897738421631689
uniform_K4 / Δ=3pp,Direct Δ target,350,-0.030282989600000032,0.9961011461155608
uniform_K4 / Δ=3pp,Direct Δ target,400,-0.030282989600000032,0.9985575329143259
uniform_K4 / Δ=3pp,Direct Δ target,450,-0.030282989600000032,0.999479828260811
uniform_K4 / Δ=3pp,Direct Δ target,500,-0.030282989600000032,0.9998165347369331
uniform_K4 / Δ=3pp,Direct Δ target,550,-0.030282989600000032,0.9999365380263615
uniform_K4 / Δ=3pp,Direct Δ target,600,-0.030282989600000032,0.9999784232273895
uniform_K4 / Δ=3pp,Direct Δ target,650,-0.030282989600000032,0.9999927762404986
uniform_K4 / Δ=3pp,Direct Δ target,700,-0.030282989600000032,0.9999976149136003
uniform_K4 / Δ=3pp,Direct Δ target,750,-0.030282989600000032,0.9999992223808392
uniform_K4 / Δ=3pp,Direct Δ target,800,-0.030282989600000032,0.9999997493726676
uniform_K4 / Δ=3pp,Direct Δ target,850,-0.030282989600000032,0.999999920071884
uniform_K4 / Δ=3pp,Direct Δ target,900,-0.030282989600000032,0.999999974757184
uniform_K4 / Δ=3pp,Direct Δ target,950,-0.030282989600000032,0.99999999209947
uniform_K4 / Δ=3pp,Direct Δ target,1000,-0.030282989600000032,0.9999999975479404
uniform_K4 / Δ=3pp,Direct Δ target,1050,-0.030282989600000032,0.9999999992448952
uniform_K4 / Δ=3pp,Direct Δ target,1100,-0.030282989600000032,0.999999999769164
uniform_K4 / Δ=3pp,Direct Δ target,1150,-0.030282989600000032,0.9999999999299165
uniform_K4 / Δ=3pp,Direct Δ target,1200,-0.030282989600000032,0.9999999999788592
uniform_K4 / Δ=3pp,Direct Δ target,1250,-0.030282989600000032,0.9999999999936616
uniform_K4 / Δ=3pp,Direct Δ target,1300,-0.030282989600000032,0.9999999999981105
uniform_K4 / Δ=3pp,Direct Δ target,1350,-0.030282989600000032,0.9999999999994398
uniform_K4 / Δ=3pp,Direct Δ target,1400,-0.030282989600000032,0.9999999999998348
uniform_K4 / Δ=3pp,Direct Δ target,1450,-0.030282989600000032,0.9999999999999515
uniform_K4 / Δ=3pp,Direct Δ target,1500,-0.030282989600000032,0.9999999999999858
uniform_K4 / Δ=3pp,Direct Δ target,1550,-0.030282989600000032,0.9999999999999959
uniform_K4 / Δ=3pp,Direct Δ target,1600,-0.030282989600000032,0.9999999999999988
uniform_K4 / Δ=3pp,Direct Δ target,1650,-0.030282989600000032,0.9999999999999997
uniform_K4 / Δ=3pp,Direct Δ target,1700,-0.030282989600000032,0.9999999999999999
uniform_K4 / Δ=3pp,Direct Δ target,1750,-0.030282989600000032,1
uniform_K4 / Δ=3pp,Direct Δ target,1800,-0.030282989600000032,1
uniform_K4 / Δ=3pp,Direct Δ target,1850,-0.030282989600000032,1
uniform_K4 / Δ=3pp,Direct Δ target,1900,-0.030282989600000032,1
uniform_K4 / Δ=3pp,Direct Δ target,1950,-0.030282989600000032,1
uniform_K4 / Δ=3pp,Direct Δ target,2000,-0.030282989600000032,1
uniform_K4 / Δ=3pp,Direct Δ target,2050,-0.030282989600000032,1
uniform_K4 / Δ=3pp,Direct Δ target,2100,-0.030282989600000032,1
uniform_K4 / Δ=3pp,Direct Δ target,2150,-0.030282989600000032,1
uniform_K4 / Δ=3pp,Direct Δ target,2200,-0.030282989600000032,1
uniform_K4 / Δ=3pp,Direct Δ target,2250,-0.030282989600000032,1
uniform_K4 / Δ=3pp,Direct Δ target,2300,-0.030282989600000032,1
uniform_K4 / Δ=3pp,Direct Δ target,2350,-0.030282989600000032,1
uniform_K4 / Δ=3pp,Direct Δ target,2400,-0.030282989600000032,1
uniform_K4 / Δ=3pp,Direct Δ target,2450,-0.030282989600000032,1
uniform_K4 / Δ=3pp,Direct Δ target,2500,-0.030282989600000032,1
uniform_K4 / Δ=3pp,Direct Δ target,2550,-0.030282989600000032,1
uniform_K4 / Δ=3pp,Direct Δ target,2600,-0.030282989600000032,1
uniform_K4 / Δ=3pp,Direct Δ target,2650,-0.030282989600000032,1
uniform_K4 / Δ=3pp,Direct Δ target,2700,-0.030282989600000032,1
uniform_K4 / Δ=3pp,Direct Δ target,2750,-0.030282989600000032,1
uniform_K4 / Δ=3pp,Direct Δ target,2800,-0.030282989600000032,1
uniform_K4 / Δ=3pp,Direct Δ target,2850,-0.030282989600000032,1
uniform_K4 / Δ=3pp,Direct Δ target,2900,-0.030282989600000032,1
uniform_K4 / Δ=3pp,Direct Δ target,2950,-0.030282989600000032,1
uniform_K4 / Δ=3pp,Direct Δ target,3000,-0.030282989600000032,1
uniform_K4 / Δ=3pp,Direct Δ target,3050,-0.030282989600000032,1
uniform_K4 / Δ=3pp,Direct Δ target,3100,-0.030282989600000032,1
uniform_K4 / Δ=3pp,Direct Δ target,3150,-0.030282989600000032,1
uniform_K4 / Δ=3pp,Direct Δ target,3200,-0.030282989600000032,1
uniform_K4 / Δ=3pp,Direct Δ target,3250,-0.030282989600000032,1
uniform_K4 / Δ=3pp,Direct Δ target,3300,-0.030282989600000032,1
uniform_K4 / Δ=3pp,Direct Δ target,3350,-0.030282989600000032,1
uniform_K4 / Δ=3pp,Direct Δ target,3400,-0.030282989600000032,1
uniform_K4 / Δ=3pp,Direct Δ target,3450,-0.030282989600000032,1
uniform_K4 / Δ=3pp,Direct Δ target,3500,-0.030282989600000032,1
uniform_K4 / Δ=3pp,Direct Δ target,3550,-0.030282989600000032,1
uniform_K4 / Δ=3pp,Direct Δ target,3600,-0.030282989600000032,1
uniform_K4 / Δ=3pp,Direct Δ target,3650,-0.030282989600000032,1
uniform_K4 / Δ=3pp,Direct Δ target,3700,-0.030282989600000032,1
uniform_K4 / Δ=3pp,Direct Δ target,3750,-0.030282989600000032,1
uniform_K4 / Δ=3pp,Direct Δ target,3800,-0.030282989600000032,1
uniform_K4 / Δ=3pp,Direct Δ target,3850,-0.030282989600000032,1
uniform_K4 / Δ=3pp,Direct Δ target,3900,-0.030282989600000032,1
uniform_K4 / Δ=3pp,Direct Δ target,3950,-0.030282989600000032,1
uniform_K4 / Δ=3pp,Direct Δ target,4000,-0.030282989600000032,1
uniform_K4 / Δ=3pp,Direct Δ target,4050,-0.030282989600000032,1
uniform_K4 / Δ=3pp,Direct Δ target,4100,-0.030282989600000032,1
uniform_K4 / Δ=3pp,Direct Δ target,4150,-0.030282989600000032,1
uniform_K4 / Δ=3pp,Direct Δ target,4200,-0.030282989600000032,1
uniform_K4 / Δ=3pp,Direct Δ target,4250,-0.030282989600000032,1
uniform_K4 / Δ=3pp,Direct Δ target,4300,-0.030282989600000032,1
uniform_K4 / Δ=3pp,Direct Δ target,4350,-0.030282989600000032,1
uniform_K4 / Δ=3pp,Direct Δ target,4400,-0.030282989600000032,1
uniform_K4 / Δ=3pp,Direct Δ target,4450,-0.030282989600000032,1
uniform_K4 / Δ=3pp,Direct Δ target,4500,-0.030282989600000032,1
uniform_K4 / Δ=3pp,Direct Δ target,4550,-0.030282989600000032,1
uniform_K4 / Δ=3pp,Direct Δ target,4600,-0.030282989600000032,1
uniform_K4 / Δ=3pp,Direct Δ target,4650,-0.030282989600000032,1
uniform_K4 / Δ=3pp,Direct Δ target,4700,-0.030282989600000032,1
uniform_K4 / Δ=3pp,Direct Δ target,4750,-0.030282989600000032,1
uniform_K4 / Δ=3pp,Direct Δ target,4800,-0.030282989600000032,1
uniform_K4 / Δ=3pp,Direct Δ target,4850,-0.030282989600000032,1
uniform_K4 / Δ=3pp,Direct Δ target,4900,-0.030282989600000032,1
uniform_K4 / Δ=3pp,Direct Δ target,4950,-0.030282989600000032,1
uniform_K4 / Δ=3pp,Direct Δ target,5000,-0.030282989600000032,1
uniform_K4 / Δ=3pp,Direct Δ target,5050,-0.030282989600000032,1
uniform_K4 / Δ=3pp,Direct Δ target,5100,-0.030282989600000032,1
uniform_K4 / Δ=3pp,Direct Δ target,5150,-0.030282989600000032,1
uniform_K4 / Δ=3pp,Direct Δ target,5200,-0.030282989600000032,1
uniform_K4 / Δ=3pp,Direct Δ target,5250,-0.030282989600000032,1
uniform_K4 / Δ=3pp,Direct Δ target,5300,-0.030282989600000032,1
uniform_K4 / Δ=3pp,Direct Δ target,5350,-0.030282989600000032,1
uniform_K4 / Δ=3pp,Direct Δ target,5400,-0.030282989600000032,1
uniform_K4 / Δ=3pp,Direct Δ target,5450,-0.030282989600000032,1
uniform_K4 / Δ=3pp,Direct Δ target,5500,-0.030282989600000032,1
uniform_K4 / Δ=3pp,Direct Δ target,5550,-0.030282989600000032,1
uniform_K4 / Δ=3pp,Direct Δ target,5600,-0.030282989600000032,1
uniform_K4 / Δ=3pp,Direct Δ target,5650,-0.030282989600000032,1
uniform_K4 / Δ=3pp,Direct Δ target,5700,-0.030282989600000032,1
uniform_K4 / Δ=3pp,Direct Δ target,5750,-0.030282989600000032,1
uniform_K4 / Δ=3pp,Direct Δ target,5800,-0.030282989600000032,1
uniform_K4 / Δ=3pp,Direct Δ target,5850,-0.030282989600000032,1
uniform_K4 / Δ=3pp,Direct Δ target,5900,-0.030282989600000032,1
uniform_K4 / Δ=3pp,Direct Δ target,5950,-0.030282989600000032,1
uniform_K4 / Δ=3pp,Direct Δ target,6000,-0.030282989600000032,1
phase1_empirical / Δ=3pp,Direct Δ target,50,-0.02962149306666667,0.11857122183915299
phase1_empirical / Δ=3pp,Direct Δ target,100,-0.02962149306666667,0.1897072973134169
phase1_empirical / Δ=3pp,Direct Δ target,150,-0.02962149306666667,0.26113863758013883
phase1_empirical / Δ=3pp,Direct Δ target,200,-0.02962149306666667,0.33113389940281907
phase1_empirical / Δ=3pp,Direct Δ target,250,-0.02962149306666667,0.39841984688584736
phase1_empirical / Δ=3pp,Direct Δ target,300,-0.02962149306666667,0.46210512757313993
phase1_empirical / Δ=3pp,Direct Δ target,350,-0.02962149306666667,0.5216103922743923
phase1_empirical / Δ=3pp,Direct Δ target,400,-0.02962149306666667,0.5766060204858564
phase1_empirical / Δ=3pp,Direct Δ target,450,-0.02962149306666667,0.6269578982865527
phase1_empirical / Δ=3pp,Direct Δ target,500,-0.02962149306666667,0.672681147314393
phase1_empirical / Δ=3pp,Direct Δ target,550,-0.02962149306666667,0.7139013536339034
phase1_empirical / Δ=3pp,Direct Δ target,600,-0.02962149306666667,0.7508226404388998
phase1_empirical / Δ=3pp,Direct Δ target,650,-0.02962149306666667,0.7837018270879244
phase1_empirical / Δ=3pp,Direct Δ target,700,-0.02962149306666667,0.812827887224814
phase1_empirical / Δ=3pp,Direct Δ target,750,-0.02962149306666667,0.8385059367990344
phase1_empirical / Δ=3pp,Direct Δ target,800,-0.02962149306666667,0.8610450309711376
phase1_empirical / Δ=3pp,Direct Δ target,850,-0.02962149306666667,0.8807491143068826
phase1_empirical / Δ=3pp,Direct Δ target,900,-0.02962149306666667,0.8979105422004707
phase1_empirical / Δ=3pp,Direct Δ target,950,-0.02962149306666667,0.9128056668350295
phase1_empirical / Δ=3pp,Direct Δ target,1000,-0.02962149306666667,0.9256920540295906
phase1_empirical / Δ=3pp,Direct Δ target,1050,-0.02962149306666667,0.9368069654507364
phase1_empirical / Δ=3pp,Direct Δ target,1100,-0.02962149306666667,0.9463668024351627
phase1_empirical / Δ=3pp,Direct Δ target,1150,-0.02962149306666667,0.954567262430904
phase1_empirical / Δ=3pp,Direct Δ target,1200,-0.02962149306666667,0.9615840067238199
phase1_empirical / Δ=3pp,Direct Δ target,1250,-0.02962149306666667,0.9675736789366483
phase1_empirical / Δ=3pp,Direct Δ target,1300,-0.02962149306666667,0.9726751482563468
phase1_empirical / Δ=3pp,Direct Δ target,1350,-0.02962149306666667,0.9770108800688695
phase1_empirical / Δ=3pp,Direct Δ target,1400,-0.02962149306666667,0.9806883603170884
phase1_empirical / Δ=3pp,Direct Δ target,1450,-0.02962149306666667,0.9838015191085124
phase1_empirical / Δ=3pp,Direct Δ target,1500,-0.02962149306666667,0.9864321145178625
phase1_empirical / Δ=3pp,Direct Δ target,1550,-0.02962149306666667,0.9886510497414561
phase1_empirical / Δ=3pp,Direct Δ target,1600,-0.02962149306666667,0.9905196062946308
phase1_empirical / Δ=3pp,Direct Δ target,1650,-0.02962149306666667,0.9920905832678039
phase1_empirical / Δ=3pp,Direct Δ target,1700,-0.02962149306666667,0.9934093381780084
phase1_empirical / Δ=3pp,Direct Δ target,1750,-0.02962149306666667,0.9945147290195289
phase1_empirical / Δ=3pp,Direct Δ target,1800,-0.02962149306666667,0.9954399600246839
phase1_empirical / Δ=3pp,Direct Δ target,1850,-0.02962149306666667,0.996213335640642
phase1_empirical / Δ=3pp,Direct Δ target,1900,-0.02962149306666667,0.9968589285145777
phase1_empirical / Δ=3pp,Direct Δ target,1950,-0.02962149306666667,0.9973971680245496
phase1_empirical / Δ=3pp,Direct Δ target,2000,-0.02962149306666667,0.9978453562324804
phase1_empirical / Δ=3pp,Direct Δ target,2050,-0.02962149306666667,0.9982181181769513
phase1_empirical / Δ=3pp,Direct Δ target,2100,-0.02962149306666667,0.9985277932529891
phase1_empirical / Δ=3pp,Direct Δ target,2150,-0.02962149306666667,0.9987847741108036
phase1_empirical / Δ=3pp,Direct Δ target,2200,-0.02962149306666667,0.9989977990973551
phase1_empirical / Δ=3pp,Direct Δ target,2250,-0.02962149306666667,0.9991742038030954
phase1_empirical / Δ=3pp,Direct Δ target,2300,-0.02962149306666667,0.9993201367906039
phase1_empirical / Δ=3pp,Direct Δ target,2350,-0.02962149306666667,0.9994407440935685
phase1_empirical / Δ=3pp,Direct Δ target,2400,-0.02962149306666667,0.999540326598783
phase1_empirical / Δ=3pp,Direct Δ target,2450,-0.02962149306666667,0.9996224739708198
phase1_empirical / Δ=3pp,Direct Δ target,2500,-0.02962149306666667,0.9996901783553325
phase1_empirical / Δ=3pp,Direct Δ target,2550,-0.02962149306666667,0.9997459307062386
phase1_empirical / Δ=3pp,Direct Δ target,2600,-0.02962149306666667,0.9997918022259548
phase1_empirical / Δ=3pp,Direct Δ target,2650,-0.02962149306666667,0.9998295130864779
phase1_empirical / Δ=3pp,Direct Δ target,2700,-0.02962149306666667,0.9998604903114691
phase1_empirical / Δ=3pp,Direct Δ target,2750,-0.02962149306666667,0.9998859164439026
phase1_empirical / Δ=3pp,Direct Δ target,2800,-0.02962149306666667,0.999906770398155
phase1_empirical / Δ=3pp,Direct Δ target,2850,-0.02962149306666667,0.9999238616972452
phase1_empirical / Δ=3pp,Direct Δ target,2900,-0.02962149306666667,0.9999378591228011
phase1_empirical / Δ=3pp,Direct Δ target,2950,-0.02962149306666667,0.9999493146547518
phase1_empirical / Δ=3pp,Direct Δ target,3000,-0.02962149306666667,0.9999586834473098
phase1_empirical / Δ=3pp,Direct Δ target,3050,-0.02962149306666667,0.9999663404752496
phase1_empirical / Δ=3pp,Direct Δ target,3100,-0.02962149306666667,0.9999725943876879
phase1_empirical / Δ=3pp,Direct Δ target,3150,-0.02962149306666667,0.9999776990235804
phase1_empirical / Δ=3pp,Direct Δ target,3200,-0.02962149306666667,0.9999818629722109
phase1_empirical / Δ=3pp,Direct Δ target,3250,-0.02962149306666667,0.999985257501478
phase1_empirical / Δ=3pp,Direct Δ target,3300,-0.02962149306666667,0.9999880231253561
phase1_empirical / Δ=3pp,Direct Δ target,3350,-0.02962149306666667,0.9999902750382925
phase1_empirical / Δ=3pp,Direct Δ target,3400,-0.02962149306666667,0.9999921076073791
phase1_empirical / Δ=3pp,Direct Δ target,3450,-0.02962149306666667,0.9999935980819482
phase1_empirical / Δ=3pp,Direct Δ target,3500,-0.02962149306666667,0.9999948096539631
phase1_empirical / Δ=3pp,Direct Δ target,3550,-0.02962149306666667,0.999995793980449
phase1_empirical / Δ=3pp,Direct Δ target,3600,-0.02962149306666667,0.9999965932606361
phase1_empirical / Δ=3pp,Direct Δ target,3650,-0.02962149306666667,0.999997241944916
phase1_empirical / Δ=3pp,Direct Δ target,3700,-0.02962149306666667,0.9999977681396679
phase1_empirical / Δ=3pp,Direct Δ target,3750,-0.02962149306666667,0.9999981947611175
phase1_empirical / Δ=3pp,Direct Δ target,3800,-0.02962149306666667,0.9999985404822981
phase1_empirical / Δ=3pp,Direct Δ target,3850,-0.02962149306666667,0.9999988205095993
phase1_empirical / Δ=3pp,Direct Δ target,3900,-0.02962149306666667,0.999999047219083
phase1_empirical / Δ=3pp,Direct Δ target,3950,-0.02962149306666667,0.9999992306775025
phase1_empirical / Δ=3pp,Direct Δ target,4000,-0.02962149306666667,0.9999993790686061
phase1_empirical / Δ=3pp,Direct Δ target,4050,-0.02962149306666667,0.999999499041695
phase1_empirical / Δ=3pp,Direct Δ target,4100,-0.02962149306666667,0.9999995959964187
phase1_empirical / Δ=3pp,Direct Δ target,4150,-0.02962149306666667,0.9999996743153159
phase1_empirical / Δ=3pp,Direct Δ target,4200,-0.02962149306666667,0.9999997375535618
phase1_empirical / Δ=3pp,Direct Δ target,4250,-0.02962149306666667,0.9999997885937001
phase1_empirical / Δ=3pp,Direct Δ target,4300,-0.02962149306666667,0.9999998297717404
phase1_empirical / Δ=3pp,Direct Δ target,4350,-0.02962149306666667,0.9999998629798573
phase1_empirical / Δ=3pp,Direct Δ target,4400,-0.02962149306666667,0.9999998897499843
phase1_empirical / Δ=3pp,Direct Δ target,4450,-0.02962149306666667,0.9999999113218152
phase1_empirical / Δ=3pp,Direct Δ target,4500,-0.02962149306666667,0.9999999286980901
phase1_empirical / Δ=3pp,Direct Δ target,4550,-0.02962149306666667,0.9999999426895195
phase1_empirical / Δ=3pp,Direct Δ target,4600,-0.02962149306666667,0.9999999539512674
phase1_empirical / Δ=3pp,Direct Δ target,4650,-0.02962149306666667,0.9999999630125636
phase1_empirical / Δ=3pp,Direct Δ target,4700,-0.02962149306666667,0.9999999703007266
phase1_empirical / Δ=3pp,Direct Δ target,4750,-0.02962149306666667,0.9999999761606436
phase1_empirical / Δ=3pp,Direct Δ target,4800,-0.02962149306666667,0.9999999808705554
phase1_empirical / Δ=3pp,Direct Δ target,4850,-0.02962149306666667,0.9999999846548443
phase1_empirical / Δ=3pp,Direct Δ target,4900,-0.02962149306666667,0.9999999876943864
phase1_empirical / Δ=3pp,Direct Δ target,4950,-0.02962149306666667,0.9999999901349301
phase1_empirical / Δ=3pp,Direct Δ target,5000,-0.02962149306666667,0.9999999920938725
phase1_empirical / Δ=3pp,Direct Δ target,5050,-0.02962149306666667,0.999999993665738
phase1_empirical / Δ=3pp,Direct Δ target,5100,-0.02962149306666667,0.9999999949266065
phase1_empirical / Δ=3pp,Direct Δ target,5150,-0.02962149306666667,0.9999999959376896
phase1_empirical / Δ=3pp,Direct Δ target,5200,-0.02962149306666667,0.9999999967482183
phase1_empirical / Δ=3pp,Direct Δ target,5250,-0.02962149306666667,0.9999999973977739
phase1_empirical / Δ=3pp,Direct Δ target,5300,-0.02962149306666667,0.9999999979181682
phase1_empirical / Δ=3pp,Direct Δ target,5350,-0.02962149306666667,0.9999999983349596
phase1_empirical / Δ=3pp,Direct Δ target,5400,-0.02962149306666667,0.9999999986686752
phase1_empirical / Δ=3pp,Direct Δ target,5450,-0.02962149306666667,0.999999998935796
phase1_empirical / Δ=3pp,Direct Δ target,5500,-0.02962149306666667,0.99999999914955
phase1_empirical / Δ=3pp,Direct Δ target,5550,-0.02962149306666667,0.9999999993205504
phase1_empirical / Δ=3pp,Direct Δ target,5600,-0.02962149306666667,0.9999999994573102
phase1_empirical / Δ=3pp,Direct Δ target,5650,-0.02962149306666667,0.9999999995666554
phase1_empirical / Δ=3pp,Direct Δ target,5700,-0.02962149306666667,0.9999999996540576
phase1_empirical / Δ=3pp,Direct Δ target,5750,-0.02962149306666667,0.9999999997239014
phase1_empirical / Δ=3pp,Direct Δ target,5800,-0.02962149306666667,0.9999999997796993
phase1_empirical / Δ=3pp,Direct Δ target,5850,-0.02962149306666667,0.9999999998242642
phase1_empirical / Δ=3pp,Direct Δ target,5900,-0.02962149306666667,0.9999999998598483
phase1_empirical / Δ=3pp,Direct Δ target,5950,-0.02962149306666667,0.999999999888254
phase1_empirical / Δ=3pp,Direct Δ target,6000,-0.02962149306666667,0.9999999999109239
uniform_K4 / Δ=5pp,Direct Δ target,50,-0.04956917226666668,0.6449672478758768
uniform_K4 / Δ=5pp,Direct Δ target,100,-0.04956917226666668,0.9094816662243301
uniform_K4 / Δ=5pp,Direct Δ target,150,-0.04956917226666668,0.981176303651199
uniform_K4 / Δ=5pp,Direct Δ target,200,-0.04956917226666668,0.9965688381454503
uniform_K4 / Δ=5pp,Direct Δ target,250,-0.04956917226666668,0.9994308267577311
uniform_K4 / Δ=5pp,Direct Δ target,300,-0.04956917226666668,0.9999121211827079
uniform_K4 / Δ=5pp,Direct Δ target,350,-0.04956917226666668,0.9999871836965921
uniform_K4 / Δ=5pp,Direct Δ target,400,-0.04956917226666668,0.9999982162008308
uniform_K4 / Δ=5pp,Direct Δ target,450,-0.04956917226666668,0.9999997612761538
uniform_K4 / Δ=5pp,Direct Δ target,500,-0.04956917226666668,0.9999999691054781
uniform_K4 / Δ=5pp,Direct Δ target,550,-0.04956917226666668,0.9999999961164793
uniform_K4 / Δ=5pp,Direct Δ target,600,-0.04956917226666668,0.9999999995241607
uniform_K4 / Δ=5pp,Direct Δ target,650,-0.04956917226666668,0.9999999999430059
uniform_K4 / Δ=5pp,Direct Δ target,700,-0.04956917226666668,0.999999999993311
uniform_K4 / Δ=5pp,Direct Δ target,750,-0.04956917226666668,0.9999999999992293
uniform_K4 / Δ=5pp,Direct Δ target,800,-0.04956917226666668,0.9999999999999126
uniform_K4 / Δ=5pp,Direct Δ target,850,-0.04956917226666668,0.9999999999999902
uniform_K4 / Δ=5pp,Direct Δ target,900,-0.04956917226666668,0.9999999999999989
uniform_K4 / Δ=5pp,Direct Δ target,950,-0.04956917226666668,0.9999999999999999
uniform_K4 / Δ=5pp,Direct Δ target,1000,-0.04956917226666668,1
uniform_K4 / Δ=5pp,Direct Δ target,1050,-0.04956917226666668,1
uniform_K4 / Δ=5pp,Direct Δ target,1100,-0.04956917226666668,1
uniform_K4 / Δ=5pp,Direct Δ target,1150,-0.04956917226666668,1
uniform_K4 / Δ=5pp,Direct Δ target,1200,-0.04956917226666668,1
uniform_K4 / Δ=5pp,Direct Δ target,1250,-0.04956917226666668,1
uniform_K4 / Δ=5pp,Direct Δ target,1300,-0.04956917226666668,1
uniform_K4 / Δ=5pp,Direct Δ target,1350,-0.04956917226666668,1
uniform_K4 / Δ=5pp,Direct Δ target,1400,-0.04956917226666668,1
uniform_K4 / Δ=5pp,Direct Δ target,1450,-0.04956917226666668,1
uniform_K4 / Δ=5pp,Direct Δ target,1500,-0.04956917226666668,1
uniform_K4 / Δ=5pp,Direct Δ target,1550,-0.04956917226666668,1
uniform_K4 / Δ=5pp,Direct Δ target,1600,-0.04956917226666668,1
uniform_K4 / Δ=5pp,Direct Δ target,1650,-0.04956917226666668,1
uniform_K4 / Δ=5pp,Direct Δ target,1700,-0.04956917226666668,1
uniform_K4 / Δ=5pp,Direct Δ target,1750,-0.04956917226666668,1
uniform_K4 / Δ=5pp,Direct Δ target,1800,-0.04956917226666668,1
uniform_K4 / Δ=5pp,Direct Δ target,1850,-0.04956917226666668,1
uniform_K4 / Δ=5pp,Direct Δ target,1900,-0.04956917226666668,1
uniform_K4 / Δ=5pp,Direct Δ target,1950,-0.04956917226666668,1
uniform_K4 / Δ=5pp,Direct Δ target,2000,-0.04956917226666668,1
uniform_K4 / Δ=5pp,Direct Δ target,2050,-0.04956917226666668,1
uniform_K4 / Δ=5pp,Direct Δ target,2100,-0.04956917226666668,1
uniform_K4 / Δ=5pp,Direct Δ target,2150,-0.04956917226666668,1
uniform_K4 / Δ=5pp,Direct Δ target,2200,-0.04956917226666668,1
uniform_K4 / Δ=5pp,Direct Δ target,2250,-0.04956917226666668,1
uniform_K4 / Δ=5pp,Direct Δ target,2300,-0.04956917226666668,1
uniform_K4 / Δ=5pp,Direct Δ target,2350,-0.04956917226666668,1
uniform_K4 / Δ=5pp,Direct Δ target,2400,-0.04956917226666668,1
uniform_K4 / Δ=5pp,Direct Δ target,2450,-0.04956917226666668,1
uniform_K4 / Δ=5pp,Direct Δ target,2500,-0.04956917226666668,1
uniform_K4 / Δ=5pp,Direct Δ target,2550,-0.04956917226666668,1
uniform_K4 / Δ=5pp,Direct Δ target,2600,-0.04956917226666668,1
uniform_K4 / Δ=5pp,Direct Δ target,2650,-0.04956917226666668,1
uniform_K4 / Δ=5pp,Direct Δ target,2700,-0.04956917226666668,1
uniform_K4 / Δ=5pp,Direct Δ target,2750,-0.04956917226666668,1
uniform_K4 / Δ=5pp,Direct Δ target,2800,-0.04956917226666668,1
uniform_K4 / Δ=5pp,Direct Δ target,2850,-0.04956917226666668,1
uniform_K4 / Δ=5pp,Direct Δ target,2900,-0.04956917226666668,1
uniform_K4 / Δ=5pp,Direct Δ target,2950,-0.04956917226666668,1
uniform_K4 / Δ=5pp,Direct Δ target,3000,-0.04956917226666668,1
uniform_K4 / Δ=5pp,Direct Δ target,3050,-0.04956917226666668,1
uniform_K4 / Δ=5pp,Direct Δ target,3100,-0.04956917226666668,1
uniform_K4 / Δ=5pp,Direct Δ target,3150,-0.04956917226666668,1
uniform_K4 / Δ=5pp,Direct Δ target,3200,-0.04956917226666668,1
uniform_K4 / Δ=5pp,Direct Δ target,3250,-0.04956917226666668,1
uniform_K4 / Δ=5pp,Direct Δ target,3300,-0.04956917226666668,1
uniform_K4 / Δ=5pp,Direct Δ target,3350,-0.04956917226666668,1
uniform_K4 / Δ=5pp,Direct Δ target,3400,-0.04956917226666668,1
uniform_K4 / Δ=5pp,Direct Δ target,3450,-0.04956917226666668,1
uniform_K4 / Δ=5pp,Direct Δ target,3500,-0.04956917226666668,1
uniform_K4 / Δ=5pp,Direct Δ target,3550,-0.04956917226666668,1
uniform_K4 / Δ=5pp,Direct Δ target,3600,-0.04956917226666668,1
uniform_K4 / Δ=5pp,Direct Δ target,3650,-0.04956917226666668,1
uniform_K4 / Δ=5pp,Direct Δ target,3700,-0.04956917226666668,1
uniform_K4 / Δ=5pp,Direct Δ target,3750,-0.04956917226666668,1
uniform_K4 / Δ=5pp,Direct Δ target,3800,-0.04956917226666668,1
uniform_K4 / Δ=5pp,Direct Δ target,3850,-0.04956917226666668,1
uniform_K4 / Δ=5pp,Direct Δ target,3900,-0.04956917226666668,1
uniform_K4 / Δ=5pp,Direct Δ target,3950,-0.04956917226666668,1
uniform_K4 / Δ=5pp,Direct Δ target,4000,-0.04956917226666668,1
uniform_K4 / Δ=5pp,Direct Δ target,4050,-0.04956917226666668,1
uniform_K4 / Δ=5pp,Direct Δ target,4100,-0.04956917226666668,1
uniform_K4 / Δ=5pp,Direct Δ target,4150,-0.04956917226666668,1
uniform_K4 / Δ=5pp,Direct Δ target,4200,-0.04956917226666668,1
uniform_K4 / Δ=5pp,Direct Δ target,4250,-0.04956917226666668,1
uniform_K4 / Δ=5pp,Direct Δ target,4300,-0.04956917226666668,1
uniform_K4 / Δ=5pp,Direct Δ target,4350,-0.04956917226666668,1
uniform_K4 / Δ=5pp,Direct Δ target,4400,-0.04956917226666668,1
uniform_K4 / Δ=5pp,Direct Δ target,4450,-0.04956917226666668,1
uniform_K4 / Δ=5pp,Direct Δ target,4500,-0.04956917226666668,1
uniform_K4 / Δ=5pp,Direct Δ target,4550,-0.04956917226666668,1
uniform_K4 / Δ=5pp,Direct Δ target,4600,-0.04956917226666668,1
uniform_K4 / Δ=5pp,Direct Δ target,4650,-0.04956917226666668,1
uniform_K4 / Δ=5pp,Direct Δ target,4700,-0.04956917226666668,1
uniform_K4 / Δ=5pp,Direct Δ target,4750,-0.04956917226666668,1
uniform_K4 / Δ=5pp,Direct Δ target,4800,-0.04956917226666668,1
uniform_K4 / Δ=5pp,Direct Δ target,4850,-0.04956917226666668,1
uniform_K4 / Δ=5pp,Direct Δ target,4900,-0.04956917226666668,1
uniform_K4 / Δ=5pp,Direct Δ target,4950,-0.04956917226666668,1
uniform_K4 / Δ=5pp,Direct Δ target,5000,-0.04956917226666668,1
uniform_K4 / Δ=5pp,Direct Δ target,5050,-0.04956917226666668,1
uniform_K4 / Δ=5pp,Direct Δ target,5100,-0.04956917226666668,1
uniform_K4 / Δ=5pp,Direct Δ target,5150,-0.04956917226666668,1
uniform_K4 / Δ=5pp,Direct Δ target,5200,-0.04956917226666668,1
uniform_K4 / Δ=5pp,Direct Δ target,5250,-0.04956917226666668,1
uniform_K4 / Δ=5pp,Direct Δ target,5300,-0.04956917226666668,1
uniform_K4 / Δ=5pp,Direct Δ target,5350,-0.04956917226666668,1
uniform_K4 / Δ=5pp,Direct Δ target,5400,-0.04956917226666668,1
uniform_K4 / Δ=5pp,Direct Δ target,5450,-0.04956917226666668,1
uniform_K4 / Δ=5pp,Direct Δ target,5500,-0.04956917226666668,1
uniform_K4 / Δ=5pp,Direct Δ target,5550,-0.04956917226666668,1
uniform_K4 / Δ=5pp,Direct Δ target,5600,-0.04956917226666668,1
uniform_K4 / Δ=5pp,Direct Δ target,5650,-0.04956917226666668,1
uniform_K4 / Δ=5pp,Direct Δ target,5700,-0.04956917226666668,1
uniform_K4 / Δ=5pp,Direct Δ target,5750,-0.04956917226666668,1
uniform_K4 / Δ=5pp,Direct Δ target,5800,-0.04956917226666668,1
uniform_K4 / Δ=5pp,Direct Δ target,5850,-0.04956917226666668,1
uniform_K4 / Δ=5pp,Direct Δ target,5900,-0.04956917226666668,1
uniform_K4 / Δ=5pp,Direct Δ target,5950,-0.04956917226666668,1
uniform_K4 / Δ=5pp,Direct Δ target,6000,-0.04956917226666668,1
phase1_empirical / Δ=5pp,Direct Δ target,50,-0.04895569519999998,0.2319568769581097
phase1_empirical / Δ=5pp,Direct Δ target,100,-0.04895569519999998,0.41020330738888133
phase1_empirical / Δ=5pp,Direct Δ target,150,-0.04895569519999998,0.5644080555437087
phase1_empirical / Δ=5pp,Direct Δ target,200,-0.04895569519999998,0.6880734783835754
phase1_empirical / Δ=5pp,Direct Δ target,250,-0.04895569519999998,0.7821900391286802
phase1_empirical / Δ=5pp,Direct Δ target,300,-0.04895569519999998,0.8510823279665857
phase1_empirical / Δ=5pp,Direct Δ target,350,-0.04895569519999998,0.899997985924914
phase1_empirical / Δ=5pp,Direct Δ target,400,-0.04895569519999998,0.9338828461047021
phase1_empirical / Δ=5pp,Direct Δ target,450,-0.04895569519999998,0.9568782954250437
phase1_empirical / Δ=5pp,Direct Δ target,500,-0.04895569519999998,0.9722137940258854
phase1_empirical / Δ=5pp,Direct Δ target,550,-0.04895569519999998,0.9822878976807647
phase1_empirical / Δ=5pp,Direct Δ target,600,-0.04895569519999998,0.9888189461110336
phase1_empirical / Δ=5pp,Direct Δ target,650,-0.04895569519999998,0.9930038438756444
phase1_empirical / Δ=5pp,Direct Δ target,700,-0.04895569519999998,0.9956575432292458
phase1_empirical / Δ=5pp,Direct Δ target,750,-0.04895569519999998,0.9973245322589385
phase1_empirical / Δ=5pp,Direct Δ target,800,-0.04895569519999998,0.9983627939774475
phase1_empirical / Δ=5pp,Direct Δ target,850,-0.04895569519999998,0.9990044424908537
phase1_empirical / Δ=5pp,Direct Δ target,900,-0.04895569519999998,0.9993981576373074
phase1_empirical / Δ=5pp,Direct Δ target,950,-0.04895569519999998,0.9996381533100203
phase1_empirical / Δ=5pp,Direct Δ target,1000,-0.04895569519999998,0.9997835560880636
phase1_empirical / Δ=5pp,Direct Δ target,1050,-0.04895569519999998,0.9998711505298077
phase1_empirical / Δ=5pp,Direct Δ target,1100,-0.04895569519999998,0.999923640991565
phase1_empirical / Δ=5pp,Direct Δ target,1150,-0.04895569519999998,0.9999549400877343
phase1_empirical / Δ=5pp,Direct Δ target,1200,-0.04895569519999998,0.9999735165512916
phase1_empirical / Δ=5pp,Direct Δ target,1250,-0.04895569519999998,0.9999844937939099
phase1_empirical / Δ=5pp,Direct Δ target,1300,-0.04895569519999998,0.999990953759888
phase1_empirical / Δ=5pp,Direct Δ target,1350,-0.04895569519999998,0.999994740554973
phase1_empirical / Δ=5pp,Direct Δ target,1400,-0.04895569519999998,0.9999969521580155
phase1_empirical / Δ=5pp,Direct Δ target,1450,-0.04895569519999998,0.9999982392747042
phase1_empirical / Δ=5pp,Direct Δ target,1500,-0.04895569519999998,0.9999989858590216
phase1_empirical / Δ=5pp,Direct Δ target,1550,-0.04895569519999998,0.9999994175359659
phase1_empirical / Δ=5pp,Direct Δ target,1600,-0.04895569519999998,0.999999666376666
phase1_empirical / Δ=5pp,Direct Δ target,1650,-0.04895569519999998,0.9999998094060609
phase1_empirical / Δ=5pp,Direct Δ target,1700,-0.04895569519999998,0.9999998913892845
phase1_empirical / Δ=5pp,Direct Δ target,1750,-0.04895569519999998,0.999999938256711
phase1_empirical / Δ=5pp,Direct Δ target,1800,-0.04895569519999998,0.9999999649812854
phase1_empirical / Δ=5pp,Direct Δ target,1850,-0.04895569519999998,0.9999999801828418
phase1_empirical / Δ=5pp,Direct Δ target,1900,-0.04895569519999998,0.9999999888095281
phase1_empirical / Δ=5pp,Direct Δ target,1950,-0.04895569519999998,0.9999999936939951
phase1_empirical / Δ=5pp,Direct Δ target,2000,-0.04895569519999998,0.9999999964535796
phase1_empirical / Δ=5pp,Direct Δ target,2050,-0.04895569519999998,0.9999999980093932
phase1_empirical / Δ=5pp,Direct Δ target,2100,-0.04895569519999998,0.9999999988847612
phase1_empirical / Δ=5pp,Direct Δ target,2150,-0.04895569519999998,0.99999999937631745
phase1_empirical / Δ=5pp,Direct Δ target,2200,-0.04895569519999998,0.9999999996518251
phase1_empirical / Δ=5pp,Direct Δ target,2250,-0.04895569519999998,0.9999999998059591
phase1_empirical / Δ=5pp,Direct Δ target,2300,-0.04895569519999998,0.9999999998920375
phase1_empirical / Δ=5pp,Direct Δ target,2350,-0.04895569519999998,0.9999999999400266
phase1_empirical / Δ=5pp,Direct Δ target,2400,-0.04895569519999998,0.9999999999667364
phase1_empirical / Δ=5pp,Direct Δ target,2450,-0.04895569519999998,0.9999999999815785
phase1_empirical / Δ=5pp,Direct Δ target,2500,-0.04895569519999998,0.999999999989813
phase1_empirical / Δ=5pp,Direct Δ target,2550,-0.04895569519999998,0.9999999999943747
phase1_empirical / Δ=5pp,Direct Δ target,2600,-0.04895569519999998,0.999999999996898
phase1_empirical / Δ=5pp,Direct Δ target,2650,-0.04895569519999998,0.9999999999982917
phase1_empirical / Δ=5pp,Direct Δ target,2700,-0.04895569519999998,0.9999999999990605
phase1_empirical / Δ=5pp,Direct Δ target,2750,-0.04895569519999998,0.999999999999484
phase1_empirical / Δ=5pp,Direct Δ target,2800,-0.04895569519999998,0.9999999999997169
phase1_empirical / Δ=5pp,Direct Δ target,2850,-0.04895569519999998,0.9999999999998449
phase1_empirical / Δ=5pp,Direct Δ target,2900,-0.04895569519999998,0.9999999999999151
phase1_empirical / Δ=5pp,Direct Δ target,2950,-0.04895569519999998,0.9999999999999536
phase1_empirical / Δ=5pp,Direct Δ target,3000,-0.04895569519999998,0.9999999999999747
phase1_empirical / Δ=5pp,Direct Δ target,3050,-0.04895569519999998,0.9999999999999862
phase1_empirical / Δ=5pp,Direct Δ target,3100,-0.04895569519999998,0.9999999999999925
phase1_empirical / Δ=5pp,Direct Δ target,3150,-0.04895569519999998,0.9999999999999959
phase1_empirical / Δ=5pp,Direct Δ target,3200,-0.04895569519999998,0.9999999999999978
phase1_empirical / Δ=5pp,Direct Δ target,3250,-0.04895569519999998,0.9999999999999988
phase1_empirical / Δ=5pp,Direct Δ target,3300,-0.04895569519999998,0.9999999999999993
phase1_empirical / Δ=5pp,Direct Δ target,3350,-0.04895569519999998,0.9999999999999997
phase1_empirical / Δ=5pp,Direct Δ target,3400,-0.04895569519999998,0.9999999999999998
phase1_empirical / Δ=5pp,Direct Δ target,3450,-0.04895569519999998,0.9999999999999999
phase1_empirical / Δ=5pp,Direct Δ target,3500,-0.04895569519999998,0.9999999999999999
phase1_empirical / Δ=5pp,Direct Δ target,3550,-0.04895569519999998,1
phase1_empirical / Δ=5pp,Direct Δ target,3600,-0.04895569519999998,1
phase1_empirical / Δ=5pp,Direct Δ target,3650,-0.04895569519999998,1
phase1_empirical / Δ=5pp,Direct Δ target,3700,-0.04895569519999998,1
phase1_empirical / Δ=5pp,Direct Δ target,3750,-0.04895569519999998,1
phase1_empirical / Δ=5pp,Direct Δ target,3800,-0.04895569519999998,1
phase1_empirical / Δ=5pp,Direct Δ target,3850,-0.04895569519999998,1
phase1_empirical / Δ=5pp,Direct Δ target,3900,-0.04895569519999998,1
phase1_empirical / Δ=5pp,Direct Δ target,3950,-0.04895569519999998,1
phase1_empirical / Δ=5pp,Direct Δ target,4000,-0.04895569519999998,1
phase1_empirical / Δ=5pp,Direct Δ target,4050,-0.04895569519999998,1
phase1_empirical / Δ=5pp,Direct Δ target,4100,-0.04895569519999998,1
phase1_empirical / Δ=5pp,Direct Δ target,4150,-0.04895569519999998,1
phase1_empirical / Δ=5pp,Direct Δ target,4200,-0.04895569519999998,1
phase1_empirical / Δ=5pp,Direct Δ target,4250,-0.04895569519999998,1
phase1_empirical / Δ=5pp,Direct Δ target,4300,-0.04895569519999998,1
phase1_empirical / Δ=5pp,Direct Δ target,4350,-0.04895569519999998,1
phase1_empirical / Δ=5pp,Direct Δ target,4400,-0.04895569519999998,1
phase1_empirical / Δ=5pp,Direct Δ target,4450,-0.04895569519999998,1
phase1_empirical / Δ=5pp,Direct Δ target,4500,-0.04895569519999998,1
phase1_empirical / Δ=5pp,Direct Δ target,4550,-0.04895569519999998,1
phase1_empirical / Δ=5pp,Direct Δ target,4600,-0.04895569519999998,1
phase1_empirical / Δ=5pp,Direct Δ target,4650,-0.04895569519999998,1
phase1_empirical / Δ=5pp,Direct Δ target,4700,-0.04895569519999998,1
phase1_empirical / Δ=5pp,Direct Δ target,4750,-0.04895569519999998,1
phase1_empirical / Δ=5pp,Direct Δ target,4800,-0.04895569519999998,1
phase1_empirical / Δ=5pp,Direct Δ target,4850,-0.04895569519999998,1
phase1_empirical / Δ=5pp,Direct Δ target,4900,-0.04895569519999998,1
phase1_empirical / Δ=5pp,Direct Δ target,4950,-0.04895569519999998,1
phase1_empirical / Δ=5pp,Direct Δ target,5000,-0.04895569519999998,1
phase1_empirical / Δ=5pp,Direct Δ target,5050,-0.04895569519999998,1
phase1_empirical / Δ=5pp,Direct Δ target,5100,-0.04895569519999998,1
phase1_empirical / Δ=5pp,Direct Δ target,5150,-0.04895569519999998,1
phase1_empirical / Δ=5pp,Direct Δ target,5200,-0.04895569519999998,1
phase1_empirical / Δ=5pp,Direct Δ target,5250,-0.04895569519999998,1
phase1_empirical / Δ=5pp,Direct Δ target,5300,-0.04895569519999998,1
phase1_empirical / Δ=5pp,Direct Δ target,5350,-0.04895569519999998,1
phase1_empirical / Δ=5pp,Direct Δ target,5400,-0.04895569519999998,1
phase1_empirical / Δ=5pp,Direct Δ target,5450,-0.04895569519999998,1
phase1_empirical / Δ=5pp,Direct Δ target,5500,-0.04895569519999998,1
phase1_empirical / Δ=5pp,Direct Δ target,5550,-0.04895569519999998,1
phase1_empirical / Δ=5pp,Direct Δ target,5600,-0.04895569519999998,1
phase1_empirical / Δ=5pp,Direct Δ target,5650,-0.04895569519999998,1
phase1_empirical / Δ=5pp,Direct Δ target,5700,-0.04895569519999998,1
phase1_empirical / Δ=5pp,Direct Δ target,5750,-0.04895569519999998,1
phase1_empirical / Δ=5pp,Direct Δ target,5800,-0.04895569519999998,1
phase1_empirical / Δ=5pp,Direct Δ target,5850,-0.04895569519999998,1
phase1_empirical / Δ=5pp,Direct Δ target,5900,-0.04895569519999998,1
phase1_empirical / Δ=5pp,Direct Δ target,5950,-0.04895569519999998,1
phase1_empirical / Δ=5pp,Direct Δ target,6000,-0.04895569519999998,1
uniform_K4 / Δ=8pp,Direct Δ target,50,-0.08088590973333332,0.8902374216314805
uniform_K4 / Δ=8pp,Direct Δ target,100,-0.08088590973333332,0.9945860186668385
uniform_K4 / Δ=8pp,Direct Δ target,150,-0.08088590973333332,0.9998155514462506
uniform_K4 / Δ=8pp,Direct Δ target,200,-0.08088590973333332,0.9999949622339379
uniform_K4 / Δ=8pp,Direct Δ target,250,-0.08088590973333332,0.9999998817399979
uniform_K4 / Δ=8pp,Direct Δ target,300,-0.08088590973333332,0.9999999975185185
uniform_K4 / Δ=8pp,Direct Δ target,350,-0.08088590973333332,0.9999999999522926
uniform_K4 / Δ=8pp,Direct Δ target,400,-0.08088590973333332,0.9999999999991455
uniform_K4 / Δ=8pp,Direct Δ target,450,-0.08088590973333332,0.9999999999999856
uniform_K4 / Δ=8pp,Direct Δ target,500,-0.08088590973333332,0.9999999999999998
uniform_K4 / Δ=8pp,Direct Δ target,550,-0.08088590973333332,1
uniform_K4 / Δ=8pp,Direct Δ target,600,-0.08088590973333332,1
uniform_K4 / Δ=8pp,Direct Δ target,650,-0.08088590973333332,1
uniform_K4 / Δ=8pp,Direct Δ target,700,-0.08088590973333332,1
uniform_K4 / Δ=8pp,Direct Δ target,750,-0.08088590973333332,1
uniform_K4 / Δ=8pp,Direct Δ target,800,-0.08088590973333332,1
uniform_K4 / Δ=8pp,Direct Δ target,850,-0.08088590973333332,1
uniform_K4 / Δ=8pp,Direct Δ target,900,-0.08088590973333332,1
uniform_K4 / Δ=8pp,Direct Δ target,950,-0.08088590973333332,1
uniform_K4 / Δ=8pp,Direct Δ target,1000,-0.08088590973333332,1
uniform_K4 / Δ=8pp,Direct Δ target,1050,-0.08088590973333332,1
uniform_K4 / Δ=8pp,Direct Δ target,1100,-0.08088590973333332,1
uniform_K4 / Δ=8pp,Direct Δ target,1150,-0.08088590973333332,1
uniform_K4 / Δ=8pp,Direct Δ target,1200,-0.08088590973333332,1
uniform_K4 / Δ=8pp,Direct Δ target,1250,-0.08088590973333332,1
uniform_K4 / Δ=8pp,Direct Δ target,1300,-0.08088590973333332,1
uniform_K4 / Δ=8pp,Direct Δ target,1350,-0.08088590973333332,1
uniform_K4 / Δ=8pp,Direct Δ target,1400,-0.08088590973333332,1
uniform_K4 / Δ=8pp,Direct Δ target,1450,-0.08088590973333332,1
uniform_K4 / Δ=8pp,Direct Δ target,1500,-0.08088590973333332,1
uniform_K4 / Δ=8pp,Direct Δ target,1550,-0.08088590973333332,1
uniform_K4 / Δ=8pp,Direct Δ target,1600,-0.08088590973333332,1
uniform_K4 / Δ=8pp,Direct Δ target,1650,-0.08088590973333332,1
uniform_K4 / Δ=8pp,Direct Δ target,1700,-0.08088590973333332,1
uniform_K4 / Δ=8pp,Direct Δ target,1750,-0.08088590973333332,1
uniform_K4 / Δ=8pp,Direct Δ target,1800,-0.08088590973333332,1
uniform_K4 / Δ=8pp,Direct Δ target,1850,-0.08088590973333332,1
uniform_K4 / Δ=8pp,Direct Δ target,1900,-0.08088590973333332,1
uniform_K4 / Δ=8pp,Direct Δ target,1950,-0.08088590973333332,1
uniform_K4 / Δ=8pp,Direct Δ target,2000,-0.08088590973333332,1
uniform_K4 / Δ=8pp,Direct Δ target,2050,-0.08088590973333332,1
uniform_K4 / Δ=8pp,Direct Δ target,2100,-0.08088590973333332,1
uniform_K4 / Δ=8pp,Direct Δ target,2150,-0.08088590973333332,1
uniform_K4 / Δ=8pp,Direct Δ target,2200,-0.08088590973333332,1
uniform_K4 / Δ=8pp,Direct Δ target,2250,-0.08088590973333332,1
uniform_K4 / Δ=8pp,Direct Δ target,2300,-0.08088590973333332,1
uniform_K4 / Δ=8pp,Direct Δ target,2350,-0.08088590973333332,1
uniform_K4 / Δ=8pp,Direct Δ target,2400,-0.08088590973333332,1
uniform_K4 / Δ=8pp,Direct Δ target,2450,-0.08088590973333332,1
uniform_K4 / Δ=8pp,Direct Δ target,2500,-0.08088590973333332,1
uniform_K4 / Δ=8pp,Direct Δ target,2550,-0.08088590973333332,1
uniform_K4 / Δ=8pp,Direct Δ target,2600,-0.08088590973333332,1
uniform_K4 / Δ=8pp,Direct Δ target,2650,-0.08088590973333332,1
uniform_K4 / Δ=8pp,Direct Δ target,2700,-0.08088590973333332,1
uniform_K4 / Δ=8pp,Direct Δ target,2750,-0.08088590973333332,1
uniform_K4 / Δ=8pp,Direct Δ target,2800,-0.08088590973333332,1
uniform_K4 / Δ=8pp,Direct Δ target,2850,-0.08088590973333332,1
uniform_K4 / Δ=8pp,Direct Δ target,2900,-0.08088590973333332,1
uniform_K4 / Δ=8pp,Direct Δ target,2950,-0.08088590973333332,1
uniform_K4 / Δ=8pp,Direct Δ target,3000,-0.08088590973333332,1
uniform_K4 / Δ=8pp,Direct Δ target,3050,-0.08088590973333332,1
uniform_K4 / Δ=8pp,Direct Δ target,3100,-0.08088590973333332,1
uniform_K4 / Δ=8pp,Direct Δ target,3150,-0.08088590973333332,1
uniform_K4 / Δ=8pp,Direct Δ target,3200,-0.08088590973333332,1
uniform_K4 / Δ=8pp,Direct Δ target,3250,-0.08088590973333332,1
uniform_K4 / Δ=8pp,Direct Δ target,3300,-0.08088590973333332,1
uniform_K4 / Δ=8pp,Direct Δ target,3350,-0.08088590973333332,1
uniform_K4 / Δ=8pp,Direct Δ target,3400,-0.08088590973333332,1
uniform_K4 / Δ=8pp,Direct Δ target,3450,-0.08088590973333332,1
uniform_K4 / Δ=8pp,Direct Δ target,3500,-0.08088590973333332,1
uniform_K4 / Δ=8pp,Direct Δ target,3550,-0.08088590973333332,1
uniform_K4 / Δ=8pp,Direct Δ target,3600,-0.08088590973333332,1
uniform_K4 / Δ=8pp,Direct Δ target,3650,-0.08088590973333332,1
uniform_K4 / Δ=8pp,Direct Δ target,3700,-0.08088590973333332,1
uniform_K4 / Δ=8pp,Direct Δ target,3750,-0.08088590973333332,1
uniform_K4 / Δ=8pp,Direct Δ target,3800,-0.08088590973333332,1
uniform_K4 / Δ=8pp,Direct Δ target,3850,-0.08088590973333332,1
uniform_K4 / Δ=8pp,Direct Δ target,3900,-0.08088590973333332,1
uniform_K4 / Δ=8pp,Direct Δ target,3950,-0.08088590973333332,1
uniform_K4 / Δ=8pp,Direct Δ target,4000,-0.08088590973333332,1
uniform_K4 / Δ=8pp,Direct Δ target,4050,-0.08088590973333332,1
uniform_K4 / Δ=8pp,Direct Δ target,4100,-0.08088590973333332,1
uniform_K4 / Δ=8pp,Direct Δ target,4150,-0.08088590973333332,1
uniform_K4 / Δ=8pp,Direct Δ target,4200,-0.08088590973333332,1
uniform_K4 / Δ=8pp,Direct Δ target,4250,-0.08088590973333332,1
uniform_K4 / Δ=8pp,Direct Δ target,4300,-0.08088590973333332,1
uniform_K4 / Δ=8pp,Direct Δ target,4350,-0.08088590973333332,1
uniform_K4 / Δ=8pp,Direct Δ target,4400,-0.08088590973333332,1
uniform_K4 / Δ=8pp,Direct Δ target,4450,-0.08088590973333332,1
uniform_K4 / Δ=8pp,Direct Δ target,4500,-0.08088590973333332,1
uniform_K4 / Δ=8pp,Direct Δ target,4550,-0.08088590973333332,1
uniform_K4 / Δ=8pp,Direct Δ target,4600,-0.08088590973333332,1
uniform_K4 / Δ=8pp,Direct Δ target,4650,-0.08088590973333332,1
uniform_K4 / Δ=8pp,Direct Δ target,4700,-0.08088590973333332,1
uniform_K4 / Δ=8pp,Direct Δ target,4750,-0.08088590973333332,1
uniform_K4 / Δ=8pp,Direct Δ target,4800,-0.08088590973333332,1
uniform_K4 / Δ=8pp,Direct Δ target,4850,-0.08088590973333332,1
uniform_K4 / Δ=8pp,Direct Δ target,4900,-0.08088590973333332,1
uniform_K4 / Δ=8pp,Direct Δ target,4950,-0.08088590973333332,1
uniform_K4 / Δ=8pp,Direct Δ target,5000,-0.08088590973333332,1
uniform_K4 / Δ=8pp,Direct Δ target,5050,-0.08088590973333332,1
uniform_K4 / Δ=8pp,Direct Δ target,5100,-0.08088590973333332,1
uniform_K4 / Δ=8pp,Direct Δ target,5150,-0.08088590973333332,1
uniform_K4 / Δ=8pp,Direct Δ target,5200,-0.08088590973333332,1
uniform_K4 / Δ=8pp,Direct Δ target,5250,-0.08088590973333332,1
uniform_K4 / Δ=8pp,Direct Δ target,5300,-0.08088590973333332,1
uniform_K4 / Δ=8pp,Direct Δ target,5350,-0.08088590973333332,1
uniform_K4 / Δ=8pp,Direct Δ target,5400,-0.08088590973333332,1
uniform_K4 / Δ=8pp,Direct Δ target,5450,-0.08088590973333332,1
uniform_K4 / Δ=8pp,Direct Δ target,5500,-0.08088590973333332,1
uniform_K4 / Δ=8pp,Direct Δ target,5550,-0.08088590973333332,1
uniform_K4 / Δ=8pp,Direct Δ target,5600,-0.08088590973333332,1
uniform_K4 / Δ=8pp,Direct Δ target,5650,-0.08088590973333332,1
uniform_K4 / Δ=8pp,Direct Δ target,5700,-0.08088590973333332,1
uniform_K4 / Δ=8pp,Direct Δ target,5750,-0.08088590973333332,1
uniform_K4 / Δ=8pp,Direct Δ target,5800,-0.08088590973333332,1
uniform_K4 / Δ=8pp,Direct Δ target,5850,-0.08088590973333332,1
uniform_K4 / Δ=8pp,Direct Δ target,5900,-0.08088590973333332,1
uniform_K4 / Δ=8pp,Direct Δ target,5950,-0.08088590973333332,1
uniform_K4 / Δ=8pp,Direct Δ target,6000,-0.08088590973333332,1
phase1_empirical / Δ=8pp,Direct Δ target,50,-0.08087227786666662,0.5051113593789973
phase1_empirical / Δ=8pp,Direct Δ target,100,-0.08087227786666662,0.7966791894850139
phase1_empirical / Δ=8pp,Direct Δ target,150,-0.08087227786666662,0.9274146453328284
phase1_empirical / Δ=8pp,Direct Δ target,200,-0.08087227786666662,0.9764488202471705
phase1_empirical / Δ=8pp,Direct Δ target,250,-0.08087227786666662,0.9928782518507532
phase1_empirical / Δ=8pp,Direct Δ target,300,-0.08087227786666662,0.9979610635445081
phase1_empirical / Δ=8pp,Direct Δ target,350,-0.08087227786666662,0.9994414319813973
phase1_empirical / Δ=8pp,Direct Δ target,400,-0.08087227786666662,0.9998524666430805
phase1_empirical / Δ=8pp,Direct Δ target,450,-0.08087227786666662,0.9999622179162941
phase1_empirical / Δ=8pp,Direct Δ target,500,-0.08087227786666662,0.9999905782125921
phase1_empirical / Δ=8pp,Direct Δ target,550,-0.08087227786666662,0.9999977043614694
phase1_empirical / Δ=8pp,Direct Δ target,600,-0.08087227786666662,0.9999994520025618
phase1_empirical / Δ=8pp,Direct Δ target,650,-0.08087227786666662,0.9999998715526542
phase1_empirical / Δ=8pp,Direct Δ target,700,-0.08087227786666662,0.9999999703826583
phase1_empirical / Δ=8pp,Direct Δ target,750,-0.08087227786666662,0.9999999932715251
phase1_empirical / Δ=8pp,Direct Δ target,800,-0.08087227786666662,0.9999999984919654
phase1_empirical / Δ=8pp,Direct Δ target,850,-0.08087227786666662,0.9999999996661713
phase1_empirical / Δ=8pp,Direct Δ target,900,-0.08087227786666662,0.9999999999269397
phase1_empirical / Δ=8pp,Direct Δ target,950,-0.08087227786666662,0.9999999999841781
phase1_empirical / Δ=8pp,Direct Δ target,1000,-0.08087227786666662,0.999999999996607
phase1_empirical / Δ=8pp,Direct Δ target,1050,-0.08087227786666662,0.999999999999279
phase1_empirical / Δ=8pp,Direct Δ target,1100,-0.08087227786666662,0.9999999999998481
phase1_empirical / Δ=8pp,Direct Δ target,1150,-0.08087227786666662,0.9999999999999682
phase1_empirical / Δ=8pp,Direct Δ target,1200,-0.08087227786666662,0.9999999999999934
phase1_empirical / Δ=8pp,Direct Δ target,1250,-0.08087227786666662,0.9999999999999987
phase1_empirical / Δ=8pp,Direct Δ target,1300,-0.08087227786666662,0.9999999999999997
phase1_empirical / Δ=8pp,Direct Δ target,1350,-0.08087227786666662,0.9999999999999999
phase1_empirical / Δ=8pp,Direct Δ target,1400,-0.08087227786666662,1
phase1_empirical / Δ=8pp,Direct Δ target,1450,-0.08087227786666662,1
phase1_empirical / Δ=8pp,Direct Δ target,1500,-0.08087227786666662,1
phase1_empirical / Δ=8pp,Direct Δ target,1550,-0.08087227786666662,1
phase1_empirical / Δ=8pp,Direct Δ target,1600,-0.08087227786666662,1
phase1_empirical / Δ=8pp,Direct Δ target,1650,-0.08087227786666662,1
phase1_empirical / Δ=8pp,Direct Δ target,1700,-0.08087227786666662,1
phase1_empirical / Δ=8pp,Direct Δ target,1750,-0.08087227786666662,1
phase1_empirical / Δ=8pp,Direct Δ target,1800,-0.08087227786666662,1
phase1_empirical / Δ=8pp,Direct Δ target,1850,-0.08087227786666662,1
phase1_empirical / Δ=8pp,Direct Δ target,1900,-0.08087227786666662,1
phase1_empirical / Δ=8pp,Direct Δ target,1950,-0.08087227786666662,1
phase1_empirical / Δ=8pp,Direct Δ target,2000,-0.08087227786666662,1
phase1_empirical / Δ=8pp,Direct Δ target,2050,-0.08087227786666662,1
phase1_empirical / Δ=8pp,Direct Δ target,2100,-0.08087227786666662,1
phase1_empirical / Δ=8pp,Direct Δ target,2150,-0.08087227786666662,1
phase1_empirical / Δ=8pp,Direct Δ target,2200,-0.08087227786666662,1
phase1_empirical / Δ=8pp,Direct Δ target,2250,-0.08087227786666662,1
phase1_empirical / Δ=8pp,Direct Δ target,2300,-0.08087227786666662,1
phase1_empirical / Δ=8pp,Direct Δ target,2350,-0.08087227786666662,1
phase1_empirical / Δ=8pp,Direct Δ target,2400,-0.08087227786666662,1
phase1_empirical / Δ=8pp,Direct Δ target,2450,-0.08087227786666662,1
phase1_empirical / Δ=8pp,Direct Δ target,2500,-0.08087227786666662,1
phase1_empirical / Δ=8pp,Direct Δ target,2550,-0.08087227786666662,1
phase1_empirical / Δ=8pp,Direct Δ target,2600,-0.08087227786666662,1
phase1_empirical / Δ=8pp,Direct Δ target,2650,-0.08087227786666662,1
phase1_empirical / Δ=8pp,Direct Δ target,2700,-0.08087227786666662,1
phase1_empirical / Δ=8pp,Direct Δ target,2750,-0.08087227786666662,1
phase1_empirical / Δ=8pp,Direct Δ target,2800,-0.08087227786666662,1
phase1_empirical / Δ=8pp,Direct Δ target,2850,-0.08087227786666662,1
phase1_empirical / Δ=8pp,Direct Δ target,2900,-0.08087227786666662,1
phase1_empirical / Δ=8pp,Direct Δ target,2950,-0.08087227786666662,1
phase1_empirical / Δ=8pp,Direct Δ target,3000,-0.08087227786666662,1
phase1_empirical / Δ=8pp,Direct Δ target,3050,-0.08087227786666662,1
phase1_empirical / Δ=8pp,Direct Δ target,3100,-0.08087227786666662,1
phase1_empirical / Δ=8pp,Direct Δ target,3150,-0.08087227786666662,1
phase1_empirical / Δ=8pp,Direct Δ target,3200,-0.08087227786666662,1
phase1_empirical / Δ=8pp,Direct Δ target,3250,-0.08087227786666662,1
phase1_empirical / Δ=8pp,Direct Δ target,3300,-0.08087227786666662,1
phase1_empirical / Δ=8pp,Direct Δ target,3350,-0.08087227786666662,1
phase1_empirical / Δ=8pp,Direct Δ target,3400,-0.08087227786666662,1
phase1_empirical / Δ=8pp,Direct Δ target,3450,-0.08087227786666662,1
phase1_empirical / Δ=8pp,Direct Δ target,3500,-0.08087227786666662,1
phase1_empirical / Δ=8pp,Direct Δ target,3550,-0.08087227786666662,1
phase1_empirical / Δ=8pp,Direct Δ target,3600,-0.08087227786666662,1
phase1_empirical / Δ=8pp,Direct Δ target,3650,-0.08087227786666662,1
phase1_empirical / Δ=8pp,Direct Δ target,3700,-0.08087227786666662,1
phase1_empirical / Δ=8pp,Direct Δ target,3750,-0.08087227786666662,1
phase1_empirical / Δ=8pp,Direct Δ target,3800,-0.08087227786666662,1
phase1_empirical / Δ=8pp,Direct Δ target,3850,-0.08087227786666662,1
phase1_empirical / Δ=8pp,Direct Δ target,3900,-0.08087227786666662,1
phase1_empirical / Δ=8pp,Direct Δ target,3950,-0.08087227786666662,1
phase1_empirical / Δ=8pp,Direct Δ target,4000,-0.08087227786666662,1
phase1_empirical / Δ=8pp,Direct Δ target,4050,-0.08087227786666662,1
phase1_empirical / Δ=8pp,Direct Δ target,4100,-0.08087227786666662,1
phase1_empirical / Δ=8pp,Direct Δ target,4150,-0.08087227786666662,1
phase1_empirical / Δ=8pp,Direct Δ target,4200,-0.08087227786666662,1
phase1_empirical / Δ=8pp,Direct Δ target,4250,-0.08087227786666662,1
phase1_empirical / Δ=8pp,Direct Δ target,4300,-0.08087227786666662,1
phase1_empirical / Δ=8pp,Direct Δ target,4350,-0.08087227786666662,1
phase1_empirical / Δ=8pp,Direct Δ target,4400,-0.08087227786666662,1
phase1_empirical / Δ=8pp,Direct Δ target,4450,-0.08087227786666662,1
phase1_empirical / Δ=8pp,Direct Δ target,4500,-0.08087227786666662,1
phase1_empirical / Δ=8pp,Direct Δ target,4550,-0.08087227786666662,1
phase1_empirical / Δ=8pp,Direct Δ target,4600,-0.08087227786666662,1
phase1_empirical / Δ=8pp,Direct Δ target,4650,-0.08087227786666662,1
phase1_empirical / Δ=8pp,Direct Δ target,4700,-0.08087227786666662,1
phase1_empirical / Δ=8pp,Direct Δ target,4750,-0.08087227786666662,1
phase1_empirical / Δ=8pp,Direct Δ target,4800,-0.08087227786666662,1
phase1_empirical / Δ=8pp,Direct Δ target,4850,-0.08087227786666662,1
phase1_empirical / Δ=8pp,Direct Δ target,4900,-0.08087227786666662,1
phase1_empirical / Δ=8pp,Direct Δ target,4950,-0.08087227786666662,1
phase1_empirical / Δ=8pp,Direct Δ target,5000,-0.08087227786666662,1
phase1_empirical / Δ=8pp,Direct Δ target,5050,-0.08087227786666662,1
phase1_empirical / Δ=8pp,Direct Δ target,5100,-0.08087227786666662,1
phase1_empirical / Δ=8pp,Direct Δ target,5150,-0.08087227786666662,1
phase1_empirical / Δ=8pp,Direct Δ target,5200,-0.08087227786666662,1
phase1_empirical / Δ=8pp,Direct Δ target,5250,-0.08087227786666662,1
phase1_empirical / Δ=8pp,Direct Δ target,5300,-0.08087227786666662,1
phase1_empirical / Δ=8pp,Direct Δ target,5350,-0.08087227786666662,1
phase1_empirical / Δ=8pp,Direct Δ target,5400,-0.08087227786666662,1
phase1_empirical / Δ=8pp,Direct Δ target,5450,-0.08087227786666662,1
phase1_empirical / Δ=8pp,Direct Δ target,5500,-0.08087227786666662,1
phase1_empirical / Δ=8pp,Direct Δ target,5550,-0.08087227786666662,1
phase1_empirical / Δ=8pp,Direct Δ target,5600,-0.08087227786666662,1
phase1_empirical / Δ=8pp,Direct Δ target,5650,-0.08087227786666662,1
phase1_empirical / Δ=8pp,Direct Δ target,5700,-0.08087227786666662,1
phase1_empirical / Δ=8pp,Direct Δ target,5750,-0.08087227786666662,1
phase1_empirical / Δ=8pp,Direct Δ target,5800,-0.08087227786666662,1
phase1_empirical / Δ=8pp,Direct Δ target,5850,-0.08087227786666662,1
phase1_empirical / Δ=8pp,Direct Δ target,5900,-0.08087227786666662,1
phase1_empirical / Δ=8pp,Direct Δ target,5950,-0.08087227786666662,1
phase1_empirical / Δ=8pp,Direct Δ target,6000,-0.08087227786666662,1
uniform_K4 / Δ=10pp,Direct Δ target,50,-0.10049210760000005,0.9609959678398178
uniform_K4 / Δ=10pp,Direct Δ target,100,-0.10049210760000005,0.9995237616578229
uniform_K4 / Δ=10pp,Direct Δ target,150,-0.10049210760000005,0.9999963933339183
uniform_K4 / Δ=10pp,Direct Δ target,200,-0.10049210760000005,0.9999999792901157
uniform_K4 / Δ=10pp,Direct Δ target,250,-0.10049210760000005,0.9999999999013391
uniform_K4 / Δ=10pp,Direct Δ target,300,-0.10049210760000005,0.9999999999995902
uniform_K4 / Δ=10pp,Direct Δ target,350,-0.10049210760000005,0.9999999999999984
uniform_K4 / Δ=10pp,Direct Δ target,400,-0.10049210760000005,1
uniform_K4 / Δ=10pp,Direct Δ target,450,-0.10049210760000005,1
uniform_K4 / Δ=10pp,Direct Δ target,500,-0.10049210760000005,1
uniform_K4 / Δ=10pp,Direct Δ target,550,-0.10049210760000005,1
uniform_K4 / Δ=10pp,Direct Δ target,600,-0.10049210760000005,1
uniform_K4 / Δ=10pp,Direct Δ target,650,-0.10049210760000005,1
uniform_K4 / Δ=10pp,Direct Δ target,700,-0.10049210760000005,1
uniform_K4 / Δ=10pp,Direct Δ target,750,-0.10049210760000005,1
uniform_K4 / Δ=10pp,Direct Δ target,800,-0.10049210760000005,1
uniform_K4 / Δ=10pp,Direct Δ target,850,-0.10049210760000005,1
uniform_K4 / Δ=10pp,Direct Δ target,900,-0.10049210760000005,1
uniform_K4 / Δ=10pp,Direct Δ target,950,-0.10049210760000005,1
uniform_K4 / Δ=10pp,Direct Δ target,1000,-0.10049210760000005,1
uniform_K4 / Δ=10pp,Direct Δ target,1050,-0.10049210760000005,1
uniform_K4 / Δ=10pp,Direct Δ target,1100,-0.10049210760000005,1
uniform_K4 / Δ=10pp,Direct Δ target,1150,-0.10049210760000005,1
uniform_K4 / Δ=10pp,Direct Δ target,1200,-0.10049210760000005,1
uniform_K4 / Δ=10pp,Direct Δ target,1250,-0.10049210760000005,1
uniform_K4 / Δ=10pp,Direct Δ target,1300,-0.10049210760000005,1
uniform_K4 / Δ=10pp,Direct Δ target,1350,-0.10049210760000005,1
uniform_K4 / Δ=10pp,Direct Δ target,1400,-0.10049210760000005,1
uniform_K4 / Δ=10pp,Direct Δ target,1450,-0.10049210760000005,1
uniform_K4 / Δ=10pp,Direct Δ target,1500,-0.10049210760000005,1
uniform_K4 / Δ=10pp,Direct Δ target,1550,-0.10049210760000005,1
uniform_K4 / Δ=10pp,Direct Δ target,1600,-0.10049210760000005,1
uniform_K4 / Δ=10pp,Direct Δ target,1650,-0.10049210760000005,1
uniform_K4 / Δ=10pp,Direct Δ target,1700,-0.10049210760000005,1
uniform_K4 / Δ=10pp,Direct Δ target,1750,-0.10049210760000005,1
uniform_K4 / Δ=10pp,Direct Δ target,1800,-0.10049210760000005,1
uniform_K4 / Δ=10pp,Direct Δ target,1850,-0.10049210760000005,1
uniform_K4 / Δ=10pp,Direct Δ target,1900,-0.10049210760000005,1
uniform_K4 / Δ=10pp,Direct Δ target,1950,-0.10049210760000005,1
uniform_K4 / Δ=10pp,Direct Δ target,2000,-0.10049210760000005,1
uniform_K4 / Δ=10pp,Direct Δ target,2050,-0.10049210760000005,1
uniform_K4 / Δ=10pp,Direct Δ target,2100,-0.10049210760000005,1
uniform_K4 / Δ=10pp,Direct Δ target,2150,-0.10049210760000005,1
uniform_K4 / Δ=10pp,Direct Δ target,2200,-0.10049210760000005,1
uniform_K4 / Δ=10pp,Direct Δ target,2250,-0.10049210760000005,1
uniform_K4 / Δ=10pp,Direct Δ target,2300,-0.10049210760000005,1
uniform_K4 / Δ=10pp,Direct Δ target,2350,-0.10049210760000005,1
uniform_K4 / Δ=10pp,Direct Δ target,2400,-0.10049210760000005,1
uniform_K4 / Δ=10pp,Direct Δ target,2450,-0.10049210760000005,1
uniform_K4 / Δ=10pp,Direct Δ target,2500,-0.10049210760000005,1
uniform_K4 / Δ=10pp,Direct Δ target,2550,-0.10049210760000005,1
uniform_K4 / Δ=10pp,Direct Δ target,2600,-0.10049210760000005,1
uniform_K4 / Δ=10pp,Direct Δ target,2650,-0.10049210760000005,1
uniform_K4 / Δ=10pp,Direct Δ target,2700,-0.10049210760000005,1
uniform_K4 / Δ=10pp,Direct Δ target,2750,-0.10049210760000005,1
uniform_K4 / Δ=10pp,Direct Δ target,2800,-0.10049210760000005,1
uniform_K4 / Δ=10pp,Direct Δ target,2850,-0.10049210760000005,1
uniform_K4 / Δ=10pp,Direct Δ target,2900,-0.10049210760000005,1
uniform_K4 / Δ=10pp,Direct Δ target,2950,-0.10049210760000005,1
uniform_K4 / Δ=10pp,Direct Δ target,3000,-0.10049210760000005,1
uniform_K4 / Δ=10pp,Direct Δ target,3050,-0.10049210760000005,1
uniform_K4 / Δ=10pp,Direct Δ target,3100,-0.10049210760000005,1
uniform_K4 / Δ=10pp,Direct Δ target,3150,-0.10049210760000005,1
uniform_K4 / Δ=10pp,Direct Δ target,3200,-0.10049210760000005,1
uniform_K4 / Δ=10pp,Direct Δ target,3250,-0.10049210760000005,1
uniform_K4 / Δ=10pp,Direct Δ target,3300,-0.10049210760000005,1
uniform_K4 / Δ=10pp,Direct Δ target,3350,-0.10049210760000005,1
uniform_K4 / Δ=10pp,Direct Δ target,3400,-0.10049210760000005,1
uniform_K4 / Δ=10pp,Direct Δ target,3450,-0.10049210760000005,1
uniform_K4 / Δ=10pp,Direct Δ target,3500,-0.10049210760000005,1
uniform_K4 / Δ=10pp,Direct Δ target,3550,-0.10049210760000005,1
uniform_K4 / Δ=10pp,Direct Δ target,3600,-0.10049210760000005,1
uniform_K4 / Δ=10pp,Direct Δ target,3650,-0.10049210760000005,1
uniform_K4 / Δ=10pp,Direct Δ target,3700,-0.10049210760000005,1
uniform_K4 / Δ=10pp,Direct Δ target,3750,-0.10049210760000005,1
uniform_K4 / Δ=10pp,Direct Δ target,3800,-0.10049210760000005,1
uniform_K4 / Δ=10pp,Direct Δ target,3850,-0.10049210760000005,1
uniform_K4 / Δ=10pp,Direct Δ target,3900,-0.10049210760000005,1
uniform_K4 / Δ=10pp,Direct Δ target,3950,-0.10049210760000005,1
uniform_K4 / Δ=10pp,Direct Δ target,4000,-0.10049210760000005,1
uniform_K4 / Δ=10pp,Direct Δ target,4050,-0.10049210760000005,1
uniform_K4 / Δ=10pp,Direct Δ target,4100,-0.10049210760000005,1
uniform_K4 / Δ=10pp,Direct Δ target,4150,-0.10049210760000005,1
uniform_K4 / Δ=10pp,Direct Δ target,4200,-0.10049210760000005,1
uniform_K4 / Δ=10pp,Direct Δ target,4250,-0.10049210760000005,1
uniform_K4 / Δ=10pp,Direct Δ target,4300,-0.10049210760000005,1
uniform_K4 / Δ=10pp,Direct Δ target,4350,-0.10049210760000005,1
uniform_K4 / Δ=10pp,Direct Δ target,4400,-0.10049210760000005,1
uniform_K4 / Δ=10pp,Direct Δ target,4450,-0.10049210760000005,1
uniform_K4 / Δ=10pp,Direct Δ target,4500,-0.10049210760000005,1
uniform_K4 / Δ=10pp,Direct Δ target,4550,-0.10049210760000005,1
uniform_K4 / Δ=10pp,Direct Δ target,4600,-0.10049210760000005,1
uniform_K4 / Δ=10pp,Direct Δ target,4650,-0.10049210760000005,1
uniform_K4 / Δ=10pp,Direct Δ target,4700,-0.10049210760000005,1
uniform_K4 / Δ=10pp,Direct Δ target,4750,-0.10049210760000005,1
uniform_K4 / Δ=10pp,Direct Δ target,4800,-0.10049210760000005,1
uniform_K4 / Δ=10pp,Direct Δ target,4850,-0.10049210760000005,1
uniform_K4 / Δ=10pp,Direct Δ target,4900,-0.10049210760000005,1
uniform_K4 / Δ=10pp,Direct Δ target,4950,-0.10049210760000005,1
uniform_K4 / Δ=10pp,Direct Δ target,5000,-0.10049210760000005,1
uniform_K4 / Δ=10pp,Direct Δ target,5050,-0.10049210760000005,1
uniform_K4 / Δ=10pp,Direct Δ target,5100,-0.10049210760000005,1
uniform_K4 / Δ=10pp,Direct Δ target,5150,-0.10049210760000005,1
uniform_K4 / Δ=10pp,Direct Δ target,5200,-0.10049210760000005,1
uniform_K4 / Δ=10pp,Direct Δ target,5250,-0.10049210760000005,1
uniform_K4 / Δ=10pp,Direct Δ target,5300,-0.10049210760000005,1
uniform_K4 / Δ=10pp,Direct Δ target,5350,-0.10049210760000005,1
uniform_K4 / Δ=10pp,Direct Δ target,5400,-0.10049210760000005,1
uniform_K4 / Δ=10pp,Direct Δ target,5450,-0.10049210760000005,1
uniform_K4 / Δ=10pp,Direct Δ target,5500,-0.10049210760000005,1
uniform_K4 / Δ=10pp,Direct Δ target,5550,-0.10049210760000005,1
uniform_K4 / Δ=10pp,Direct Δ target,5600,-0.10049210760000005,1
uniform_K4 / Δ=10pp,Direct Δ target,5650,-0.10049210760000005,1
uniform_K4 / Δ=10pp,Direct Δ target,5700,-0.10049210760000005,1
uniform_K4 / Δ=10pp,Direct Δ target,5750,-0.10049210760000005,1
uniform_K4 / Δ=10pp,Direct Δ target,5800,-0.10049210760000005,1
uniform_K4 / Δ=10pp,Direct Δ target,5850,-0.10049210760000005,1
uniform_K4 / Δ=10pp,Direct Δ target,5900,-0.10049210760000005,1
uniform_K4 / Δ=10pp,Direct Δ target,5950,-0.10049210760000005,1
uniform_K4 / Δ=10pp,Direct Δ target,6000,-0.10049210760000005,1
phase1_empirical / Δ=10pp,Direct Δ target,50,-0.09926728999999995,0.6702834803338449
phase1_empirical / Δ=10pp,Direct Δ target,100,-0.09926728999999995,0.9243645716021189
phase1_empirical / Δ=10pp,Direct Δ target,150,-0.09926728999999995,0.9860279479346612
phase1_empirical / Δ=10pp,Direct Δ target,200,-0.09926728999999995,0.9977536418477502
phase1_empirical / Δ=10pp,Direct Δ target,250,-0.09926728999999995,0.9996728375424329
phase1_empirical / Δ=10pp,Direct Δ target,300,-0.09926728999999995,0.9999557960679183
phase1_empirical / Δ=10pp,Direct Δ target,350,-0.09926728999999995,0.9999943724200776
phase1_empirical / Δ=10pp,Direct Δ target,400,-0.09926728999999995,0.9999993175999774
phase1_empirical / Δ=10pp,Direct Δ target,450,-0.09926728999999995,0.9999999205611464
phase1_empirical / Δ=10pp,Direct Δ target,500,-0.09926728999999995,0.9999999910692626
phase1_empirical / Δ=10pp,Direct Δ target,550,-0.09926728999999995,0.9999999990258832
phase1_empirical / Δ=10pp,Direct Δ target,600,-0.09926728999999995,0.9999999998965328
phase1_empirical / Δ=10pp,Direct Δ target,650,-0.09926728999999995,0.999999999989266
phase1_empirical / Δ=10pp,Direct Δ target,700,-0.09926728999999995,0.99999999999890965
phase1_empirical / Δ=10pp,Direct Δ target,750,-0.09926728999999995,0.9999999999998913
phase1_empirical / Δ=10pp,Direct Δ target,800,-0.09926728999999995,0.9999999999999893
phase1_empirical / Δ=10pp,Direct Δ target,850,-0.09926728999999995,0.999999999999999
phase1_empirical / Δ=10pp,Direct Δ target,900,-0.09926728999999995,0.9999999999999999
phase1_empirical / Δ=10pp,Direct Δ target,950,-0.09926728999999995,1
phase1_empirical / Δ=10pp,Direct Δ target,1000,-0.09926728999999995,1
phase1_empirical / Δ=10pp,Direct Δ target,1050,-0.09926728999999995,1
phase1_empirical / Δ=10pp,Direct Δ target,1100,-0.09926728999999995,1
phase1_empirical / Δ=10pp,Direct Δ target,1150,-0.09926728999999995,1
phase1_empirical / Δ=10pp,Direct Δ target,1200,-0.09926728999999995,1
phase1_empirical / Δ=10pp,Direct Δ target,1250,-0.09926728999999995,1
phase1_empirical / Δ=10pp,Direct Δ target,1300,-0.09926728999999995,1
phase1_empirical / Δ=10pp,Direct Δ target,1350,-0.09926728999999995,1
phase1_empirical / Δ=10pp,Direct Δ target,1400,-0.09926728999999995,1
phase1_empirical / Δ=10pp,Direct Δ target,1450,-0.09926728999999995,1
phase1_empirical / Δ=10pp,Direct Δ target,1500,-0.09926728999999995,1
phase1_empirical / Δ=10pp,Direct Δ target,1550,-0.09926728999999995,1
phase1_empirical / Δ=10pp,Direct Δ target,1600,-0.09926728999999995,1
phase1_empirical / Δ=10pp,Direct Δ target,1650,-0.09926728999999995,1
phase1_empirical / Δ=10pp,Direct Δ target,1700,-0.09926728999999995,1
phase1_empirical / Δ=10pp,Direct Δ target,1750,-0.09926728999999995,1
phase1_empirical / Δ=10pp,Direct Δ target,1800,-0.09926728999999995,1
phase1_empirical / Δ=10pp,Direct Δ target,1850,-0.09926728999999995,1
phase1_empirical / Δ=10pp,Direct Δ target,1900,-0.09926728999999995,1
phase1_empirical / Δ=10pp,Direct Δ target,1950,-0.09926728999999995,1
phase1_empirical / Δ=10pp,Direct Δ target,2000,-0.09926728999999995,1
phase1_empirical / Δ=10pp,Direct Δ target,2050,-0.09926728999999995,1
phase1_empirical / Δ=10pp,Direct Δ target,2100,-0.09926728999999995,1
phase1_empirical / Δ=10pp,Direct Δ target,2150,-0.09926728999999995,1
phase1_empirical / Δ=10pp,Direct Δ target,2200,-0.09926728999999995,1
phase1_empirical / Δ=10pp,Direct Δ target,2250,-0.09926728999999995,1
phase1_empirical / Δ=10pp,Direct Δ target,2300,-0.09926728999999995,1
phase1_empirical / Δ=10pp,Direct Δ target,2350,-0.09926728999999995,1
phase1_empirical / Δ=10pp,Direct Δ target,2400,-0.09926728999999995,1
phase1_empirical / Δ=10pp,Direct Δ target,2450,-0.09926728999999995,1
phase1_empirical / Δ=10pp,Direct Δ target,2500,-0.09926728999999995,1
phase1_empirical / Δ=10pp,Direct Δ target,2550,-0.09926728999999995,1
phase1_empirical / Δ=10pp,Direct Δ target,2600,-0.09926728999999995,1
phase1_empirical / Δ=10pp,Direct Δ target,2650,-0.09926728999999995,1
phase1_empirical / Δ=10pp,Direct Δ target,2700,-0.09926728999999995,1
phase1_empirical / Δ=10pp,Direct Δ target,2750,-0.09926728999999995,1
phase1_empirical / Δ=10pp,Direct Δ target,2800,-0.09926728999999995,1
phase1_empirical / Δ=10pp,Direct Δ target,2850,-0.09926728999999995,1
phase1_empirical / Δ=10pp,Direct Δ target,2900,-0.09926728999999995,1
phase1_empirical / Δ=10pp,Direct Δ target,2950,-0.09926728999999995,1
phase1_empirical / Δ=10pp,Direct Δ target,3000,-0.09926728999999995,1
phase1_empirical / Δ=10pp,Direct Δ target,3050,-0.09926728999999995,1
phase1_empirical / Δ=10pp,Direct Δ target,3100,-0.09926728999999995,1
phase1_empirical / Δ=10pp,Direct Δ target,3150,-0.09926728999999995,1
phase1_empirical / Δ=10pp,Direct Δ target,3200,-0.09926728999999995,1
phase1_empirical / Δ=10pp,Direct Δ target,3250,-0.09926728999999995,1
phase1_empirical / Δ=10pp,Direct Δ target,3300,-0.09926728999999995,1
phase1_empirical / Δ=10pp,Direct Δ target,3350,-0.09926728999999995,1
phase1_empirical / Δ=10pp,Direct Δ target,3400,-0.09926728999999995,1
phase1_empirical / Δ=10pp,Direct Δ target,3450,-0.09926728999999995,1
phase1_empirical / Δ=10pp,Direct Δ target,3500,-0.09926728999999995,1
phase1_empirical / Δ=10pp,Direct Δ target,3550,-0.09926728999999995,1
phase1_empirical / Δ=10pp,Direct Δ target,3600,-0.09926728999999995,1
phase1_empirical / Δ=10pp,Direct Δ target,3650,-0.09926728999999995,1
phase1_empirical / Δ=10pp,Direct Δ target,3700,-0.09926728999999995,1
phase1_empirical / Δ=10pp,Direct Δ target,3750,-0.09926728999999995,1
phase1_empirical / Δ=10pp,Direct Δ target,3800,-0.09926728999999995,1
phase1_empirical / Δ=10pp,Direct Δ target,3850,-0.09926728999999995,1
phase1_empirical / Δ=10pp,Direct Δ target,3900,-0.09926728999999995,1
phase1_empirical / Δ=10pp,Direct Δ target,3950,-0.09926728999999995,1
phase1_empirical / Δ=10pp,Direct Δ target,4000,-0.09926728999999995,1
phase1_empirical / Δ=10pp,Direct Δ target,4050,-0.09926728999999995,1
phase1_empirical / Δ=10pp,Direct Δ target,4100,-0.09926728999999995,1
phase1_empirical / Δ=10pp,Direct Δ target,4150,-0.09926728999999995,1
phase1_empirical / Δ=10pp,Direct Δ target,4200,-0.09926728999999995,1
phase1_empirical / Δ=10pp,Direct Δ target,4250,-0.09926728999999995,1
phase1_empirical / Δ=10pp,Direct Δ target,4300,-0.09926728999999995,1
phase1_empirical / Δ=10pp,Direct Δ target,4350,-0.09926728999999995,1
phase1_empirical / Δ=10pp,Direct Δ target,4400,-0.09926728999999995,1
phase1_empirical / Δ=10pp,Direct Δ target,4450,-0.09926728999999995,1
phase1_empirical / Δ=10pp,Direct Δ target,4500,-0.09926728999999995,1
phase1_empirical / Δ=10pp,Direct Δ target,4550,-0.09926728999999995,1
phase1_empirical / Δ=10pp,Direct Δ target,4600,-0.09926728999999995,1
phase1_empirical / Δ=10pp,Direct Δ target,4650,-0.09926728999999995,1
phase1_empirical / Δ=10pp,Direct Δ target,4700,-0.09926728999999995,1
phase1_empirical / Δ=10pp,Direct Δ target,4750,-0.09926728999999995,1
phase1_empirical / Δ=10pp,Direct Δ target,4800,-0.09926728999999995,1
phase1_empirical / Δ=10pp,Direct Δ target,4850,-0.09926728999999995,1
phase1_empirical / Δ=10pp,Direct Δ target,4900,-0.09926728999999995,1
phase1_empirical / Δ=10pp,Direct Δ target,4950,-0.09926728999999995,1
phase1_empirical / Δ=10pp,Direct Δ target,5000,-0.09926728999999995,1
phase1_empirical / Δ=10pp,Direct Δ target,5050,-0.09926728999999995,1
phase1_empirical / Δ=10pp,Direct Δ target,5100,-0.09926728999999995,1
phase1_empirical / Δ=10pp,Direct Δ target,5150,-0.09926728999999995,1
phase1_empirical / Δ=10pp,Direct Δ target,5200,-0.09926728999999995,1
phase1_empirical / Δ=10pp,Direct Δ target,5250,-0.09926728999999995,1
phase1_empirical / Δ=10pp,Direct Δ target,5300,-0.09926728999999995,1
phase1_empirical / Δ=10pp,Direct Δ target,5350,-0.09926728999999995,1
phase1_empirical / Δ=10pp,Direct Δ target,5400,-0.09926728999999995,1
phase1_empirical / Δ=10pp,Direct Δ target,5450,-0.09926728999999995,1
phase1_empirical / Δ=10pp,Direct Δ target,5500,-0.09926728999999995,1
phase1_empirical / Δ=10pp,Direct Δ target,5550,-0.09926728999999995,1
phase1_empirical / Δ=10pp,Direct Δ target,5600,-0.09926728999999995,1
phase1_empirical / Δ=10pp,Direct Δ target,5650,-0.09926728999999995,1
phase1_empirical / Δ=10pp,Direct Δ target,5700,-0.09926728999999995,1
phase1_empirical / Δ=10pp,Direct Δ target,5750,-0.09926728999999995,1
phase1_empirical / Δ=10pp,Direct Δ target,5800,-0.09926728999999995,1
phase1_empirical / Δ=10pp,Direct Δ target,5850,-0.09926728999999995,1
phase1_empirical / Δ=10pp,Direct Δ target,5900,-0.09926728999999995,1
phase1_empirical / Δ=10pp,Direct Δ target,5950,-0.09926728999999995,1
phase1_empirical / Δ=10pp,Direct Δ target,6000,-0.09926728999999995,1
