permutation_id,tau_null
1,-0.09437621202327084
2,-0.07352941176470584
3,-0.07223658694246926
4,0.11010558069381593
5,-0.03619909502262442
6,0.11333764274940739
7,-0.05995475113122173
8,-0.11182934712346482
9,-0.11344537815126055
10,-0.11247575953458311
11,-0.09017453135100195
12,0.09636931695755224
13,-0.13703943115707817
14,0.47236586942469294
15,-0.0898513251454428
16,-0.07029734970911439
17,-0.1446347769877182
18,-0.08435681965093733
19,0.0876427494074552
20,-0.10455720749838393
21,-0.12960568842921782
22,-0.0922753716871364
23,-0.0446024563671622
24,-0.07466063348416285
25,0.15212238741650508
26,-0.07466063348416285
27,-0.0833872010342599
28,0.24849170437405732
29,-0.07579185520361986
30,-0.05946994182288301
31,-0.055106658047834545
32,0.08570351217410033
33,-0.041855203619909465
34,-0.07724628312863602
35,-0.12895927601809953
36,-0.0809631544925663
37,0.11236802413272995
38,-0.09453781512605042
39,0.10525748761042875
40,-0.13429217840982544
41,0.6608489549666021
42,-0.12314156431803491
43,-0.07029734970911439
44,0.140002154708037
45,-0.0904977375565611
46,-0.06383322559793148
47,-0.09195216548157725
48,-0.08532643826761477
49,-0.0922753716871364
50,-0.07352941176470584
51,0.48545572074983845
52,-0.07886231415643186
53,-0.08968972204266323
54,0.32040508511096755
55,-0.133322559793148
56,-0.0869424692954105
57,-0.07110536522301225
58,-0.005817711700064621
59,-0.08742727860374921
60,0.7997198879551821
61,-0.17129928894634772
62,-0.09437621202327084
63,-0.08775048480930836
64,0.4436005171299289
65,-0.0904977375565611
66,-0.10277957336780863
67,-0.13251454427925013
68,-0.06706528765352293
69,-0.07724628312863602
70,-0.14544279250161607
71,-0.10778926955397539
72,0.11430726136608482
73,-0.13380736910148672
74,-0.11166774402068524
75,-0.07369101486748542
76,-0.11021331609566909
77,-0.12702003878474466
78,-0.10213316095669034
79,-0.1244343891402715
80,-0.07902391725921143
81,-0.1131221719457014
82,-0.06528765352294763
83,-0.08775048480930836
84,-0.047026502908855905
85,-0.06884292178409823
86,-0.08387201034259861
87,-0.06334841628959276
88,-0.13962508080155134
89,-0.12782805429864252
90,0.14759750053867693
91,-0.07579185520361986
92,0.0751993104934281
93,-0.050581771170006506
94,0.12254901960784315
95,-0.07708468002585644
96,-0.0940530058177117
97,-0.03248222365869424
98,-0.08742727860374921
99,-0.05381383322559796
100,0.4385908209437621
101,-0.13251454427925013
102,-0.19974143503555264
103,-0.12572721396250808
104,-0.08726567550096964
105,-0.060924369747899165
106,-0.11199095022624439
107,-0.08920491273432452
108,-0.08952811893988366
109,0.33333333333333337
110,0.4796380090497737
111,-0.11360698125404012
112,-0.08112475759534588
113,-0.05090497737556565
114,0.11414565826330525
115,-0.11683904330963157
116,-0.10875888817065282
117,0.4303490627020039
118,-0.06561085972850678
119,-0.09243697478991597
120,0.14759750053867693
121,-0.0827407886231416
122,-0.037330316742081426
123,-0.09211376858435683
124,0.09232923938806292
125,-0.11748545572074987
126,0.07730015082956254
127,0.28339797457444516
128,-0.08484162895927605
129,-0.1089204912734324
130,-0.08193277310924374
131,-0.09680025856496444
132,-0.11166774402068524
133,-0.09340659340659341
134,0.44004524886877827
135,-0.03296703296703296
136,-0.06237879767291532
137,0.403038138332256
138,0.48545572074983845
139,-0.13736263736263732
140,-0.07336780866192627
141,-0.11813186813186816
142,0.2552790346907995
143,-0.05817711700064643
144,-0.058661926308985146
145,-0.08419521654815776
146,0.4494182288299935
147,-0.11683904330963157
148,0
149,-0.08952811893988366
150,-0.11360698125404012
151,-0.05930833872010344
152,-0.12637362637362637
153,0.08570351217410033
154,-0.09631544925662572
155,-0.14253393665158376
156,0.32040508511096755
157,-0.0898513251454428
158,-0.1071428571428571
159,-0.0714285714285714
160,-0.12588881706528765
161,-0.031512605042016806
162,-0.08322559793148032
163,-0.08904330963154494
164,-0.026341305753070476
165,-0.055753070458952836
166,-0.09453781512605042
167,-0.08047834518422758
168,-0.07045895281189396
169,-0.10924369747899154
170,-0.11166774402068524
171,-0.08678086619263092
172,-0.10439560439560436
173,-0.08839689722042665
174,-0.11732385261797029
175,-0.11182934712346482
176,-0.09841628959276016
177,-0.12605042016806722
178,-0.08225597931480289
179,0.11786252962723542
180,-0.11651583710407243
181,0.5
182,-0.04718810601163548
183,-0.04799612152553334
184,-0.09841628959276016
185,-0.15513897866839044
186,-0.08387201034259861
187,-0.09162895927601811
188,-0.09211376858435683
189,-0.07579185520361986
190,-0.11619263089851328
191,-0.11182934712346482
192,-0.04848093083387206
193,-0.09712346477052358
194,-0.09825468648998059
195,-0.1262120232708468
196,-0.05882352941176472
197,-0.09195216548157725
198,-0.12653522947640594
199,-0.07126696832579182
200,-0.07837750484809314
201,0.28291316526610644
202,-0.0851648351648352
203,-0.07692307692307687
204,-0.08031674208144801
205,0.1067119155354449
206,0.44263089851325144
207,-0.10989010989010994
208,-0.05413703943115711
209,-0.10924369747899154
210,-0.09065934065934067
211,-0.08645765998707178
212,0.1621417797888386
213,-0.06706528765352293
214,-0.08484162895927605
215,-0.10439560439560436
216,-0.0033936651583710287
217,-0.06302521008403361
218,-0.09841628959276016
219,-0.08371040723981904
220,-0.1011635423400129
221,-0.12168713639301876
222,0.5
223,-0.08484162895927605
224,-0.060277957336780874
225,-0.06334841628959276
226,-0.06383322559793148
227,-0.0833872010342599
228,-0.11296056884292183
229,0.33333333333333337
230,-0.07870071105365228
231,-0.10762766645119581
232,-0.10067873303167418
233,-0.0463800904977375
234,-0.12394957983193278
235,0.11301443654384824
236,-0.0976082740788623
237,-0.0922753716871364
238,-0.09825468648998059
239,-0.1071428571428571
240,-0.12718164188752423
241,-0.05252100840336138
242,-0.09372979961215255
243,-0.09082094376212024
244,-0.11506140917905627
245,-0.053329023917259244
246,-0.058338720103426
247,-0.1148998060762767
248,0
249,-0.09243697478991597
250,0.10962077138547721
251,-0.07643826761473815
252,-0.1220103425985779
253,0.12125619478560656
254,-0.10164835164835162
255,-0.09841628959276016
256,0.1084895496660202
257,0.4578215901745314
258,-0.05559146735617326
259,-0.06819650937297994
260,-0.12475759534583064
261,-0.08645765998707178
262,-0.04734970911441505
263,-0.10778926955397539
264,-0.0904977375565611
265,-0.10229476405946991
266,0.0953996983408748
267,-0.06528765352294763
268,-0.07159017453135097
269,-0.07886231415643186
270,-0.13736263736263732
271,-0.1089204912734324
272,-0.10423400129282478
273,-0.08047834518422758
274,0.44957983193277307
275,0.12125619478560656
276,-0.09486102133160956
277,0.4612152553329024
278,-0.0654492566257272
279,-0.07724628312863602
280,0.4305106658047835
281,-0.11683904330963157
282,-0.08968972204266323
283,-0.1244343891402715
284,-0.08419521654815776
285,-0.07659987071751773
286,-0.10552682611506137
287,-0.09211376858435683
288,-0.10568842921784094
289,0.46574014221073046
290,-0.04799612152553334
291,0.45135746606334837
292,-0.09696186166774401
293,-0.10859728506787325
294,-0.08322559793148032
295,-0.10972850678733037
296,-0.03943115707821587
297,0
298,-0.06884292178409823
299,-0.13073691014867483
300,-0.1011635423400129
301,-0.12314156431803491
302,-0.05381383322559796
303,-0.1095669036845508
304,-0.07110536522301225
305,-0.11441499676793798
306,-0.05025856496444736
307,-0.10924369747899154
308,-0.13380736910148672
309,-0.07062055591467353
310,0.16666666666666663
311,-0.12928248222365868
312,-0.13122171945701355
313,0.1621417797888386
314,-0.04961215255332907
315,-0.14156431803490632
316,0.7997198879551821
317,0.7997198879551821
318,-0.12071751777634132
319,-0.08742727860374921
320,-0.09841628959276016
321,-0.07029734970911439
322,-0.12588881706528765
323,-0.08063994828700716
324,-0.0696509372979961
325,-0.08128636069812545
326,-0.10762766645119581
327,-0.08742727860374921
328,-0.07789269553975431
329,-0.0678733031674208
330,-0.10762766645119581
331,0
332,-0.11296056884292183
333,-0.06464124111182934
334,-0.10633484162895923
335,-0.05268261150614095
336,-0.07530704589528114
337,-0.10374919198448607
338,-0.09065934065934067
339,0.10364145658263302
340,-0.12330316742081449
341,-0.11279896574014225
342,-0.08952811893988366
343,-0.11182934712346482
344,-0.10342598577892692
345,-0.10859728506787325
346,0.07293686705451408
347,-0.04848093083387206
348,-0.06480284421460891
349,-0.10520361990950222
350,0.11786252962723542
351,0.2969726352079294
352,-0.11069812540400781
353,0.46767937944408533
354,-0.0940530058177117
355,0.09895496660202541
356,0.1067119155354449
357,0.14969834087481138
358,-0.06884292178409823
359,-0.037330316742081426
360,-0.1244343891402715
361,-0.09114414996767939
362,-0.0321590174531351
363,-0.11296056884292183
364,-0.07239819004524883
365,0.07471450118508938
366,-0.07029734970911439
367,-0.12314156431803491
368,-0.06884292178409823
369,-0.08791208791208793
370,0.06857358327946561
371,-0.11150614091790567
372,-0.07659987071751773
373,-0.0714285714285714
374,-0.04864253393665163
375,-0.058661926308985146
376,-0.10762766645119581
377,-0.10310277957336778
378,-0.1131221719457014
379,-0.052844214608920526
380,-0.1184550743374273
381,-0.11910148674854559
382,-0.10051712992889461
383,0.44618616677440204
384,-0.153038138332256
385,0.44618616677440204
386,-0.0446024563671622
387,-0.09162895927601811
388,-0.08791208791208793
389,-0.07611506140917901
390,0.07568411980176681
391,0.27564102564102566
392,0.12254901960784315
393,-0.07579185520361986
394,-0.04848093083387206
395,-0.11296056884292183
396,-0.09437621202327084
397,-0.05268261150614095
398,-0.014544279250161551
399,0.11463046757164397
400,-0.09324499030381384
401,-0.11683904330963157
402,-0.09162895927601811
403,-0.06851971557853909
404,-0.11748545572074987
405,0.12077138547726785
406,0.4909502262443439
407,-0.1308985132514544
408,-0.0339366515837104
409,-0.1011635423400129
410,-0.13768584356819646
411,-0.06528765352294763
412,-0.09308338720103426
413,-0.06706528765352293
414,-0.09114414996767939
415,0.45216548157724623
416,-0.15756302521008403
417,0.4429541047188106
418,-0.0446024563671622
419,0.15939452704158585
420,-0.054621848739495826
421,-0.09211376858435683
422,-0.08144796380090502
423,-0.055753070458952836
424,-0.08904330963154494
425,-0.05591467356173241
426,-0.08920491273432452
427,-0.09486102133160956
428,-0.09114414996767939
429,-0.07837750484809314
430,-0.06496444731738849
431,-0.12055591467356175
432,-0.06221719457013575
433,-0.09453781512605042
434,0.44957983193277307
435,0.47398190045248867
436,0.48303167420814475
437,-0.1011635423400129
438,-0.08920491273432452
439,0.44974143503555264
440,-0.10908209437621197
441,-0.09566903684550743
442,-0.09518422753716871
443,-0.074983839689722
444,-0.11441499676793798
445,-0.0690045248868778
446,-0.08742727860374921
447,-0.0547834518422754
448,-0.03991596638655459
449,-0.153038138332256
450,0.4762443438914027
451,0.29180133591898305
452,-0.06270200387847447
453,-0.09130575307045896
454,-0.059146735617323865
455,-0.08387201034259861
456,-0.116677440206852
457,-0.08904330963154494
458,-0.11441499676793798
459,-0.11813186813186816
460,-0.02472527472527475
461,-0.09599224305106657
462,0.28404438698556345
463,0.12125619478560656
464,-0.09809308338720102
465,-0.07352941176470584
466,-0.04961215255332907
467,0.6225490196078431
468,-0.11813186813186816
469,-0.11296056884292183
470,-0.07191338073691012
471,-0.1308985132514544
472,-0.08322559793148032
473,-0.10342598577892692
474,0.9709114414996768
475,-0.07110536522301225
476,-0.07514544279250157
477,-0.07433742727860371
478,0.11463046757164397
479,-0.0833872010342599
480,-0.08225597931480289
481,-0.08678086619263092
482,-0.12184873949579833
483,0.31070889894419307
484,0.14194139194139188
485,-0.044279250161603056
486,-0.007272139625080776
487,-0.10439560439560436
488,-0.10084033613445376
489,0.6225490196078431
490,0.16666666666666663
491,-0.05349062702003882
492,-0.08920491273432452
493,-0.0898513251454428
494,0.461376858435682
495,-0.07223658694246926
496,-0.08047834518422758
497,-0.12314156431803491
498,0.11285283344106867
499,-0.06528765352294763
500,0.2861452273216979
501,-0.1351001939237233
502,-0.07433742727860371
503,-0.06124757595345831
504,0.4893341952165482
505,-0.09065934065934067
506,-0.05381383322559796
507,-0.12750484809308338
508,-0.06480284421460891
509,0.09766214177978882
510,-0.08920491273432452
511,-0.0940530058177117
512,-0.05155138978668394
513,-0.07029734970911439
514,0.47753716871363927
515,-0.15627020038784745
516,-0.1351001939237233
517,-0.06496444731738849
518,0.4232385261797027
519,-0.12459599224305107
520,-0.0809631544925663
521,-0.08791208791208793
522,-0.1071428571428571
523,-0.013574660633484115
524,0.11964016375781072
525,-0.12702003878474466
526,-0.11215255332902396
527,-0.044279250161603056
528,-0.09841628959276016
529,-0.010665804783451804
530,-0.07886231415643186
531,-0.06577246283128635
532,-0.09098254686489982
533,-0.09195216548157725
534,0.7997198879551821
535,-0.1184550743374273
536,0.6225490196078431
537,-0.08290239172592118
538,0.442792501616031
539,0.2867916397328163
540,-0.07886231415643186
541,0.27515621633268694
542,-0.11021331609566909
543,-0.04330963154492562
544,0.30375996552467144
545,-0.06351001939237233
546,0.46881060116354234
547,-0.08484162895927605
548,0.3129713423831071
549,-0.13897866839043305
550,0.43309631544925664
551,0.11818573583279457
552,0.27741865977160096
553,-0.05138978668390437
554,0.44618616677440204
555,0.442792501616031
556,0.4713962508080155
557,-0.06932773109243695
558,-0.08241758241758246
559,-0.05704589528118942
560,-0.005817711700064621
561,-0.1202327084680026
562,-0.0678733031674208
563,0.4356819650937298
564,0.4385908209437621
565,-0.09825468648998059
566,-0.09599224305106657
567,-0.11619263089851328
568,-0.061570782159017456
569,0.11786252962723542
570,-0.09146735617323853
571,-0.0672268907563025
572,-0.11296056884292183
573,-0.06561085972850678
574,0.11786252962723542
575,-0.1244343891402715
576,0.09443007972419737
577,0.46460892049127345
578,-0.05526826115061412
579,-0.07466063348416285
580,-0.04508726567550092
581,-0.007272139625080776
582,-0.07724628312863602
583,-0.10100193923723333
584,-0.08500323206205562
585,-0.022624434389140302
586,0.6252962723550959
587,0.10687351863822447
588,-0.0654492566257272
589,-0.09421460892049127
590,-0.0833872010342599
591,-0.11570782159017456
592,-0.11910148674854559
593,-0.06884292178409823
594,-0.12895927601809953
595,-0.03991596638655459
596,-0.10326438267614735
597,-0.10811247575953453
598,-0.037330316742081426
599,-0.04314802844214605
600,-0.095830639948287
601,-0.0696509372979961
602,0.09636931695755224
603,-0.060924369747899165
604,-0.06302521008403361
605,0.4381060116354234
606,-0.10326438267614735
607,-0.09324499030381384
608,-0.074983839689722
609,-0.12168713639301876
610,-0.062055591467356175
611,-0.054621848739495826
612,-0.09308338720103426
613,0.11123680241327294
614,0.4290562378797673
615,-0.11344537815126055
616,-0.07773109243697474
617,-0.12394957983193278
618,-0.08742727860374921
619,-0.09486102133160956
620,0.4245313510019393
621,0.11786252962723542
622,0.4290562378797673
623,-0.07062055591467353
624,-0.08532643826761477
625,-0.07304460245636712
626,0
627,0.11576168929110098
628,-0.1064964447317388
629,-0.08047834518422758
630,-0.09566903684550743
631,-0.12944408532643825
632,-0.09195216548157725
633,-0.09162895927601811
634,-0.11199095022624439
635,-0.060924369747899165
636,-0.07627666451195858
637,0.4436005171299289
638,0.14630467571644035
639,-0.09195216548157725
640,-0.09146735617323853
641,-0.0976082740788623
642,-0.09324499030381384
643,0.1621417797888386
644,-0.10859728506787325
645,0.27224736048265463
646,-0.0654492566257272
647,-0.08920491273432452
648,0.5976621417797889
649,-0.07288299935358755
650,-0.06932773109243695
651,-0.10859728506787325
652,-0.13720103425985775
653,-0.07062055591467353
654,-0.09825468648998059
655,-0.05898513251454429
656,-0.15109890109890112
657,-0.022624434389140302
658,0.4893341952165482
659,-0.12895927601809953
660,-0.11118293471234653
661,0.4571751777634131
662,-0.07756948933419516
663,-0.07579185520361986
664,-0.05494505494505497
665,-0.1089204912734324
666,0.4376212023270847
667,-0.13429217840982544
668,0.11964016375781072
669,-0.08047834518422758
670,-0.05413703943115711
671,-0.08047834518422758
672,-0.11118293471234653
673,-0.09162895927601811
674,-0.10132514544279247
675,-0.07950872656755015
676,-0.07708468002585644
677,-0.054621848739495826
678,-0.051712992889463516
679,-0.04444085326438263
680,-0.009049773755656076
681,-0.07417582417582413
682,-0.09696186166774401
683,-0.034421460892049116
684,-0.05187459599224309
685,-0.05963154492566258
686,-0.1089204912734324
687,0.13127558715794008
688,-0.12944408532643825
689,-0.06528765352294763
690,0.4524886877828054
691,-0.0339366515837104
692,-0.09954751131221717
693,-0.07886231415643186
694,-0.11166774402068524
695,-0.04751131221719462
696,-0.05252100840336138
697,0.11430726136608482
698,0.08925878043525104
699,0.4893341952165482
700,-0.07999353587588887
701,-0.09453781512605042
702,-0.07659987071751773
703,-0.079185520361991
704,-0.0672268907563025
705,0.14194139194139188
706,-0.05882352941176472
707,-0.052844214608920526
708,-0.014544279250161551
709,0.46170006464124114
710,0.14194139194139188
711,-0.07029734970911439
712,-0.029088558500323214
713,-0.10504201680672265
714,-0.09065934065934067
715,-0.12314156431803491
716,-0.10908209437621197
717,-0.07708468002585644
718,-0.06851971557853909
719,-0.034421460892049116
720,0.11010558069381593
721,-0.013574660633484115
722,-0.08387201034259861
723,0.2880844645550529
724,-0.09841628959276016
725,-0.051066580478345225
726,-0.07724628312863602
727,-0.05090497737556565
728,-0.04266321913380733
729,-0.11296056884292183
730,-0.11522301228183585
731,-0.11958629605688431
732,-0.10665804783451838
733,-0.07643826761473815
734,0.287276449041155
735,0.1067119155354449
736,-0.09696186166774401
737,0.07730015082956254
738,-0.09421460892049127
739,-0.08500323206205562
740,0.43309631544925664
741,-0.09809308338720102
742,-0.05381383322559796
743,-0.05429864253393668
744,-0.08742727860374921
745,-0.04120879120879117
746,-0.07886231415643186
747,-0.11069812540400781
748,-0.07950872656755015
749,-0.0690045248868778
750,-0.06706528765352293
751,-0.10342598577892692
752,-0.07643826761473815
753,-0.10520361990950222
754,-0.04831932773109249
755,0.3231523378582203
756,-0.12394957983193278
757,0.4898190045248869
758,-0.08952811893988366
759,-0.0833872010342599
760,-0.09162895927601811
761,0.1311139840551605
762,0.46751777634130576
763,-0.036683904330963135
764,0.11980176686059041
765,0.11010558069381593
766,-0.07999353587588887
767,-0.09841628959276016
768,-0.14964447317388496
769,-0.10374919198448607
770,-0.12104072398190047
771,-0.06884292178409823
772,-0.08322559793148032
773,-0.08581124757595349
774,-0.061570782159017456
775,-0.07740788623141559
776,-0.09906270200387846
777,-0.10778926955397539
778,-0.07449903038138328
779,-0.11926308985132517
780,-0.08290239172592118
781,-0.0565610859728507
782,-0.10051712992889461
783,0.44618616677440204
784,0.10800474035768148
785,-0.09195216548157725
786,-0.07821590174531357
787,-0.0678733031674208
788,-0.06593406593406592
789,-0.09114414996767939
790,-0.040077569489334164
791,-0.11053652230122823
792,-0.11085972850678738
793,-0.06496444731738849
794,-0.08952811893988366
795,-0.06447963800904977
796,-0.10229476405946991
797,0.07956259426847656
798,-0.12233354880413705
799,-0.08936651583710409
800,0
801,-0.08678086619263092
802,-0.07886231415643186
803,-0.07821590174531357
804,-0.08193277310924374
805,0.14404223227752633
806,-0.09065934065934067
807,-0.007272139625080776
808,-0.10972850678733037
809,-0.1029411764705882
810,-0.09486102133160956
811,-0.14204912734324504
812,-0.11958629605688431
813,-0.11296056884292183
814,-0.09825468648998059
815,0.15939452704158585
816,-0.09486102133160956
817,0.4620232708468003
818,0.4578215901745314
819,-0.11344537815126055
820,0.7977806507218272
821,-0.05494505494505497
822,-0.10665804783451838
823,0.12254901960784315
824,-0.15109890109890112
825,0
826,-0.009049773755656076
827,-0.07659987071751773
828,0.0781081663434604
829,-0.12475759534583064
830,-0.10601163542340009
831,-0.07659987071751773
832,0.4381060116354234
833,-0.1035875888817065
834,-0.08678086619263092
835,-0.09276018099547512
836,0.10380305968541259
837,-0.0725597931480284
838,-0.016968325791855254
839,-0.10132514544279247
840,-0.09017453135100195
841,-0.02472527472527475
842,-0.06932773109243695
843,0.140002154708037
844,-0.15756302521008403
845,-0.05704589528118942
846,0.25721827192415436
847,-0.08952811893988366
848,-0.0851648351648352
849,-0.07094376212023268
850,-0.09728506787330315
851,-0.07579185520361986
852,-0.13720103425985775
853,0.11947856065503115
854,-0.06981254040077567
855,-0.061570782159017456
856,-0.07643826761473815
857,-0.08968972204266323
858,-0.10552682611506137
859,-0.0707821590174531
860,-0.06690368455074336
861,-0.09518422753716871
862,-0.09421460892049127
863,-0.15756302521008403
864,0.06469510881275586
865,-0.07563025210084029
866,0
867,0.15939452704158585
868,-0.07175177763413054
869,0.28291316526610644
870,0.46574014221073046
871,-0.09243697478991597
872,-0.05995475113122173
873,-0.07110536522301225
874,-0.0339366515837104
875,-0.12944408532643825
876,-0.05316742081447967
877,-0.0833872010342599
878,-0.03474466709760826
879,-0.04120879120879117
880,-0.12104072398190047
881,-0.12314156431803491
882,0.13159879336349922
883,0.12772031889678948
884,-0.05704589528118942
885,-0.02375565610859731
886,-0.11182934712346482
887,-0.02779573367808663
888,-0.09421460892049127
889,-0.09017453135100195
890,-0.10924369747899154
891,-0.010665804783451804
892,-0.09146735617323853
893,0.2770954535660418
894,-0.0940530058177117
895,-0.12120232708468004
896,-0.10601163542340009
897,-0.08645765998707178
898,-0.016968325791855254
899,-0.09631544925662572
900,-0.0678733031674208
901,-0.1184550743374273
902,-0.1011635423400129
903,0.15648567119155354
904,-0.08241758241758246
905,-0.08128636069812545
906,-0.05526826115061412
907,0.16666666666666663
908,0.25188536953242835
909,0.12594268476621417
910,-0.08823529411764708
911,0.5
912,0.44974143503555264
913,-0.18972204266321913
914,-0.10455720749838393
915,-0.07126696832579182
916,-0.11296056884292183
917,-0.044764059469941775
918,-0.05252100840336138
919,-0.0940530058177117
920,-0.08742727860374921
921,-0.061570782159017456
922,0.4893341952165482
923,0.47107304460245636
924,-0.09389140271493213
925,-0.07950872656755015
926,-0.05526826115061412
927,-0.0976082740788623
928,0.09443007972419737
929,-0.13073691014867483
930,-0.09550743374272785
931,-0.06270200387847447
932,-0.07466063348416285
933,-0.11522301228183585
934,-0.055753070458952836
935,0.08925878043525104
936,-0.10374919198448607
937,0.08570351217410033
938,0.10962077138547721
939,-0.12944408532643825
940,-0.15513897866839044
941,0.45976082740788626
942,-0.08952811893988366
943,-0.10407239819004521
944,-0.07466063348416285
945,-0.07223658694246926
946,-0.08209437621202331
947,-0.10407239819004521
948,-0.058661926308985146
949,-0.07207498383968969
950,0.28873087696617117
951,-0.10326438267614735
952,-0.12104072398190047
953,-0.09082094376212024
954,-0.09987071751777632
955,-0.08920491273432452
956,-0.010665804783451804
957,-0.07999353587588887
958,0.6259426847662142
959,-0.10972850678733037
960,-0.03684550743374271
961,-0.09841628959276016
962,-0.11683904330963157
963,-0.1184550743374273
964,-0.12944408532643825
965,-0.08742727860374921
966,-0.09017453135100195
967,-0.06851971557853909
968,0.28533721180780003
969,-0.11296056884292183
970,-0.07062055591467353
971,-0.11974789915966388
972,-0.04266321913380733
973,-0.06641887524240464
974,-0.08645765998707178
975,-0.08823529411764708
976,-0.09340659340659341
977,-0.09453781512605042
978,-0.1089204912734324
979,0.46234647705235943
980,-0.08500323206205562
981,-0.11958629605688431
982,-0.07175177763413054
983,0.28355957767722473
984,-0.09776987718164187
985,0.4665481577246283
986,-0.11683904330963157
987,-0.06221719457013575
988,-0.060277957336780874
989,-0.012928248222365823
990,-0.09486102133160956
991,-0.09744667097608273
992,-0.05187459599224309
993,-0.09211376858435683
994,-0.09389140271493213
995,0.0751993104934281
996,-0.08177117000646417
997,0.47171945701357465
998,0.11236802413272995
999,-0.07950872656755015
1000,-0.1184550743374273
1001,0.13014436543848307
1002,-0.0636716224951519
1003,-0.06577246283128635
1004,-0.07950872656755015
1005,-0.09098254686489982
1006,-0.09890109890109888
1007,0.4429541047188106
1008,-0.08758888170652879
1009,-0.11700064641241115
1010,-0.09841628959276016
1011,-0.05203619909502266
1012,-0.11764705882352944
1013,-0.11683904330963157
1014,-0.14544279250161607
1015,-0.0976082740788623
1016,-0.07934712346477057
1017,0.29050851109674647
1018,0.6560008618832149
1019,-0.11296056884292183
1020,-0.11102133160956695
1021,0.46945701357466063
1022,0.49660633484162897
1023,0.47640594699418226
1024,-0.06221719457013575
1025,-0.06851971557853909
1026,-0.07950872656755015
1027,-0.06496444731738849
1028,-0.0904977375565611
1029,0.4713962508080155
1030,-0.07062055591467353
1031,-0.0993859082094376
1032,0.11236802413272995
1033,-0.07514544279250157
1034,-0.09550743374272785
1035,-0.12572721396250808
1036,-0.08581124757595349
1037,-0.08371040723981904
1038,-0.13073691014867483
1039,-0.02714932126696834
1040,-0.0530058177117001
1041,-0.10520361990950222
1042,0.43535875888817066
1043,-0.07223658694246926
1044,-0.13736263736263732
1045,-0.09486102133160956
1046,-0.0696509372979961
1047,0.45685197155785395
1048,-0.12944408532643825
1049,-0.11231415643180354
1050,-0.10067873303167418
1051,-0.0636716224951519
1052,-0.10520361990950222
1053,0.10655031243266533
1054,-0.1422107304460246
1055,0.12254901960784315
1056,0.4290562378797673
1057,0.09766214177978882
1058,-0.08484162895927605
1059,-0.11296056884292183
1060,-0.07514544279250157
1061,0.15761689291101055
1062,-0.11813186813186816
1063,-0.05203619909502266
1064,-0.0869424692954105
1065,0.13159879336349922
1066,-0.06884292178409823
1067,-0.07659987071751773
1068,0.07956259426847656
1069,-0.07643826761473815
1070,0.6349924585218703
1071,-0.029088558500323214
1072,-0.11215255332902396
1073,-0.1011635423400129
1074,-0.09647705235940529
1075,0.967032967032967
1076,-0.06108597285067874
1077,-0.15756302521008403
1078,-0.10989010989010994
1079,-0.08306399482870075
1080,-0.0880736910148675
1081,-0.05704589528118942
1082,-0.0940530058177117
1083,-0.09825468648998059
1084,-0.11182934712346482
1085,-0.10455720749838393
1086,-0.07239819004524883
1087,-0.06593406593406592
1088,-0.08920491273432452
1089,-0.074983839689722
1090,0.10073260073260071
1091,-0.08645765998707178
1092,0.12772031889678948
1093,-0.012928248222365823
1094,0.4298642533936652
1095,-0.09502262443438914
1096,0.1067119155354449
1097,-0.1011635423400129
1098,-0.10665804783451838
1099,-0.02375565610859731
1100,-0.08952811893988366
1101,-0.09550743374272785
1102,-0.04831932773109249
1103,-0.12944408532643825
1104,-0.05429864253393668
1105,-0.14544279250161607
1106,-0.06528765352294763
1107,-0.04670329670329665
1108,-0.15756302521008403
1109,0.4760827407886231
1110,-0.0339366515837104
1111,-0.10520361990950222
1112,-0.09195216548157725
1113,-0.13235294117647056
1114,-0.08322559793148032
1115,-0.09243697478991597
1116,-0.10908209437621197
1117,-0.06383322559793148
1118,-0.05155138978668394
1119,-0.07659987071751773
1120,-0.11296056884292183
1121,-0.058338720103426
1122,-0.07999353587588887
1123,0.30666882137470375
1124,-0.07740788623141559
1125,-0.09195216548157725
1126,-0.05268261150614095
1127,0.4660633484162896
1128,-0.14964447317388496
1129,0.12125619478560656
1130,-0.09114414996767939
1131,-0.15384615384615385
1132,-0.05138978668390437
1133,-0.0833872010342599
1134,-0.09825468648998059
1135,-0.09114414996767939
1136,-0.1029411764705882
1137,-0.13962508080155134
1138,-0.07740788623141559
1139,0.16666666666666663
1140,-0.10100193923723333
1141,-0.11974789915966388
1142,-0.11296056884292183
1143,-0.09340659340659341
1144,-0.09211376858435683
1145,-0.1184550743374273
1146,0.4429541047188106
1147,-0.06334841628959276
1148,-0.051712992889463516
1149,-0.10455720749838393
1150,0.07730015082956254
1151,-0.11877828054298645
1152,0.0907132083602672
1153,-0.09857789269553974
1154,-0.12944408532643825
1155,0.4534583063994829
1156,0.4558823529411765
1157,-0.0851648351648352
1158,-0.08193277310924374
1159,-0.12895927601809953
1160,-0.09825468648998059
1161,-0.12750484809308338
1162,-0.08645765998707178
1163,0.2861452273216979
1164,-0.1018099547511312
1165,0.4303490627020039
1166,-0.09195216548157725
1167,-0.09696186166774401
1168,-0.12895927601809953
1169,-0.08241758241758246
1170,-0.11296056884292183
1171,0.28582202111613875
1172,-0.10908209437621197
1173,-0.10035552682611504
1174,0.11301443654384824
1175,0.28582202111613875
1176,-0.1011635423400129
1177,0.4505494505494505
1178,-0.03474466709760826
1179,-0.04056237879767288
1180,-0.04670329670329665
1181,0.9667097608274079
1182,-0.08920491273432452
1183,-0.08645765998707178
1184,-0.0845184227537169
1185,-0.09114414996767939
1186,-0.16758241758241754
1187,-0.04266321913380733
1188,-0.07579185520361986
1189,-0.06528765352294763
1190,-0.10972850678733037
1191,0.09329885800474036
1192,-0.11700064641241115
1193,-0.09114414996767939
1194,0.15212238741650508
1195,-0.04153199741435032
1196,0.44505494505494503
1197,0.14194139194139188
1198,-0.10924369747899154
1199,-0.04088558500323203
1200,0.4385908209437621
1201,-0.08726567550096964
1202,-0.08047834518422758
1203,0.42840982546864903
1204,0.2795195001077354
1205,-0.0660956690368455
1206,-0.08063994828700716
1207,-0.13251454427925013
1208,0.281943546649429
1209,-0.09146735617323853
1210,-0.09162895927601811
1211,-0.07853910795087271
1212,-0.06851971557853909
1213,-0.0654492566257272
1214,-0.10213316095669034
1215,0.6248114630467572
1216,-0.0696509372979961
1217,-0.08015513897866844
1218,-0.05138978668390437
1219,-0.0940530058177117
1220,-0.13283775048480928
1221,-0.10488041370394308
1222,-0.09308338720103426
1223,0
1224,-0.04831932773109249
1225,0.27854988149105797
1226,-0.08371040723981904
1227,-0.010665804783451804
1228,-0.09065934065934067
1229,0.15309200603318251
1230,-0.07853910795087271
1231,-0.11877828054298645
1232,-0.058661926308985146
1233,-0.09098254686489982
1234,-0.08742727860374921
1235,-0.08678086619263092
1236,0.4385908209437621
1237,-0.05090497737556565
1238,-0.12895927601809953
1239,-0.06625727213962507
1240,0.46460892049127345
1241,-0.13897866839043305
1242,0.43309631544925664
1243,0.13499245852187025
1244,-0.16758241758241754
1245,0.06857358327946561
1246,-0.0809631544925663
1247,-0.11748545572074987
1248,0.46687136393018747
1249,-0.06221719457013575
1250,0.27273216979099335
1251,-0.04718810601163548
1252,-0.02714932126696834
1253,-0.0547834518422754
1254,-0.06835811247575951
1255,-0.12104072398190047
1256,-0.05268261150614095
1257,-0.07611506140917901
1258,0.43018745959922433
1259,-0.09809308338720102
1260,-0.07789269553975431
1261,-0.07886231415643186
1262,-0.13009049773755654
1263,-0.1011635423400129
1264,-0.0707821590174531
1265,-0.07449903038138328
1266,-0.0678733031674208
1267,-0.12750484809308338
1268,-0.08678086619263092
1269,-0.1047188106011635
1270,-0.10924369747899154
1271,-0.14867485455720753
1272,-0.07159017453135097
1273,0.30182072829131656
1274,0.2814587373410903
1275,-0.09195216548157725
1276,-0.11473820297349713
1277,0.2688536953242836
1278,-0.12540400775694893
1279,-0.04799612152553334
1280,-0.11344537815126055
1281,-0.08128636069812545
1282,-0.06124757595345831
1283,0.14759750053867693
1284,-0.06512605042016806
1285,0.33333333333333337
1286,0.13273001508295623
1287,-0.1220103425985779
1288,-0.0869424692954105
1289,-0.0904977375565611
1290,-0.07369101486748542
1291,0.4809308338720103
1292,-0.06932773109243695
1293,0.47753716871363927
1294,0.43309631544925664
1295,-0.08031674208144801
1296,-0.04961215255332907
1297,-0.07159017453135097
1298,0.2502693385046326
1299,-0.11732385261797029
1300,-0.0887201034259858
1301,-0.15255332902391727
1302,-0.11861667744020687
1303,-0.09841628959276016
1304,-0.09162895927601811
1305,-0.07886231415643186
1306,-0.07288299935358755
1307,0.12125619478560656
1308,-0.09243697478991597
1309,-0.09486102133160956
1310,0.29180133591898305
1311,-0.08484162895927605
1312,0.09830855419090712
1313,0.1537384184443008
1314,-0.1672592113768584
1315,-0.12702003878474466
1316,0.10687351863822447
1317,-0.041855203619909465
1318,-0.12782805429864252
1319,-0.07563025210084029
1320,-0.08500323206205562
1321,-0.04266321913380733
1322,0.43600517129928895
1323,0.08570351217410033
1324,-0.07886231415643186
1325,-0.06577246283128635
1326,0.440530058177117
1327,-0.0678733031674208
1328,-0.035552682611506126
1329,-0.11958629605688431
1330,-0.11683904330963157
1331,-0.03474466709760826
1332,-0.12928248222365868
1333,0.48303167420814475
1334,-0.10326438267614735
1335,0.12707390648567118
1336,0.10735832794656319
1337,-0.0767614738202973
1338,0.43891402714932126
1339,0.08505709976298204
1340,-0.12944408532643825
1341,-0.10277957336780863
1342,-0.06997414350355524
1343,-0.1517453135100194
1344,-0.057369101486748564
1345,-0.11877828054298645
1346,-0.10908209437621197
1347,-0.09065934065934067
1348,-0.1089204912734324
1349,-0.07659987071751773
1350,0.2926093514328809
1351,-0.1422107304460246
1352,0.4225921137685844
1353,-0.02375565610859731
1354,-0.1184550743374273
1355,0
1356,-0.08484162895927605
1357,-0.08920491273432452
1358,-0.09308338720103426
1359,-0.10617323852617966
1360,0.11576168929110098
1361,-0.09243697478991597
1362,-0.10972850678733037
1363,-0.08952811893988366
1364,-0.07563025210084029
1365,-0.0725597931480284
1366,-0.061570782159017456
1367,0.3105472958414135
1368,-0.05235940530058181
1369,0.4327731092436975
1370,-0.08952811893988366
1371,-0.051066580478345225
1372,-0.07352941176470584
1373,-0.1446347769877182
1374,-0.10164835164835162
1375,-0.13736263736263732
1376,-0.08645765998707178
1377,-0.12524240465416936
1378,-0.05074337427278608
1379,0.6560008618832149
1380,0.15309200603318251
1381,-0.1089204912734324
1382,-0.11247575953458311
1383,-0.04751131221719462
1384,0.4893341952165482
1385,0.4225921137685844
1386,-0.10520361990950222
1387,-0.06351001939237233
1388,-0.037815126050420145
1389,-0.09437621202327084
1390,-0.07352941176470584
1391,-0.09502262443438914
1392,-0.12879767291531996
1393,-0.07708468002585644
1394,0.4225921137685844
1395,0.10347985347985345
1396,-0.0732062055591467
1397,-0.08322559793148032
1398,0.30844645550527905
1399,-0.09162895927601811
1400,0.4385908209437621
1401,-0.07886231415643186
1402,0.29309416074121963
1403,0.4505494505494505
1404,-0.09453781512605042
1405,0.5
1406,-0.1220103425985779
1407,-0.0940530058177117
1408,-0.12944408532643825
1409,-0.1262120232708468
1410,-0.11182934712346482
1411,-0.09340659340659341
1412,-0.08419521654815776
1413,-0.09421460892049127
1414,0.30020469726352084
1415,-0.11199095022624439
1416,-0.08775048480930836
1417,-0.12895927601809953
1418,-0.07223658694246926
1419,-0.12184873949579833
1420,-0.09082094376212024
1421,-0.060277957336780874
1422,0
1423,-0.08387201034259861
1424,-0.031997414350355524
1425,-0.10859728506787325
1426,0.4308338720103426
1427,-0.09566903684550743
1428,-0.07207498383968969
1429,-0.12944408532643825
1430,-0.0696509372979961
1431,-0.05526826115061412
1432,-0.04056237879767288
1433,-0.05268261150614095
1434,0
1435,-0.08225597931480289
1436,-0.10924369747899154
1437,-0.12895927601809953
1438,0
1439,-0.06641887524240464
1440,0.12788192199956905
1441,-0.07740788623141559
1442,-0.0446024563671622
1443,-0.04201680672268904
1444,-0.04266321913380733
1445,-0.095830639948287
1446,-0.09857789269553974
1447,0.46945701357466063
1448,-0.08661926308985135
1449,-0.12702003878474466
1450,-0.08371040723981904
1451,-0.08532643826761477
1452,0.0907132083602672
1453,0.4471557853910795
1454,0.1282051282051282
1455,-0.06496444731738849
1456,-0.08823529411764708
1457,-0.055106658047834545
1458,0.4558823529411765
1459,0.10525748761042875
1460,-0.09550743374272785
1461,0.11786252962723542
1462,-0.07934712346477057
1463,-0.11069812540400781
1464,-0.07805429864253388
1465,-0.04961215255332907
1466,0.0781081663434604
1467,-0.10342598577892692
1468,0.47753716871363927
1469,-0.08047834518422758
1470,-0.0833872010342599
1471,-0.12572721396250808
1472,-0.09987071751777632
1473,-0.07449903038138328
1474,-0.10132514544279247
1475,-0.09146735617323853
1476,-0.10326438267614735
1477,-0.07967032967032972
1478,0.2927709545356605
1479,-0.08322559793148032
1480,-0.09082094376212024
1481,0.3068304244774833
1482,-0.10746606334841624
1483,-0.13138332255979313
1484,-0.095830639948287
1485,-0.09841628959276016
1486,-0.050420168067226934
1487,-0.10277957336780863
1488,-0.07740788623141559
1489,-0.11748545572074987
1490,-0.0904977375565611
1491,-0.14204912734324504
1492,-0.10859728506787325
1493,0.11301443654384824
1494,-0.09776987718164187
1495,-0.09550743374272785
1496,-0.0725597931480284
1497,-0.07740788623141559
1498,0.4510342598577892
1499,-0.08063994828700716
1500,-0.11069812540400781
1501,-0.02472527472527475
1502,-0.1184550743374273
1503,0.3069920275802629
1504,-0.053329023917259244
1505,-0.11441499676793798
1506,-0.09114414996767939
1507,-0.03619909502262442
1508,-0.07029734970911439
1509,-0.11958629605688431
1510,-0.09550743374272785
1511,-0.07853910795087271
1512,-0.0887201034259858
1513,-0.06351001939237233
1514,-0.12233354880413705
1515,-0.1064964447317388
1516,0.0907132083602672
1517,-0.13720103425985775
1518,-0.10859728506787325
1519,-0.0869424692954105
1520,-0.04977375565610864
1521,0.11818573583279457
1522,-0.05898513251454429
1523,-0.09421460892049127
1524,0.5
1525,-0.09954751131221717
1526,-0.10148674854557205
1527,-0.1803490627020039
1528,-0.10439560439560436
1529,-0.09809308338720102
1530,0.4326115061409179
1531,-0.1131221719457014
1532,-0.11958629605688431
1533,-0.052844214608920526
1534,-0.08241758241758246
1535,-0.10665804783451838
1536,-0.006140917905623766
1537,-0.10859728506787325
1538,-0.08144796380090502
1539,-0.0339366515837104
1540,-0.14059469941822877
1541,0.2927709545356605
1542,-0.08387201034259861
1543,-0.030219780219780223
1544,0.46703296703296704
1545,-0.07756948933419516
1546,-0.06302521008403361
1547,-0.09776987718164187
1548,-0.1244343891402715
1549,0.09814695108812754
1550,0.4578215901745314
1551,-0.050581771170006506
1552,-0.05494505494505497
1553,0.46881060116354234
1554,-0.014544279250161551
1555,-0.09502262443438914
1556,-0.03345184227537168
1557,-0.0678733031674208
1558,0.16666666666666663
1559,0.64565826330532206
1560,0.45216548157724623
1561,-0.13849385908209433
1562,-0.12459599224305107
1563,-0.0512281835811248
1564,0.12206421029950443
1565,-0.1351001939237233
1566,-0.11182934712346482
1567,-0.06334841628959276
1568,-0.16338073691014865
1569,0
1570,-0.05898513251454429
1571,-0.13962508080155134
1572,-0.07029734970911439
1573,-0.09566903684550743
1574,-0.11053652230122823
1575,0.9668713639301875
1576,-0.12104072398190047
1577,-0.15384615384615385
1578,0.15939452704158585
1579,0.6225490196078431
1580,0.15648567119155354
1581,0.15309200603318251
1582,-0.09566903684550743
1583,-0.08532643826761477
1584,-0.0678733031674208
1585,-0.08532643826761477
1586,0.16666666666666663
1587,-0.09954751131221717
1588,-0.0707821590174531
1589,0.14921353156647266
1590,-0.08726567550096964
1591,-0.04508726567550092
1592,-0.08904330963154494
1593,-0.014544279250161551
1594,-0.10132514544279247
1595,-0.06108597285067874
1596,0.10073260073260071
1597,0.46881060116354234
1598,-0.0690045248868778
1599,-0.0940530058177117
1600,-0.09033613445378152
1601,0.12772031889678948
1602,-0.10972850678733037
1603,-0.0672268907563025
1604,-0.11296056884292183
1605,-0.1082740788623141
1606,-0.041855203619909465
1607,-0.11425339366515841
1608,-0.1244343891402715
1609,-0.16338073691014865
1610,0.3074768368886016
1611,-0.03636069812540399
1612,0.42243051066580484
1613,-0.10924369747899154
1614,-0.07999353587588887
1615,0.11786252962723542
1616,-0.12944408532643825
1617,-0.07352941176470584
1618,0.0936220642102995
1619,0.1621417797888386
1620,-0.014544279250161551
1621,0.140002154708037
1622,0.11673130790777841
1623,-0.09421460892049127
1624,-0.1064964447317388
1625,0.4457013574660633
1626,-0.11506140917905627
1627,-0.010180995475113086
1628,-0.11296056884292183
1629,-0.15643180349062702
1630,0.46460892049127345
1631,0.11430726136608482
1632,-0.08209437621202331
1633,0.10735832794656319
1634,-0.08678086619263092
1635,-0.0565610859728507
1636,0.10218702865761686
1637,0.6560008618832149
1638,-0.0851648351648352
1639,0.11608489549666012
1640,-0.010180995475113086
1641,-0.05963154492566258
1642,-0.07094376212023268
1643,-0.11764705882352944
1644,-0.055753070458952836
1645,-0.03054298642533937
1646,-0.09065934065934067
1647,0.33333333333333337
1648,-0.12475759534583064
1649,-0.08581124757595349
1650,-0.09082094376212024
1651,-0.08678086619263092
1652,-0.03975436328377502
1653,-0.09873949579831931
1654,0.46234647705235943
1655,-0.10164835164835162
1656,-0.10601163542340009
1657,-0.06674208144796379
1658,-0.09065934065934067
1659,-0.06851971557853909
1660,0.14759750053867693
1661,-0.09987071751777632
1662,-0.11700064641241115
1663,-0.11296056884292183
1664,-0.10972850678733037
1665,0.10687351863822447
1666,-0.12702003878474466
1667,-0.06658047834518421
1668,0.48303167420814475
1669,-0.08371040723981904
1670,-0.09599224305106657
1671,0.40562378797672916
1672,-0.12524240465416936
1673,0.10735832794656319
1674,-0.0446024563671622
1675,-0.07999353587588887
1676,-0.10972850678733037
1677,-0.08484162895927605
1678,0.3052143934496876
1679,-0.06351001939237233
1680,-0.10843568196509368
1681,-0.1244343891402715
1682,0.44909502262443435
1683,0.10073260073260071
1684,-0.08257918552036203
1685,-0.07950872656755015
1686,0.44489334195216546
1687,-0.06351001939237233
1688,-0.06561085972850678
1689,-0.09114414996767939
1690,-0.11861667744020687
1691,-0.09647705235940529
1692,0.08295625942684759
1693,-0.10972850678733037
1694,-0.10568842921784094
1695,-0.079185520361991
1696,-0.08710407239819007
1697,-0.13639301874595988
1698,0.4385908209437621
1699,-0.05542986425339369
1700,-0.07627666451195858
1701,-0.10213316095669034
1702,-0.07870071105365228
1703,0.1162464985994397
1704,-0.07950872656755015
1705,-0.09987071751777632
1706,-0.12653522947640594
1707,-0.07239819004524883
1708,0.09232923938806292
1709,-0.09809308338720102
1710,-0.06932773109243695
1711,0.10380305968541259
1712,-0.02020038784744671
1713,-0.09550743374272785
1714,-0.030381383322559796
1715,-0.044279250161603056
1716,-0.08581124757595349
1717,-0.14544279250161607
1718,-0.10601163542340009
1719,-0.04670329670329665
1720,-0.053975436328377535
1721,-0.014544279250161551
1722,0.09475328592975651
1723,-0.05268261150614095
1724,-0.1452811893988365
1725,-0.10132514544279247
1726,-0.09841628959276016
1727,-0.0190691661279897
1728,-0.12540400775694893
1729,-0.060924369747899165
1730,0.0876427494074552
1731,0.44505494505494503
1732,0.44263089851325144
1733,-0.06302521008403361
1734,0.14759750053867693
1735,-0.09065934065934067
1736,-0.07999353587588887
1737,-0.09486102133160956
1738,-0.1148998060762767
1739,-0.04864253393665163
1740,-0.05025856496444736
1741,-0.09566903684550743
1742,0.9408532643826761
1743,-0.09162895927601811
1744,-0.09243697478991597
1745,-0.11441499676793798
1746,-0.12702003878474466
1747,0.140002154708037
1748,-0.061409179056237884
1749,-0.0725597931480284
1750,0.16666666666666663
1751,-0.11813186813186816
1752,0.13127558715794008
1753,0.4225921137685844
1754,0.442792501616031
1755,-0.08936651583710409
1756,-0.05009696186166779
1757,-0.09486102133160956
1758,-0.07805429864253388
1759,-0.09243697478991597
1760,-0.12928248222365868
1761,-0.10374919198448607
1762,-0.07223658694246926
1763,0.6560008618832149
1764,-0.10035552682611504
1765,0.461376858435682
1766,-0.050581771170006506
1767,-0.0869424692954105
1768,-0.06270200387847447
1769,0.4870717517776342
1770,-0.0993859082094376
1771,0.160848954966602
1772,-0.1386554621848739
1773,-0.14431157078215906
1774,0.09766214177978882
1775,-0.09372979961215255
1776,-0.09922430510665803
1777,-0.11247575953458311
1778,-0.11344537815126055
1779,-0.1308985132514544
1780,-0.05930833872010344
1781,-0.05090497737556565
1782,0.28339797457444516
1783,0.2812971342383107
1784,0.140002154708037
1785,-0.11683904330963157
1786,-0.05898513251454429
1787,-0.13380736910148672
1788,-0.07611506140917901
1789,-0.07223658694246926
1790,-0.09534583063994828
1791,-0.08823529411764708
1792,-0.08257918552036203
1793,-0.05268261150614095
1794,-0.1011635423400129
1795,-0.11877828054298645
1796,0.3231523378582203
1797,-0.08435681965093733
1798,-0.048804137039431206
1799,0.07261366084895493
1800,0.0781081663434604
1801,-0.05494505494505497
1802,0.4065934065934066
1803,-0.153038138332256
1804,-0.04734970911441505
1805,-0.0798319327731093
1806,-0.0833872010342599
1807,0.4571751777634131
1808,0.07956259426847656
1809,-0.09098254686489982
1810,0.48303167420814475
1811,-0.0851648351648352
1812,-0.08484162895927605
1813,-0.09857789269553974
1814,0.08925878043525104
1815,-0.09082094376212024
1816,-0.08047834518422758
1817,-0.0190691661279897
1818,-0.0833872010342599
1819,-0.06641887524240464
1820,-0.036683904330963135
1821,-0.09599224305106657
1822,-0.060277957336780874
1823,-0.0392695539754363
1824,0.4809308338720103
1825,-0.07126696832579182
1826,-0.08968972204266323
1827,-0.05413703943115711
1828,-0.09162895927601811
1829,0.47753716871363927
1830,-0.08209437621202331
1831,-0.1011635423400129
1832,-0.10617323852617966
1833,-0.09825468648998059
1834,-0.12411118293471235
1835,-0.11586942469295414
1836,0.12772031889678948
1837,-0.11425339366515841
1838,0.2969726352079294
1839,-0.12314156431803491
1840,0.4321266968325792
1841,-0.09065934065934067
1842,-0.07223658694246926
1843,-0.14625080801551393
1844,0.44796380090497734
1845,-0.0625404007756949
1846,-0.07853910795087271
1847,-0.1255656108597285
1848,-0.0940530058177117
1849,-0.07336780866192627
1850,-0.04508726567550092
1851,0.12464985994397759
1852,0.10687351863822447
1853,-0.0190691661279897
1854,0.1084895496660202
1855,-0.08063994828700716
1856,-0.06528765352294763
1857,0.13612368024132726
1858,-0.059793148028442156
1859,0.15212238741650508
1860,0.31087050204697264
1861,0.1126912303382891
1862,-0.06221719457013575
1863,-0.09647705235940529
1864,-0.1011635423400129
1865,-0.08306399482870075
1866,-0.07740788623141559
1867,-0.05995475113122173
1868,-0.095830639948287
1869,-0.14204912734324504
1870,-0.10520361990950222
1871,-0.11166774402068524
1872,-0.09065934065934067
1873,-0.08241758241758246
1874,-0.0494505494505495
1875,0.0781081663434604
1876,-0.11797026502908858
1877,-0.08710407239819007
1878,0.15648567119155354
1879,-0.14689722042663222
1880,-0.09114414996767939
1881,-0.05494505494505497
1882,-0.07708468002585644
1883,-0.07643826761473815
1884,-0.09566903684550743
1885,-0.12475759534583064
1886,-0.10859728506787325
1887,0.14759750053867693
1888,0.11867054514113329
1889,-0.06884292178409823
1890,-0.0809631544925663
1891,0.11576168929110098
1892,-0.08661926308985135
1893,-0.08290239172592118
1894,0.09766214177978882
1895,-0.09146735617323853
1896,-0.0339366515837104
1897,-0.1071428571428571
1898,-0.05025856496444736
1899,0.10218702865761686
1900,0.11608489549666012
1901,-0.08920491273432452
1902,-0.1064964447317388
1903,-0.07062055591467353
1904,-0.06835811247575951
1905,-0.12782805429864252
1906,-0.10859728506787325
1907,-0.057369101486748564
1908,-0.044117647058823484
1909,-0.06302521008403361
1910,-0.10455720749838393
1911,-0.11166774402068524
1912,0.3076384399913812
1913,-0.09065934065934067
1914,-0.0672268907563025
1915,-0.079185520361991
1916,-0.09195216548157725
1917,-0.07950872656755015
1918,-0.12314156431803491
1919,-0.1351001939237233
1920,-0.07692307692307687
1921,0.45976082740788626
1922,0.11608489549666012
1923,-0.07999353587588887
1924,0.14630467571644035
1925,-0.14204912734324504
1926,0.45555914673561737
1927,-0.12605042016806722
1928,-0.06270200387847447
1929,-0.07417582417582413
1930,-0.1071428571428571
1931,-0.13849385908209433
1932,-0.11344537815126055
1933,-0.05138978668390437
1934,0.46460892049127345
1935,-0.07756948933419516
1936,-0.12411118293471235
1937,-0.09211376858435683
1938,0.09636931695755224
1939,-0.13962508080155134
1940,-0.09211376858435683
1941,-0.07175177763413054
1942,-0.07433742727860371
1943,-0.1089204912734324
1944,-0.07595345830639944
1945,0.6564856711915537
1946,-0.08920491273432452
1947,-0.07740788623141559
1948,0.0727752639517345
1949,0.29050851109674647
1950,-0.09809308338720102
1951,-0.1011635423400129
1952,-0.08791208791208793
1953,0
1954,-0.10520361990950222
1955,-0.11344537815126055
1956,-0.04961215255332907
1957,-0.10277957336780863
1958,-0.055753070458952836
1959,-0.09065934065934067
1960,0.9709114414996768
1961,0.09943977591036413
1962,0.0876427494074552
1963,-0.08144796380090502
1964,-0.04848093083387206
1965,-0.11296056884292183
1966,-0.030219780219780223
1967,0.44489334195216546
1968,-0.028603749191984496
1969,-0.06512605042016806
1970,0.15939452704158585
1971,0.13159879336349922
1972,0.09443007972419737
1973,-0.0636716224951519
1974,-0.09841628959276016
1975,-0.08306399482870075
1976,-0.0880736910148675
1977,0.28355957767722473
1978,-0.007272139625080776
1979,0.3231523378582203
1980,0.13612368024132726
1981,-0.009696186166774368
1982,-0.12540400775694893
1983,-0.10665804783451838
1984,-0.11296056884292183
1985,0
1986,-0.10326438267614735
1987,-0.0922753716871364
1988,-0.07223658694246926
1989,-0.14722042663219137
1990,-0.08387201034259861
1991,-0.11296056884292183
1992,-0.10374919198448607
1993,-0.08920491273432452
1994,-0.12411118293471235
1995,0.10525748761042875
1996,-0.0898513251454428
1997,-0.06528765352294763
1998,0.10525748761042875
1999,-0.07886231415643186
2000,-0.09486102133160956
2001,-0.10229476405946991
2002,-0.11376858435681969
2003,-0.09647705235940529
2004,-0.040723981900452455
2005,-0.0827407886231416
2006,-0.12847446670976082
2007,0.1067119155354449
2008,-0.12702003878474466
2009,-0.08597285067873306
2010,-0.09146735617323853
2011,0.44796380090497734
2012,0.09329885800474036
2013,-0.044117647058823484
2014,0.10073260073260071
2015,0.27273216979099335
2016,-0.10665804783451838
2017,-0.060924369747899165
2018,0.45976082740788626
2019,-0.10342598577892692
2020,-0.08015513897866844
2021,-0.004524886877828038
2022,0.44957983193277307
2023,-0.09841628959276016
2024,-0.09841628959276016
2025,-0.05607627666451198
2026,0.4612152553329024
2027,-0.1220103425985779
2028,-0.08839689722042665
2029,-0.1244343891402715
2030,-0.09566903684550743
2031,-0.07805429864253388
2032,-0.09566903684550743
2033,-0.06334841628959276
2034,-0.022624434389140302
2035,-0.1452811893988365
2036,-0.08855850032320622
2037,-0.08387201034259861
2038,-0.039592760180995445
2039,-0.042986425339366474
2040,-0.10989010989010994
2041,-0.08063994828700716
2042,-0.11296056884292183
2043,-0.12572721396250808
2044,-0.06415643180349062
2045,0.32266752854988157
2046,-0.07821590174531357
2047,-0.08742727860374921
2048,-0.11683904330963157
2049,0.6349924585218703
2050,-0.08645765998707178
2051,-0.09566903684550743
2052,0.12254901960784315
2053,-0.1244343891402715
2054,-0.11053652230122823
2055,-0.03054298642533937
2056,-0.08387201034259861
2057,-0.05235940530058181
2058,0.1067119155354449
2059,0.43891402714932126
2060,-0.040077569489334164
2061,-0.08823529411764708
2062,0.478021978021978
2063,-0.06981254040077567
2064,-0.030866192630898515
2065,-0.14204912734324504
2066,-0.09518422753716871
2067,-0.061570782159017456
2068,-0.08015513897866844
2069,-0.07643826761473815
2070,-0.13962508080155134
2071,0.4558823529411765
2072,-0.05526826115061412
2073,0.2737017884076708
2074,-0.0565610859728507
2075,-0.09486102133160956
2076,-0.012928248222365823
2077,-0.08193277310924374
2078,-0.12071751777634132
2079,-0.09324499030381384
2080,-0.08742727860374921
2081,0.11301443654384824
2082,0.4713962508080155
2083,-0.1011635423400129
2084,-0.10665804783451838
2085,0.08925878043525104
2086,-0.079185520361991
2087,-0.0976082740788623
2088,-0.07433742727860371
2089,0.10347985347985345
2090,-0.11182934712346482
2091,-0.07611506140917901
2092,0.2670760611937083
2093,-0.08532643826761477
2094,-0.050420168067226934
2095,-0.07433742727860371
2096,0.5
2097,-0.10439560439560436
2098,-0.0446024563671622
2099,-0.12653522947640594
2100,0.47123464770523593
2101,-0.11683904330963157
2102,-0.11166774402068524
2103,-0.12605042016806722
2104,-0.06528765352294763
2105,-0.030219780219780223
2106,0.4618616677440207
2107,-0.07126696832579182
2108,0.44618616677440204
2109,-0.07546864899806072
2110,0.4571751777634131
2111,-0.11344537815126055
2112,-0.16176470588235292
2113,-0.08613445378151263
2114,0.28339797457444516
2115,0.12125619478560656
2116,-0.0339366515837104
2117,-0.060277957336780874
2118,-0.10455720749838393
2119,-0.0530058177117001
2120,-0.0636716224951519
2121,-0.044764059469941775
2122,-0.0690045248868778
2123,-0.08742727860374921
2124,0.13159879336349922
2125,0.4487718164188752
2126,-0.08144796380090502
2127,-0.0678733031674208
2128,-0.09696186166774401
2129,-0.07514544279250157
2130,-0.09566903684550743
2131,-0.05850032320620557
2132,-0.09550743374272785
2133,-0.11085972850678738
2134,-0.079185520361991
2135,-0.055753070458952836
2136,-0.09566903684550743
2137,-0.08306399482870075
2138,-0.09599224305106657
2139,-0.11118293471234653
2140,0.08295625942684759
2141,-0.07304460245636712
2142,-0.07643826761473815
2143,0.27515621633268694
2144,-0.04153199741435032
2145,-0.08678086619263092
2146,-0.09502262443438914
2147,-0.06819650937297994
2148,-0.11199095022624439
2149,-0.10552682611506137
2150,-0.10972850678733037
2151,-0.10859728506787325
2152,-0.11877828054298645
2153,-0.06625727213962507
2154,-0.05203619909502266
2155,-0.10859728506787325
2156,-0.04831932773109249
2157,-0.09162895927601811
2158,-0.11926308985132517
2159,-0.116677440206852
2160,-0.09502262443438914
2161,0.10364145658263302
2162,-0.031997414350355524
2163,-0.09696186166774401
2164,-0.028603749191984496
2165,-0.04831932773109249
2166,0.2670760611937083
2167,-0.14915966386554624
2168,-0.1064964447317388
2169,-0.12233354880413705
2170,-0.10972850678733037
2171,-0.0976082740788623
2172,-0.09647705235940529
2173,-0.08920491273432452
2174,0.06146304675716441
2175,-0.08678086619263092
2176,-0.06625727213962507
2177,-0.05025856496444736
2178,-0.09065934065934067
2179,0.27273216979099335
2180,-0.07207498383968969
2181,-0.11441499676793798
2182,-0.11296056884292183
2183,-0.11958629605688431
2184,-0.022624434389140302
2185,-0.09599224305106657
2186,-0.07724628312863602
2187,-0.08257918552036203
2188,-0.08613445378151263
2189,-0.06803490627020037
2190,0.4263089851325146
2191,0.46460892049127345
2192,-0.10972850678733037
2193,-0.07595345830639944
2194,-0.05235940530058181
2195,-0.14915966386554624
2196,0.09766214177978882
2197,-0.0339366515837104
2198,-0.07110536522301225
2199,-0.023270846800258593
2200,0.4796380090497737
2201,-0.08920491273432452
2202,-0.11683904330963157
2203,-0.09550743374272785
2204,-0.08241758241758246
2205,0.45200387847446666
2206,-0.12702003878474466
2207,0.11673130790777841
2208,0.4809308338720103
2209,-0.07175177763413054
2210,-0.0339366515837104
2211,-0.037330316742081426
2212,-0.07207498383968969
2213,0.28404438698556345
2214,-0.06658047834518421
2215,-0.09243697478991597
2216,-0.0678733031674208
2217,-0.11780866192630901
2218,-0.11053652230122823
2219,-0.044117647058823484
2220,-0.08225597931480289
2221,-0.10148674854557205
2222,-0.10164835164835162
2223,-0.08354880413703947
2224,0.45749838396897224
2225,-0.07563025210084029
2226,-0.11683904330963157
2227,-0.11457659987071755
2228,-0.03296703296703296
2229,-0.1064964447317388
2230,0.4436005171299289
2231,-0.09841628959276016
2232,0.42824822236586946
2233,0.4225921137685844
2234,0.41645119586296053
2235,0.28339797457444516
2236,-0.12071751777634132
2237,-0.06221719457013575
2238,-0.06302521008403361
2239,-0.04508726567550092
2240,-0.14059469941822877
2241,-0.06334841628959276
2242,-0.0678733031674208
2243,-0.14915966386554624
2244,-0.1064964447317388
2245,-0.11296056884292183
2246,-0.07950872656755015
2247,-0.07643826761473815
2248,-0.05235940530058181
2249,-0.08532643826761477
2250,0.06711915535444946
2251,-0.062055591467356175
2252,-0.08710407239819007
2253,0.14856711915535437
2254,-0.05704589528118942
2255,-0.09292178409825469
2256,0.15082956259426838
2257,-0.08968972204266323
2258,-0.10859728506787325
2259,-0.0654492566257272
2260,-0.09082094376212024
2261,-0.02375565610859731
2262,-0.05494505494505497
2263,-0.06270200387847447
2264,-0.12071751777634132
2265,-0.06981254040077567
2266,-0.06948933419521652
2267,-0.07029734970911439
2268,-0.10843568196509368
2269,-0.07643826761473815
2270,0.45555914673561737
2271,-0.10051712992889461
2272,-0.06512605042016806
2273,-0.0940530058177117
2274,-0.13122171945701355
2275,0.11786252962723542
2276,-0.1011635423400129
2277,-0.11166774402068524
2278,-0.08678086619263092
2279,0.1067119155354449
2280,-0.0463800904977375
2281,-0.1184550743374273
2282,0.29309416074121963
2283,0.0907132083602672
2284,-0.039592760180995445
2285,0.10525748761042875
2286,-0.10552682611506137
2287,-0.14253393665158376
2288,-0.06932773109243695
2289,-0.04799612152553334
2290,-0.1018099547511312
2291,-0.11360698125404012
2292,-0.13768584356819646
2293,0.14630467571644035
2294,-0.0636716224951519
2295,-0.05203619909502266
2296,-0.08225597931480289
2297,-0.17129928894634772
2298,-0.10067873303167418
2299,-0.0714285714285714
2300,-0.05090497737556565
2301,-0.07853910795087271
2302,0.0876427494074552
2303,-0.13073691014867483
2304,-0.08968972204266323
2305,0.10897435897435892
2306,-0.09292178409825469
2307,0.44974143503555264
2308,-0.13186813186813184
2309,-0.1184550743374273
2310,-0.17129928894634772
2311,-0.11619263089851328
2312,-0.06528765352294763
2313,-0.058338720103426
2314,-0.09841628959276016
2315,0.5
2316,-0.04153199741435032
2317,-0.10326438267614735
2318,0.4167744020685197
2319,-0.10391079508726564
2320,-0.12540400775694893
2321,-0.07062055591467353
2322,-0.1315449256625727
2323,-0.07659987071751773
2324,0
2325,-0.06755009696186165
2326,-0.07805429864253388
2327,-0.07805429864253388
2328,0.26158155569920283
2329,0.07730015082956254
2330,0.12254901960784315
2331,-0.09033613445378152
2332,-0.05025856496444736
2333,0.1031566472742943
2334,0.46703296703296704
2335,-0.07870071105365228
2336,-0.07126696832579182
2337,-0.10924369747899154
2338,0.11349924585218696
2339,-0.09372979961215255
2340,-0.07870071105365228
2341,-0.08532643826761477
2342,0.4305106658047835
2343,0.09103641456582634
2344,0.4321266968325792
2345,-0.09146735617323853
2346,0.11673130790777841
2347,0.15600086188321483
2348,-0.005817711700064621
2349,-0.14156431803490632
2350,-0.06108597285067874
2351,-0.09195216548157725
2352,0.4870717517776342
2353,-0.10084033613445376
2354,-0.0862960568842922
2355,0.4571751777634131
2356,0.2943869855634562
2357,-0.09696186166774401
2358,0.4385908209437621
2359,-0.09599224305106657
2360,-0.1308985132514544
2361,-0.05672268907563027
2362,-0.11376858435681969
2363,-0.07756948933419516
2364,-0.0976082740788623
2365,-0.08387201034259861
2366,-0.058661926308985146
2367,-0.05963154492566258
2368,0.12254901960784315
2369,-0.055753070458952836
2370,-0.09922430510665803
2371,-0.10972850678733037
2372,0.10525748761042875
2373,-0.09987071751777632
2374,-0.08791208791208793
2375,-0.12605042016806722
2376,-0.06771170006464122
2377,0.09168282697694463
2378,-0.11150614091790567
2379,0.3086080586080586
2380,-0.07756948933419516
2381,-0.11732385261797029
2382,-0.10326438267614735
2383,-0.04444085326438263
2384,-0.10859728506787325
2385,-0.02714932126696834
2386,-0.10164835164835162
2387,0.06825037707390647
2388,-0.10342598577892692
2389,-0.10132514544279247
2390,-0.014544279250161551
2391,-0.10407239819004521
2392,-0.11360698125404012
2393,-0.05155138978668394
2394,-0.14544279250161607
2395,-0.07223658694246926
2396,0.4870717517776342
2397,-0.07950872656755015
2398,-0.10342598577892692
2399,-0.04120879120879117
2400,0
2401,-0.11376858435681969
2402,-0.09566903684550743
2403,-0.07853910795087271
2404,-0.09599224305106657
2405,-0.06334841628959276
2406,-0.06447963800904977
2407,-0.02472527472527475
2408,-0.14253393665158376
2409,-0.05963154492566258
2410,-0.0654492566257272
2411,-0.09890109890109888
2412,-0.09502262443438914
2413,-0.08322559793148032
2414,-0.08144796380090502
2415,-0.09809308338720102
2416,-0.09599224305106657
2417,-0.08063994828700716
2418,0.12384184443007973
2419,-0.0827407886231416
2420,-0.1064964447317388
2421,-0.10148674854557205
2422,-0.09486102133160956
2423,0.1621417797888386
2424,-0.11279896574014225
2425,-0.10342598577892692
2426,-0.09324499030381384
2427,0.4505494505494505
2428,-0.11619263089851328
2429,-0.10859728506787325
2430,-0.14204912734324504
2431,-0.11296056884292183
2432,-0.07756948933419516
2433,0.4571751777634131
2434,0.6259426847662142
2435,-0.15255332902391727
2436,0.27273216979099335
2437,-0.05381383322559796
2438,-0.0547834518422754
2439,-0.0678733031674208
2440,-0.07062055591467353
2441,-0.0678733031674208
2442,-0.11619263089851328
2443,-0.07870071105365228
2444,-0.0678733031674208
2445,-0.09162895927601811
2446,0.10347985347985345
2447,-0.09211376858435683
2448,-0.10843568196509368
2449,0.31975867269984926
2450,0.49660633484162897
2451,0.07471450118508938
2452,-0.10924369747899154
2453,-0.06658047834518421
2454,-0.10859728506787325
2455,-0.08968972204266323
2456,0.0907132083602672
2457,-0.08371040723981904
2458,-0.13849385908209433
2459,-0.07740788623141559
2460,-0.10035552682611504
2461,-0.048804137039431206
2462,0.48173884938590816
2463,0.30182072829131656
2464,0.28582202111613875
2465,-0.08144796380090502
2466,-0.0690045248868778
2467,0.14759750053867693
2468,-0.11344537815126055
2469,-0.0494505494505495
2470,-0.09421460892049127
2471,-0.08257918552036203
2472,-0.12944408532643825
2473,-0.03167420814479638
2474,-0.10924369747899154
2475,-0.05413703943115711
2476,-0.07062055591467353
2477,-0.0190691661279897
2478,-0.09195216548157725
2479,-0.03975436328377502
2480,-0.08532643826761477
2481,-0.07902391725921143
2482,0.07471450118508938
2483,-0.06351001939237233
2484,-0.07756948933419516
2485,0.0953996983408748
2486,-0.15109890109890112
2487,-0.09017453135100195
2488,0.2969726352079294
2489,-0.09162895927601811
2490,0.4584680025856497
2491,-0.09566903684550743
2492,0.46574014221073046
2493,-0.12653522947640594
2494,-0.11910148674854559
2495,-0.12314156431803491
2496,-0.09146735617323853
2497,0.13628528334410683
2498,-0.12168713639301876
2499,-0.08290239172592118
2500,-0.1184550743374273
2501,-0.07643826761473815
2502,-0.07417582417582413
2503,-0.08791208791208793
2504,-0.0678733031674208
2505,-0.0321590174531351
2506,0.11236802413272995
2507,0.7997198879551821
2508,-0.03167420814479638
2509,-0.06981254040077567
2510,-0.11425339366515841
2511,-0.04848093083387206
2512,-0.07514544279250157
2513,-0.03862314156431801
2514,-0.09195216548157725
2515,0.4909502262443439
2516,-0.11166774402068524
2517,-0.10391079508726564
2518,-0.14091790562378803
2519,0.08505709976298204
2520,-0.0660956690368455
2521,-0.11861667744020687
2522,-0.0678733031674208
2523,-0.07352941176470584
2524,0.4082094376212023
2525,-0.11425339366515841
2526,-0.08484162895927605
2527,-0.04751131221719462
2528,-0.057369101486748564
2529,-0.06835811247575951
2530,-0.10520361990950222
2531,0.4343891402714932
2532,-0.09389140271493213
2533,-0.07272139625080798
2534,0.45685197155785395
2535,0.48545572074983845
2536,0.14630467571644035
2537,-0.09922430510665803
2538,-0.10051712992889461
2539,0.4327731092436975
2540,-0.09647705235940529
2541,0.11236802413272995
2542,-0.11344537815126055
2543,0
2544,-0.08435681965093733
2545,-0.0725597931480284
2546,0.9408532643826761
2547,0.10267183796595558
2548,0.11236802413272995
2549,-0.07853910795087271
2550,0.4620232708468003
2551,-0.09114414996767939
2552,-0.14964447317388496
2553,-0.08047834518422758
2554,-0.05203619909502266
2555,-0.09890109890109888
2556,-0.18244990303813835
2557,-0.14204912734324504
2558,-0.11651583710407243
2559,-0.0678733031674208
2560,0.12626589097177332
2561,-0.0547834518422754
2562,-0.10455720749838393
2563,-0.12071751777634132
2564,-0.12944408532643825
2565,-0.08823529411764708
2566,-0.10924369747899154
2567,-0.08322559793148032
2568,-0.09486102133160956
2569,0.27224736048265463
2570,-0.09243697478991597
2571,-0.07546864899806072
2572,0.461376858435682
2573,-0.06884292178409823
2574,-0.08920491273432452
2575,-0.08387201034259861
2576,-0.07417582417582413
2577,-0.07950872656755015
2578,-0.013574660633484115
2579,-0.05252100840336138
2580,-0.1011635423400129
2581,-0.05090497737556565
2582,-0.13380736910148672
2583,-0.0725597931480284
2584,0.30618401206636503
2585,-0.09437621202327084
2586,-0.02375565610859731
2587,-0.15740142210730446
2588,-0.1279896574014221
2589,-0.12944408532643825
2590,-0.0547834518422754
2591,-0.09809308338720102
2592,0.160848954966602
2593,0.6349924585218703
2594,-0.11344537815126055
2595,-0.09259857789269554
2596,-0.07773109243697474
2597,0.403038138332256
2598,-0.13429217840982544
2599,-0.022624434389140302
2600,0.9709114414996768
2601,-0.04848093083387206
2602,-0.0678733031674208
2603,-0.09550743374272785
2604,-0.07853910795087271
2605,-0.07514544279250157
2606,0.4487718164188752
2607,-0.08532643826761477
2608,-0.09065934065934067
2609,-0.06221719457013575
2610,-0.09162895927601811
2611,-0.08128636069812545
2612,-0.10617323852617966
2613,-0.0833872010342599
2614,0.301659125188537
2615,-0.0976082740788623
2616,0.33333333333333337
2617,-0.15093729799612154
2618,0.1395173453996983
2619,0.057746175393234234
2620,-0.11683904330963157
2621,-0.153038138332256
2622,-0.06577246283128635
2623,-0.09841628959276016
2624,0.10735832794656319
2625,-0.07223658694246926
2626,-0.10342598577892692
2627,-0.13703943115707817
2628,-0.1011635423400129
2629,-0.11118293471234653
2630,-0.08468002585649648
2631,-0.0463800904977375
2632,0.13079077784960136
2633,-0.07159017453135097
2634,-0.0725597931480284
2635,-0.12605042016806722
2636,0.4796380090497737
2637,-0.03539107950872655
2638,-0.07062055591467353
2639,-0.07740788623141559
2640,0.4744667097608274
2641,-0.012928248222365823
2642,-0.03361344537815125
2643,-0.1362314156431803
2644,0.4534583063994829
2645,-0.0190691661279897
2646,0.48545572074983845
2647,-0.11683904330963157
2648,-0.11522301228183585
2649,0.43018745959922433
2650,-0.08063994828700716
2651,-0.050581771170006506
2652,-0.08371040723981904
2653,-0.09825468648998059
2654,-0.04961215255332907
2655,-0.11926308985132517
2656,-0.07611506140917901
2657,-0.08920491273432452
2658,-0.07514544279250157
2659,-0.014544279250161551
2660,-0.09453781512605042
2661,-0.13122171945701355
2662,-0.06835811247575951
2663,-0.16338073691014865
2664,-0.07627666451195858
2665,0.09766214177978882
2666,0.4898190045248869
2667,0.42226890756302526
2668,0.09766214177978882
2669,-0.07708468002585644
2670,-0.10665804783451838
2671,-0.09825468648998059
2672,-0.11279896574014225
2673,-0.09809308338720102
2674,0.4308338720103426
2675,-0.04718810601163548
2676,-0.07740788623141559
2677,-0.06302521008403361
2678,-0.14253393665158376
2679,-0.05542986425339369
2680,-0.09486102133160956
2681,-0.08241758241758246
2682,-0.10164835164835162
2683,0.4534583063994829
2684,-0.12895927601809953
2685,-0.12524240465416936
2686,-0.07352941176470584
2687,0.1067119155354449
2688,-0.09599224305106657
2689,-0.03636069812540399
2690,-0.08500323206205562
2691,0.09636931695755224
2692,0.10606550312432661
2693,-0.0428248222365869
2694,-0.09987071751777632
2695,-0.07595345830639944
2696,-0.09114414996767939
2697,-0.06351001939237233
2698,0.05806938159879338
2699,-0.09162895927601811
2700,-0.0660956690368455
2701,-0.055106658047834545
2702,-0.0678733031674208
2703,-0.09308338720103426
2704,0.33333333333333337
2705,-0.11182934712346482
2706,-0.07740788623141559
2707,-0.05963154492566258
2708,-0.08726567550096964
2709,-0.09728506787330315
2710,-0.06512605042016806
2711,-0.0678733031674208
2712,0.32993966817496234
2713,-0.13962508080155134
2714,-0.07611506140917901
2715,0.4941822882999354
2716,-0.07175177763413054
2717,-0.061570782159017456
2718,-0.08952811893988366
2719,-0.06173238526179703
2720,-0.11102133160956695
2721,-0.07159017453135097
2722,-0.07805429864253388
2723,-0.09550743374272785
2724,0.11786252962723542
2725,-0.11053652230122823
2726,0.44505494505494503
2727,0.09685412626589096
2728,-0.15109890109890112
2729,-0.0339366515837104
2730,0.4578215901745314
2731,-0.09566903684550743
2732,-0.08758888170652879
2733,-0.08225597931480289
2734,-0.06835811247575951
2735,-0.09744667097608273
2736,0.9668713639301875
2737,0.4809308338720103
2738,0.48545572074983845
2739,-0.02601809954751133
2740,-0.09421460892049127
2741,-0.05882352941176472
2742,0.30182072829131656
2743,-0.05930833872010344
2744,-0.04444085326438263
2745,-0.0732062055591467
2746,0.4715578539107951
2747,0.6458198664081016
2748,-0.13962508080155134
2749,-0.05704589528118942
2750,-0.10811247575953453
2751,0.06711915535444946
2752,0.43665158371040724
2753,-0.1089204912734324
2754,-0.14915966386554624
2755,-0.08952811893988366
2756,-0.09146735617323853
2757,0.4403684550743374
2758,-0.12895927601809953
2759,-0.07352941176470584
2760,-0.09647705235940529
2761,-0.10326438267614735
2762,-0.04751131221719462
2763,-0.09841628959276016
2764,-0.08500323206205562
2765,-0.1244343891402715
2766,-0.09033613445378152
2767,-0.10067873303167418
2768,0.4898190045248869
2769,-0.10859728506787325
2770,-0.07611506140917901
2771,-0.044764059469941775
2772,-0.061570782159017456
2773,-0.0922753716871364
2774,-0.11296056884292183
2775,-0.09550743374272785
2776,-0.051712992889463516
2777,-0.10665804783451838
2778,0.4809308338720103
2779,0.48545572074983845
2780,-0.05187459599224309
2781,-0.1131221719457014
2782,-0.08742727860374921
2783,-0.10277957336780863
2784,-0.11522301228183585
2785,-0.09890109890109888
2786,-0.10520361990950222
2787,-0.0833872010342599
2788,-0.1422107304460246
2789,-0.06302521008403361
2790,0.10735832794656319
2791,-0.0809631544925663
2792,-0.11199095022624439
2793,0.1067119155354449
2794,-0.10213316095669034
2795,-0.05898513251454429
2796,-0.04120879120879117
2797,0.3231523378582203
2798,-0.08532643826761477
2799,-0.08581124757595349
2800,-0.10326438267614735
2801,0.25188536953242835
2802,-0.0678733031674208
2803,-0.10132514544279247
2804,-0.05494505494505497
2805,-0.09599224305106657
2806,-0.11360698125404012
2807,-0.09502262443438914
2808,-0.0636716224951519
2809,-0.05413703943115711
2810,0.1084895496660202
2811,0.15761689291101055
2812,-0.07449903038138328
2813,-0.029573367808661932
2814,-0.06641887524240464
2815,-0.09324499030381384
2816,0.15648567119155354
2817,-0.05526826115061412
2818,-0.0993859082094376
2819,-0.012928248222365823
2820,0.7977806507218272
2821,-0.07062055591467353
2822,-0.10989010989010994
2823,-0.10164835164835162
2824,-0.061570782159017456
2825,-0.11376858435681969
2826,-0.09437621202327084
2827,0.44618616677440204
2828,-0.15109890109890112
2829,-0.029088558500323214
2830,-0.07934712346477057
2831,-0.09776987718164187
2832,0.2921245421245422
2833,0.2916397328162035
2834,-0.05639948287007113
2835,-0.11683904330963157
2836,-0.14915966386554624
2837,-0.0887201034259858
2838,0.43891402714932126
2839,-0.0678733031674208
2840,-0.10924369747899154
2841,-0.08839689722042665
2842,-0.08726567550096964
2843,0.43309631544925664
2844,-0.09809308338720102
2845,0.12384184443007973
2846,0.43309631544925664
2847,-0.1481900452488688
2848,-0.08791208791208793
2849,-0.06706528765352293
2850,0.45022624434389136
2851,-0.12782805429864252
2852,-0.10439560439560436
2853,-0.09243697478991597
2854,-0.11069812540400781
2855,-0.0922753716871364
2856,0.11236802413272995
2857,-0.09098254686489982
2858,-0.0887201034259858
2859,-0.12314156431803491
2860,-0.05235940530058181
2861,0.48545572074983845
2862,-0.14560439560439564
2863,0.3231523378582203
2864,-0.07724628312863602
2865,-0.1011635423400129
2866,0.4941822882999354
2867,0.28533721180780003
2868,-0.04831932773109249
2869,-0.0636716224951519
2870,-0.11619263089851328
2871,-0.0463800904977375
2872,0
2873,-0.036683904330963135
2874,-0.009696186166774368
2875,0.4243697478991597
2876,-0.10132514544279247
2877,-0.10972850678733037
2878,-0.1035875888817065
2879,-0.06302521008403361
2880,-0.13073691014867483
2881,-0.04734970911441505
2882,0
2883,-0.06884292178409823
2884,-0.09518422753716871
2885,-0.14156431803490632
2886,-0.08371040723981904
2887,-0.07352941176470584
2888,-0.09098254686489982
2889,0.2921245421245422
2890,-0.06108597285067874
2891,0.4629928894634777
2892,-0.13962508080155134
2893,-0.08581124757595349
2894,-0.0898513251454428
2895,-0.05235940530058181
2896,-0.08920491273432452
2897,-0.10391079508726564
2898,-0.09599224305106657
2899,-0.0904977375565611
2900,0.44618616677440204
2901,0.13079077784960136
2902,-0.10859728506787325
2903,-0.09453781512605042
2904,-0.10859728506787325
2905,-0.0339366515837104
2906,-0.1481900452488688
2907,-0.10326438267614735
2908,-0.08063994828700716
2909,-0.06351001939237233
2910,-0.15756302521008403
2911,-0.10859728506787325
2912,0.08634992458521862
2913,-0.08419521654815776
2914,-0.08387201034259861
2915,-0.04120879120879117
2916,-0.12314156431803491
2917,-0.07272139625080798
2918,-0.0898513251454428
2919,-0.07029734970911439
2920,-0.09518422753716871
2921,-0.08063994828700716
2922,0.10525748761042875
2923,-0.08387201034259861
2924,-0.133322559793148
2925,-0.054621848739495826
2926,0.09766214177978882
2927,-0.06528765352294763
2928,-0.08564964447317391
2929,-0.10326438267614735
2930,-0.09292178409825469
2931,-0.10326438267614735
2932,-0.06932773109243695
2933,-0.06577246283128635
2934,0.49660633484162897
2935,-0.11813186813186816
2936,-0.11716224951519072
2937,-0.11926308985132517
2938,-0.09486102133160956
2939,-0.058661926308985146
2940,-0.10326438267614735
2941,-0.053329023917259244
2942,0.2806507218271924
2943,-0.1184550743374273
2944,-0.04557207498383964
2945,0.11236802413272995
2946,-0.04088558500323203
2947,0.10380305968541259
2948,-0.012281835811247532
2949,0.0876427494074552
2950,-0.03361344537815125
2951,-0.11069812540400781
2952,0.28517560870502046
2953,-0.04169360051712989
2954,-0.0887201034259858
2955,-0.04023917259211374
2956,-0.12314156431803491
2957,0.2788730876966171
2958,-0.11102133160956695
2959,-0.1082740788623141
2960,-0.14915966386554624
2961,-0.06383322559793148
2962,-0.1089204912734324
2963,-0.08839689722042665
2964,0.8021439344968757
2965,0.43956043956043955
2966,0.6225490196078431
2967,-0.047026502908855905
2968,-0.058661926308985146
2969,-0.04023917259211374
2970,-0.10859728506787325
2971,-0.07611506140917901
2972,-0.04912734324499035
2973,-0.1018099547511312
2974,-0.07466063348416285
2975,0.47123464770523593
2976,-0.04266321913380733
2977,0.1067119155354449
2978,0.4263089851325146
2979,-0.1244343891402715
2980,0.4290562378797673
2981,0.06760396466278817
2982,-0.1446347769877182
2983,0.4600840336134454
2984,-0.10488041370394308
2985,0.29050851109674647
2986,-0.14447317388493863
2987,-0.08936651583710409
2988,-0.07094376212023268
2989,-0.10859728506787325
2990,-0.07239819004524883
2991,-0.1018099547511312
2992,-0.07239819004524883
2993,-0.04120879120879117
2994,-0.09825468648998059
2995,-0.07175177763413054
2996,-0.09114414996767939
2997,-0.06561085972850678
2998,-0.12475759534583064
2999,-0.12944408532643825
3000,-0.11296056884292183
3001,-0.07821590174531357
3002,0.46751777634130576
3003,-0.1297672915319974
3004,-0.06932773109243695
3005,-0.05672268907563027
3006,-0.03409825468648997
3007,-0.10908209437621197
3008,0.43956043956043955
3009,-0.06447963800904977
3010,0.13612368024132726
3011,-0.09825468648998059
3012,-0.02472527472527475
3013,0.11980176686059041
3014,-0.09453781512605042
3015,-0.09065934065934067
3016,-0.08031674208144801
3017,-0.06528765352294763
3018,-0.06641887524240464
3019,0.44618616677440204
3020,0.4327731092436975
3021,-0.12702003878474466
3022,-0.07352941176470584
3023,-0.04864253393665163
3024,0.0751993104934281
3025,-0.05090497737556565
3026,-0.12524240465416936
3027,0.13660848954966598
3028,0.4453781512605042
3029,-0.08532643826761477
3030,0.4429541047188106
3031,-0.08645765998707178
3032,-0.07821590174531357
3033,-0.13897866839043305
3034,-0.07110536522301225
3035,-0.13962508080155134
3036,0.2795195001077354
3037,-0.11926308985132517
3038,-0.05526826115061412
3039,-0.09017453135100195
3040,0.0907132083602672
3041,-0.09550743374272785
3042,-0.07692307692307687
3043,-0.06351001939237233
3044,-0.05381383322559796
3045,-0.09082094376212024
3046,-0.12588881706528765
3047,-0.10601163542340009
3048,-0.061570782159017456
3049,-0.10488041370394308
3050,-0.08322559793148032
3051,-0.0625404007756949
3052,-0.09550743374272785
3053,-0.0851648351648352
3054,-0.07708468002585644
3055,-0.07352941176470584
3056,0.1537384184443008
3057,-0.11247575953458311
3058,-0.09486102133160956
3059,0.6560008618832149
3060,0.44861021331609563
3061,-0.07934712346477057
3062,-0.08968972204266323
3063,-0.09550743374272785
3064,-0.09776987718164187
3065,-0.04234001292824818
3066,0.4941822882999354
3067,0.11964016375781072
3068,-0.10617323852617966
3069,-0.03361344537815125
3070,-0.14980607627666453
3071,0.4524886877828054
3072,0.4893341952165482
3073,-0.04120879120879117
3074,-0.0993859082094376
3075,-0.07466063348416285
3076,-0.02488687782805432
3077,-0.10342598577892692
3078,-0.0678733031674208
3079,-0.05607627666451198
3080,0.119155354449472
3081,-0.05155138978668394
3082,-0.12895927601809953
3083,-0.12071751777634132
3084,-0.037168713639301854
3085,-0.1375242404654169
3086,-0.10520361990950222
3087,0.30182072829131656
3088,-0.09696186166774401
3089,-0.11279896574014225
3090,-0.11877828054298645
3091,-0.0678733031674208
3092,-0.019877181641887565
3093,-0.09518422753716871
3094,0.0876427494074552
3095,-0.07175177763413054
3096,0.4403684550743374
3097,-0.11199095022624439
3098,-0.030219780219780223
3099,0.11236802413272995
3100,-0.06351001939237233
3101,-0.053329023917259244
3102,-0.0809631544925663
3103,-0.07546864899806072
3104,-0.12944408532643825
3105,-0.11441499676793798
3106,0.43600517129928895
3107,-0.12605042016806722
3108,-0.09696186166774401
3109,-0.12928248222365868
3110,0.46170006464124114
3111,0.10606550312432661
3112,-0.07401422107304456
3113,-0.09647705235940529
3114,-0.058661926308985146
3115,-0.07514544279250157
3116,-0.09550743374272785
3117,0.48545572074983845
3118,0.11867054514113329
3119,0.11786252962723542
3120,0.46703296703296704
3121,0.5
3122,-0.0833872010342599
3123,0.1067119155354449
3124,-0.07094376212023268
3125,0.4356819650937298
3126,-0.12653522947640594
3127,-0.10811247575953453
3128,-0.14964447317388496
3129,-0.07886231415643186
3130,0.4600840336134454
3131,0.08085541909071314
3132,0.4571751777634131
3133,0.12125619478560656
3134,-0.09017453135100195
3135,-0.04266321913380733
3136,0.32266752854988157
3137,0.09394527041585865
3138,-0.12895927601809953
3139,-0.07352941176470584
3140,-0.05963154492566258
3141,-0.09728506787330315
3142,-0.05898513251454429
3143,-0.07094376212023268
3144,-0.03054298642533937
3145,-0.09696186166774401
3146,-0.12895927601809953
3147,-0.11797026502908858
3148,-0.08791208791208793
3149,-0.13849385908209433
3150,-0.14915966386554624
3151,-0.07756948933419516
3152,-0.05753070458952814
3153,-0.07159017453135097
3154,-0.0654492566257272
3155,-0.04848093083387206
3156,-0.10326438267614735
3157,-0.10924369747899154
3158,-0.019392372333548846
3159,-0.08371040723981904
3160,-0.09453781512605042
3161,0.11576168929110098
3162,-0.09421460892049127
3163,-0.11570782159017456
3164,-0.04799612152553334
3165,-0.15740142210730446
3166,-0.10132514544279247
3167,-0.09550743374272785
3168,-0.13429217840982544
3169,-0.02714932126696834
3170,-0.06932773109243695
3171,-0.13380736910148672
3172,-0.07288299935358755
3173,0.46218487394957986
3174,-0.07352941176470584
3175,-0.0678733031674208
3176,-0.0904977375565611
3177,-0.08015513897866844
3178,-0.09776987718164187
3179,-0.0993859082094376
3180,0.46574014221073046
3181,0.2814587373410903
3182,0.43535875888817066
3183,-0.04848093083387206
3184,-0.07579185520361986
3185,-0.06496444731738849
3186,-0.14059469941822877
3187,-0.08920491273432452
3188,-0.08419521654815776
3189,-0.08581124757595349
3190,-0.08128636069812545
3191,-0.07659987071751773
3192,-0.051066580478345225
3193,-0.03054298642533937
3194,-0.05138978668390437
3195,-0.08920491273432452
3196,-0.0869424692954105
3197,-0.12104072398190047
3198,-0.09195216548157725
3199,-0.10568842921784094
3200,0.46460892049127345
3201,-0.09809308338720102
3202,-0.07433742727860371
3203,-0.07223658694246926
3204,-0.11296056884292183
3205,-0.14156431803490632
3206,-0.06577246283128635
3207,-0.0463800904977375
3208,0.4505494505494505
3209,0.0876427494074552
3210,-0.07239819004524883
3211,0.10962077138547721
3212,0.12594268476621417
3213,0.3231523378582203
3214,-0.13720103425985775
3215,-0.09566903684550743
3216,-0.10067873303167418
3217,-0.09082094376212024
3218,-0.0798319327731093
3219,-0.13962508080155134
3220,-0.08855850032320622
3221,0.6530920060331826
3222,-0.1237879767291532
3223,-0.10342598577892692
3224,-0.08532643826761477
3225,-0.10164835164835162
3226,-0.05268261150614095
3227,-0.016968325791855254
3228,-0.11877828054298645
3229,-0.11813186813186816
3230,-0.12168713639301876
3231,-0.07433742727860371
3232,-0.14738202973497094
3233,-0.0714285714285714
3234,0.13095238095238093
3235,-0.12944408532643825
3236,-0.13914027149321262
3237,-0.11522301228183585
3238,-0.09162895927601811
3239,-0.09744667097608273
3240,-0.08532643826761477
3241,-0.05155138978668394
3242,0.27273216979099335
3243,-0.1089204912734324
3244,0.44667097608274076
3245,-0.10423400129282478
3246,-0.0410471881060116
3247,-0.10423400129282478
3248,-0.074983839689722
3249,-0.0833872010342599
3250,0.1537384184443008
3251,-0.09389140271493213
3252,-0.09453781512605042
3253,-0.05203619909502266
3254,-0.09890109890109888
3255,0
3256,-0.08484162895927605
3257,-0.08257918552036203
3258,-0.09065934065934067
3259,-0.14382676147382034
3260,-0.07546864899806072
3261,-0.05898513251454429
3262,-0.0547834518422754
3263,0.44618616677440204
3264,0.32266752854988157
3265,-0.11231415643180354
3266,0.48109243697478987
3267,-0.07870071105365228
3268,-0.0833872010342599
3269,-0.07239819004524883
3270,-0.133322559793148
3271,-0.09421460892049127
3272,-0.09162895927601811
3273,-0.12475759534583064
3274,-0.09098254686489982
3275,-0.1220103425985779
3276,0.44909502262443435
3277,-0.10989010989010994
3278,-0.08047834518422758
3279,-0.08047834518422758
3280,-0.08726567550096964
3281,-0.11199095022624439
3282,-0.09486102133160956
3283,-0.010180995475113086
3284,-0.007272139625080776
3285,-0.10326438267614735
3286,0.4225921137685844
3287,-0.06528765352294763
3288,0.11786252962723542
3289,-0.04023917259211374
3290,-0.1375242404654169
3291,-0.02472527472527475
3292,-0.11231415643180354
3293,-0.09065934065934067
3294,-0.12524240465416936
3295,-0.02537168713639304
3296,-0.0767614738202973
3297,0.4494182288299935
3298,-0.055106658047834545
3299,-0.07659987071751773
3300,0.46234647705235943
3301,-0.07466063348416285
3302,0.48303167420814475
3303,-0.11296056884292183
3304,-0.07934712346477057
3305,-0.03506787330316741
3306,-0.1244343891402715
3307,-0.09065934065934067
3308,-0.11279896574014225
3309,-0.1237879767291532
3310,0.45992243051066584
3311,-0.09421460892049127
3312,-0.18067226890756305
3313,-0.08758888170652879
3314,-0.10617323852617966
3315,-0.08225597931480289
3316,-0.10164835164835162
3317,-0.11829347123464773
3318,-0.04848093083387206
3319,-0.04056237879767288
3320,-0.12944408532643825
3321,-0.11619263089851328
3322,0.2737017884076708
3323,-0.11296056884292183
3324,0.0907132083602672
3325,-0.07272139625080798
3326,-0.07870071105365228
3327,-0.11651583710407243
3328,-0.0033936651583710287
3329,-0.07659987071751773
3330,-0.12782805429864252
3331,-0.10132514544279247
3332,-0.03991596638655459
3333,-0.13073691014867483
3334,-0.10601163542340009
3335,0.06760396466278817
3336,-0.05526826115061412
3337,-0.08063994828700716
3338,0.4870717517776342
3339,-0.0660956690368455
3340,-0.11700064641241115
3341,0.08554190907132075
3342,-0.050420168067226934
3343,0.09879336349924583
3344,-0.08952811893988366
3345,-0.06561085972850678
3346,0.10347985347985345
3347,-0.06561085972850678
3348,-0.06981254040077567
3349,-0.025533290239172612
3350,-0.05898513251454429
3351,0.09232923938806292
3352,-0.07708468002585644
3353,-0.07886231415643186
3354,-0.08322559793148032
3355,-0.08387201034259861
3356,-0.0851648351648352
3357,-0.13962508080155134
3358,-0.09114414996767939
3359,-0.15109890109890112
3360,0.49660633484162897
3361,-0.10520361990950222
3362,-0.09340659340659341
3363,0.10364145658263302
3364,-0.07805429864253388
3365,-0.11700064641241115
3366,-0.08742727860374921
3367,-0.10989010989010994
3368,-0.010180995475113086
3369,0.15309200603318251
3370,0.09636931695755224
3371,-0.06819650937297994
3372,-0.0732062055591467
3373,-0.0565610859728507
3374,-0.09211376858435683
3375,-0.04266321913380733
3376,-0.056237879767291554
3377,-0.09696186166774401
3378,-0.1255656108597285
3379,-0.04266321913380733
3380,-0.06334841628959276
3381,-0.061570782159017456
3382,-0.056884292178409845
3383,-0.05429864253393668
3384,-0.07045895281189396
3385,-0.12475759534583064
3386,-0.09922430510665803
3387,-0.11700064641241115
3388,-0.11021331609566909
3389,-0.02714932126696834
3390,-0.10924369747899154
3391,-0.09421460892049127
3392,-0.06803490627020037
3393,-0.02714932126696834
3394,-0.09809308338720102
3395,-0.09453781512605042
3396,0.27273216979099335
3397,-0.12702003878474466
3398,-0.1011635423400129
3399,0.1621417797888386
3400,0.45685197155785395
3401,-0.006140917905623766
3402,-0.05203619909502266
3403,-0.07207498383968969
3404,-0.07449903038138328
3405,-0.09195216548157725
3406,-0.08371040723981904
3407,-0.033775048480930825
3408,-0.11425339366515841
3409,-0.09146735617323853
3410,0.09459168282697694
3411,-0.07159017453135097
3412,-0.1011635423400129
3413,-0.13914027149321262
3414,-0.013574660633484115
3415,-0.08031674208144801
3416,-0.04120879120879117
3417,-0.10972850678733037
3418,-0.1220103425985779
3419,-0.07756948933419516
3420,-0.13380736910148672
3421,-0.07239819004524883
3422,-0.06060116354234002
3423,-0.07126696832579182
3424,-0.053975436328377535
3425,0.09653092006033182
3426,0.37540400775694893
3427,-0.08403361344537819
3428,0.12254901960784315
3429,-0.08047834518422758
3430,-0.08532643826761477
3431,-0.13380736910148672
3432,-0.06577246283128635
3433,-0.09065934065934067
3434,-0.07886231415643186
3435,0.43713639301874596
3436,-0.07886231415643186
3437,-0.1446347769877182
3438,-0.05203619909502266
3439,-0.10229476405946991
3440,-0.0446024563671622
3441,-0.07692307692307687
3442,-0.11231415643180354
3443,-0.12702003878474466
3444,-0.08952811893988366
3445,0.31087050204697264
3446,-0.07239819004524883
3447,-0.07999353587588887
3448,0.14759750053867693
3449,-0.1089204912734324
3450,-0.07514544279250157
3451,-0.14544279250161607
3452,-0.0672268907563025
3453,0.2814587373410903
3454,-0.034421460892049116
3455,-0.07999353587588887
3456,-0.0463800904977375
3457,-0.1029411764705882
3458,-0.06528765352294763
3459,-0.08047834518422758
3460,0.14630467571644035
3461,0.27273216979099335
3462,-0.0816095669036846
3463,0.11867054514113329
3464,-0.1184550743374273
3465,-0.06302521008403361
3466,-0.09987071751777632
3467,-0.15998707175177762
3468,-0.016968325791855254
3469,-0.08726567550096964
3470,-0.0672268907563025
3471,-0.07110536522301225
3472,-0.08613445378151263
3473,0.2969726352079294
3474,-0.05704589528118942
3475,-0.12314156431803491
3476,-0.07886231415643186
3477,0.4578215901745314
3478,-0.10811247575953453
3479,-0.02375565610859731
3480,0.1286899375134669
3481,-0.031027795733678087
3482,-0.10423400129282478
3483,-0.095830639948287
3484,-0.056237879767291554
3485,-0.09243697478991597
3486,-0.12071751777634132
3487,0.33333333333333337
3488,-0.1803490627020039
3489,-0.05203619909502266
3490,-0.06351001939237233
3491,-0.09599224305106657
3492,-0.10148674854557205
3493,0.43600517129928895
3494,-0.08419521654815776
3495,-0.016968325791855254
3496,-0.07159017453135097
3497,-0.11296056884292183
3498,-0.11538461538461542
3499,-0.07724628312863602
3500,-0.17776341305753074
3501,-0.016968325791855254
3502,-0.08047834518422758
3503,-0.06658047834518421
3504,-0.04734970911441505
3505,0.4762443438914027
3506,0.07730015082956254
3507,-0.14673561732385265
3508,-0.07417582417582413
3509,-0.1297672915319974
3510,-0.07950872656755015
3511,0.09766214177978882
3512,-0.10762766645119581
3513,0.4385908209437621
3514,-0.1029411764705882
3515,0.2604503339797458
3516,0.2843675931911226
3517,-0.11296056884292183
3518,-0.14964447317388496
3519,-0.034421460892049116
3520,-0.13897866839043305
3521,-0.10972850678733037
3522,-0.10908209437621197
3523,0.1031566472742943
3524,-0.05930833872010344
3525,-0.08532643826761477
3526,-0.12168713639301876
3527,-0.11182934712346482
3528,-0.052844214608920526
3529,-0.06690368455074336
3530,-0.11182934712346482
3531,-0.08241758241758246
3532,-0.07999353587588887
3533,0.4809308338720103
3534,-0.07336780866192627
3535,-0.0976082740788623
3536,-0.07708468002585644
3537,-0.13122171945701355
3538,-0.05963154492566258
3539,-0.15223012281835813
3540,-0.029088558500323214
3541,0.43891402714932126
3542,0.33333333333333337
3543,0.28582202111613875
3544,-0.1308985132514544
3545,0.4534583063994829
3546,-0.1064964447317388
3547,-0.07352941176470584
3548,-0.07126696832579182
3549,0.10525748761042875
3550,-0.08241758241758246
3551,-0.09890109890109888
3552,-0.10924369747899154
3553,-0.08225597931480289
3554,-0.11182934712346482
3555,-0.0463800904977375
3556,0.5
3557,-0.04169360051712989
3558,-0.09550743374272785
3559,-0.02310924369747902
3560,-0.0690045248868778
3561,0.5899051928463694
3562,-0.08613445378151263
3563,-0.08193277310924374
3564,-0.1011635423400129
3565,-0.04330963154492562
3566,-0.1237879767291532
3567,-0.1226567550096962
3568,-0.05898513251454429
3569,-0.043632837750484765
3570,-0.08500323206205562
3571,-0.07401422107304456
3572,-0.09696186166774401
3573,-0.06819650937297994
3574,-0.15255332902391727
3575,-0.11683904330963157
3576,-0.09324499030381384
3577,-0.09308338720103426
3578,-0.11296056884292183
3579,0.4898190045248869
3580,-0.0446024563671622
3581,0.47398190045248867
3582,0.1067119155354449
3583,-0.09146735617323853
3584,0.2598039215686275
3585,-0.07999353587588887
3586,-0.03054298642533937
3587,-0.0767614738202973
3588,-0.08952811893988366
3589,-0.08920491273432452
3590,0.13273001508295623
3591,-0.08435681965093733
3592,-0.05753070458952814
3593,-0.07708468002585644
3594,-0.014544279250161551
3595,0.6118832148243913
3596,-0.12702003878474466
3597,-0.02472527472527475
3598,-0.10439560439560436
3599,0.47107304460245636
3600,-0.11102133160956695
3601,0.43309631544925664
3602,-0.05025856496444736
3603,0.15309200603318251
3604,0.140002154708037
3605,0.16666666666666663
3606,-0.07352941176470584
3607,-0.02601809954751133
3608,-0.09001292824822238
3609,-0.0672268907563025
3610,-0.11958629605688431
3611,-0.044764059469941775
3612,-0.07029734970911439
3613,-0.0976082740788623
3614,-0.0851648351648352
3615,-0.04266321913380733
3616,-0.07369101486748542
3617,-0.09082094376212024
3618,-0.07175177763413054
3619,-0.060924369747899165
3620,0.15309200603318251
3621,0.32266752854988157
3622,-0.029896574014221078
3623,-0.07433742727860371
3624,-0.06706528765352293
3625,-0.12928248222365868
3626,-0.11683904330963157
3627,-0.06351001939237233
3628,-0.11425339366515841
3629,0.14759750053867693
3630,0
3631,0.4809308338720103
3632,-0.051712992889463516
3633,-0.09518422753716871
3634,0.42485455720749843
3635,-0.09308338720103426
3636,0.45216548157724623
3637,-0.08758888170652879
3638,0.09733893557422968
3639,0.46153846153846156
3640,-0.08063994828700716
3641,-0.10326438267614735
3642,0.287276449041155
3643,-0.09308338720103426
3644,0.1621417797888386
3645,-0.07223658694246926
3646,-0.11296056884292183
3647,-0.1714608920491273
3648,-0.07692307692307687
3649,-0.09195216548157725
3650,-0.08031674208144801
3651,-0.03474466709760826
3652,0.45685197155785395
3653,-0.12782805429864252
3654,-0.09243697478991597
3655,-0.07886231415643186
3656,-0.0993859082094376
3657,0.7958414134884724
3658,0.06711915535444946
3659,0.14630467571644035
3660,0.27564102564102566
3661,0.31087050204697264
3662,-0.09486102133160956
3663,-0.08144796380090502
3664,-0.03991596638655459
3665,-0.05090497737556565
3666,-0.09599224305106657
3667,-0.07336780866192627
3668,-0.1262120232708468
3669,-0.11748545572074987
3670,-0.0922753716871364
3671,-0.07853910795087271
3672,-0.07999353587588887
3673,0.0876427494074552
3674,-0.08936651583710409
3675,-0.12702003878474466
3676,-0.04201680672268904
3677,0.6225490196078431
3678,-0.08839689722042665
3679,0.46460892049127345
3680,0.4893341952165482
3681,-0.13720103425985775
3682,0.0936220642102995
3683,0
3684,-0.11958629605688431
3685,-0.09566903684550743
3686,-0.04153199741435032
3687,-0.09292178409825469
3688,0.14630467571644035
3689,-0.10552682611506137
3690,0.11301443654384824
3691,-0.09518422753716871
3692,-0.07756948933419516
3693,-0.012928248222365823
3694,-0.10051712992889461
3695,-0.06916612798965738
3696,0.0907132083602672
3697,-0.10601163542340009
3698,0.15212238741650508
3699,-0.0898513251454428
3700,-0.05235940530058181
3701,-0.07433742727860371
3702,-0.06706528765352293
3703,-0.06932773109243695
3704,-0.05090497737556565
3705,0.45685197155785395
3706,-0.10859728506787325
3707,0.2916397328162035
3708,0.15212238741650508
3709,-0.10859728506787325
3710,-0.10342598577892692
3711,-0.08015513897866844
3712,-0.04799612152553334
3713,-0.09308338720103426
3714,-0.09599224305106657
3715,-0.09857789269553974
3716,0.49660633484162897
3717,0.1286899375134669
3718,-0.07643826761473815
3719,-0.07288299935358755
3720,-0.06658047834518421
3721,0.4494182288299935
3722,-0.1208791208791209
3723,-0.07950872656755015
3724,-0.12168713639301876
3725,-0.10213316095669034
3726,0.26432880844645557
3727,-0.16758241758241754
3728,-0.0696509372979961
3729,-0.07433742727860371
3730,-0.13122171945701355
3731,-0.10164835164835162
3732,-0.005817711700064621
3733,-0.08031674208144801
3734,0.2812971342383107
3735,-0.03361344537815125
3736,-0.06302521008403361
3737,-0.11118293471234653
3738,-0.0601163542340013
3739,0.1621417797888386
3740,-0.10811247575953453
3741,-0.10439560439560436
3742,-0.10229476405946991
3743,-0.0678733031674208
3744,-0.12944408532643825
3745,-0.12782805429864252
3746,-0.06528765352294763
3747,-0.09389140271493213
3748,0.14969834087481138
3749,-0.07950872656755015
3750,-0.06334841628959276
3751,0.44424692954104716
3752,0.4487718164188752
3753,-0.10326438267614735
3754,-0.10148674854557205
3755,0.3158801982331394
3756,-0.014544279250161551
3757,-0.0410471881060116
3758,-0.11683904330963157
3759,-0.10148674854557205
3760,-0.11182934712346482
3761,-0.14204912734324504
3762,-0.09324499030381384
3763,-0.06803490627020037
3764,0.15939452704158585
3765,-0.11958629605688431
3766,-0.09437621202327084
3767,-0.079185520361991
3768,-0.0678733031674208
3769,0.04853479853479847
3770,0.4909502262443439
3771,0.2552790346907995
3772,-0.02941176470588236
3773,-0.02601809954751133
3774,0.44618616677440204
3775,0.1109135962077138
3776,-0.022624434389140302
3777,-0.05930833872010344
3778,0.08457229045464332
3779,-0.10924369747899154
3780,-0.16111829347123463
3781,-0.14867485455720753
3782,0.32266752854988157
3783,-0.04395604395604391
3784,-0.10989010989010994
3785,0.11059039000215465
3786,-0.10681965093729795
3787,-0.11360698125404012
3788,-0.08710407239819007
3789,-0.07870071105365228
3790,-0.12475759534583064
3791,-0.11296056884292183
3792,-0.11716224951519072
3793,-0.12394957983193278
3794,-0.09421460892049127
3795,-0.04848093083387206
3796,0.2814587373410903
3797,-0.09324499030381384
3798,-0.08726567550096964
3799,-0.10504201680672265
3800,-0.1184550743374273
3801,-0.09599224305106657
3802,0.12707390648567118
3803,0.28533721180780003
3804,-0.05494505494505497
3805,-0.08952811893988366
3806,-0.11974789915966388
3807,-0.08257918552036203
3808,-0.11166774402068524
3809,-0.09663865546218486
3810,-0.07611506140917901
3811,-0.08290239172592118
3812,-0.029088558500323214
3813,-0.08613445378151263
3814,-0.0672268907563025
3815,-0.08532643826761477
3816,-0.0887201034259858
3817,0.11188321482439123
3818,0.0781081663434604
3819,-0.08015513897866844
3820,-0.12524240465416936
3821,-0.09518422753716871
3822,-0.06706528765352293
3823,-0.1064964447317388
3824,-0.05025856496444736
3825,-0.0446024563671622
3826,-0.07853910795087271
3827,0.09168282697694463
3828,-0.11619263089851328
3829,-0.08047834518422758
3830,0.10073260073260071
3831,-0.06738849385908208
3832,-0.04330963154492562
3833,-0.056237879767291554
3834,-0.08564964447317391
3835,0.12254901960784315
3836,0.12254901960784315
3837,0.15082956259426838
3838,-0.10617323852617966
3839,0.4893341952165482
3840,-0.05187459599224309
3841,0.48545572074983845
3842,0.11123680241327294
3843,-0.11215255332902396
3844,-0.07886231415643186
3845,-0.06658047834518421
3846,-0.025533290239172612
3847,-0.11053652230122823
3848,0.9709114414996768
3849,-0.1035875888817065
3850,-0.12782805429864252
3851,-0.09453781512605042
3852,-0.014544279250161551
3853,-0.09906270200387846
3854,0.47640594699418226
3855,0
3856,0.1293363499245852
3857,-0.09001292824822238
3858,-0.061570782159017456
3859,-0.06706528765352293
3860,-0.0601163542340013
3861,0.6564856711915537
3862,-0.10972850678733037
3863,-0.07756948933419516
3864,-0.08144796380090502
3865,0.0936220642102995
3866,-0.04912734324499035
3867,-0.06884292178409823
3868,-0.1386554621848739
3869,-0.10051712992889461
3870,-0.08613445378151263
3871,-0.0190691661279897
3872,-0.051066580478345225
3873,-0.09082094376212024
3874,-0.08968972204266323
3875,-0.05090497737556565
3876,0.11430726136608482
3877,0.11867054514113329
3878,-0.11053652230122823
3879,-0.05995475113122173
3880,0.1084895496660202
3881,-0.0851648351648352
3882,-0.08645765998707178
3883,0.14630467571644035
3884,-0.10859728506787325
3885,-0.0339366515837104
3886,-0.04169360051712989
3887,0.42760180995475117
3888,-0.06577246283128635
3889,0.8006895065718596
3890,0.9476405946994182
3891,-0.10552682611506137
3892,0.4584680025856497
3893,-0.09550743374272785
3894,-0.08290239172592118
3895,-0.10601163542340009
3896,-0.06819650937297994
3897,-0.11199095022624439
3898,-0.07175177763413054
3899,0.4487718164188752
3900,-0.12944408532643825
3901,-0.044117647058823484
3902,0.11010558069381593
3903,-0.12944408532643825
3904,-0.09114414996767939
3905,-0.07999353587588887
3906,-0.1308985132514544
3907,0.49660633484162897
3908,-0.10908209437621197
3909,0.16666666666666663
3910,-0.04912734324499035
3911,-0.08177117000646417
3912,-0.09841628959276016
3913,0.11236802413272995
3914,-0.12702003878474466
3915,-0.07126696832579182
3916,-0.09437621202327084
3917,-0.04573367808661921
3918,-0.06948933419521652
3919,-0.12314156431803491
3920,-0.07466063348416285
3921,0.14759750053867693
3922,-0.04848093083387206
3923,-0.12572721396250808
3924,-0.12605042016806722
3925,-0.07369101486748542
3926,-0.05090497737556565
3927,0.4715578539107951
3928,-0.06625727213962507
3929,-0.07352941176470584
3930,-0.14544279250161607
3931,0.4403684550743374
3932,-0.06932773109243695
3933,-0.09502262443438914
3934,0.9476405946994182
3935,-0.1089204912734324
3936,-0.10051712992889461
3937,0.43891402714932126
3938,-0.08387201034259861
3939,0.4691338073691015
3940,-0.04201680672268904
3941,0.29050851109674647
3942,-0.09744667097608273
3943,-0.018261150614091837
3944,-0.15093729799612154
3945,0.4534583063994829
3946,-0.0851648351648352
3947,-0.08968972204266323
3948,0.2415427709545357
3949,-0.06399482870071105
3950,-0.0678733031674208
3951,-0.06302521008403361
3952,-0.06302521008403361
3953,0.11786252962723542
3954,-0.1386554621848739
3955,-0.14915966386554624
3956,-0.09065934065934067
3957,-0.08080155138978673
3958,0.1109135962077138
3959,0.4214608920491273
3960,-0.09518422753716871
3961,-0.11296056884292183
3962,0.11576168929110098
3963,0.2580262874380522
3964,-0.07062055591467353
3965,-0.07740788623141559
3966,-0.06658047834518421
3967,-0.07692307692307687
3968,-0.11877828054298645
3969,-0.11296056884292183
3970,-0.052197802197802234
3971,-0.09437621202327084
3972,-0.13768584356819646
3973,-0.07853910795087271
3974,-0.05898513251454429
3975,-0.08435681965093733
3976,-0.10859728506787325
3977,-0.06641887524240464
3978,-0.05542986425339369
3979,0
3980,-0.11037491919844866
3981,-0.062055591467356175
3982,-0.13380736910148672
3983,-0.04557207498383964
3984,-0.09082094376212024
3985,-0.037330316742081426
3986,0.8105472958414135
3987,-0.08678086619263092
3988,0.4620232708468003
3989,-0.08128636069812545
3990,-0.08920491273432452
3991,-0.0321590174531351
3992,-0.10633484162895923
3993,0.44263089851325144
3994,0.47171945701357465
3995,-0.0678733031674208
3996,0.4429541047188106
3997,0.4489334195216548
3998,-0.06706528765352293
3999,-0.04831932773109249
4000,-0.11182934712346482
4001,-0.1351001939237233
4002,-0.09130575307045896
4003,-0.0940530058177117
4004,-0.11182934712346482
4005,0.140002154708037
4006,-0.013574660633484115
4007,-0.08403361344537819
4008,-0.05898513251454429
4009,-0.05720749838396899
4010,-0.11296056884292183
4011,0.27515621633268694
4012,0.2770954535660418
4013,-0.09243697478991597
4014,-0.07934712346477057
4015,-0.08063994828700716
4016,-0.10504201680672265
4017,-0.0898513251454428
4018,0.28533721180780003
4019,0.4809308338720103
4020,-0.09647705235940529
4021,-0.13703943115707817
4022,-0.012928248222365823
4023,-0.12588881706528765
4024,-0.06528765352294763
4025,0.10073260073260071
4026,-0.09114414996767939
4027,-0.07708468002585644
4028,-0.0887201034259858
4029,0.10525748761042875
4030,-0.095830639948287
4031,-0.12782805429864252
4032,-0.07934712346477057
4033,0.29067011419952604
4034,0.12077138547726785
4035,-0.046541693600517076
4036,-0.09195216548157725
4037,-0.0625404007756949
4038,0.12125619478560656
4039,-0.06351001939237233
4040,-0.10989010989010994
4041,0.43600517129928895
4042,-0.1255656108597285
4043,-0.11279896574014225
4044,-0.08063994828700716
4045,-0.06334841628959276
4046,-0.057369101486748564
4047,-0.08613445378151263
4048,-0.06512605042016806
4049,-0.11296056884292183
4050,-0.12944408532643825
4051,-0.11296056884292183
4052,-0.1446347769877182
4053,-0.05025856496444736
4054,-0.1255656108597285
4055,-0.02763413057530706
4056,-0.04330963154492562
4057,0.10606550312432661
4058,-0.10633484162895923
4059,0.11188321482439123
4060,-0.0672268907563025
4061,-0.10665804783451838
4062,-0.10633484162895923
4063,0.27515621633268694
4064,0.140002154708037
4065,-0.09453781512605042
4066,-0.09082094376212024
4067,-0.06334841628959276
4068,-0.10665804783451838
4069,0.0781081663434604
4070,-0.08952811893988366
4071,0.4893341952165482
4072,-0.14091790562378803
4073,-0.0530058177117001
4074,-0.024563671622495176
4075,-0.0410471881060116
4076,-0.11053652230122823
4077,-0.11296056884292183
4078,-0.12071751777634132
4079,-0.13073691014867483
4080,-0.08128636069812545
4081,-0.04120879120879117
4082,-0.0512281835811248
4083,-0.06480284421460891
4084,-0.029088558500323214
4085,-0.13736263736263732
4086,-0.05090497737556565
4087,-0.0976082740788623
4088,-0.08063994828700716
4089,0.44974143503555264
4090,-0.08645765998707178
4091,-0.11683904330963157
4092,-0.1131221719457014
4093,-0.05413703943115711
4094,-0.10568842921784094
4095,-0.0898513251454428
4096,-0.09809308338720102
4097,-0.0862960568842922
4098,-0.0798319327731093
4099,0.15212238741650508
4100,-0.10665804783451838
4101,-0.08742727860374921
4102,-0.0880736910148675
4103,-0.11683904330963157
4104,0.4689722042663219
4105,-0.058661926308985146
4106,-0.04751131221719462
4107,-0.11118293471234653
4108,-0.09114414996767939
4109,-0.0993859082094376
4110,0.47527472527472525
4111,-0.04266321913380733
4112,-0.023270846800258593
4113,-0.10681965093729795
4114,-0.11958629605688431
4115,-0.09065934065934067
4116,-0.09841628959276016
4117,-0.07563025210084029
4118,0.15309200603318251
4119,-0.09421460892049127
4120,-0.10019392372333547
4121,-0.0922753716871364
4122,-0.10859728506787325
4123,-0.06447963800904977
4124,-0.09486102133160956
4125,-0.08047834518422758
4126,-0.08225597931480289
4127,-0.06932773109243695
4128,-0.08241758241758246
4129,-0.1029411764705882
4130,0.09766214177978882
4131,-0.11958629605688431
4132,0.09329885800474036
4133,0.10525748761042875
4134,-0.06658047834518421
4135,-0.11296056884292183
4136,-0.08758888170652879
4137,0.11786252962723542
4138,-0.09114414996767939
4139,-0.08257918552036203
4140,0.42243051066580484
4141,-0.08257918552036203
4142,0.44974143503555264
4143,-0.04573367808661921
4144,-0.10665804783451838
4145,-0.09566903684550743
4146,-0.06981254040077567
4147,0.4368131868131868
4148,0.4505494505494505
4149,-0.08419521654815776
4150,-0.04751131221719462
4151,0.10897435897435892
4152,-0.09550743374272785
4153,0.33333333333333337
4154,-0.10164835164835162
4155,-0.07207498383968969
4156,0.1067119155354449
4157,-0.10132514544279247
4158,-0.07223658694246926
4159,0.4474789915966386
4160,-0.15384615384615385
4161,0.2937405731523379
4162,0.46153846153846156
4163,-0.029088558500323214
4164,-0.11296056884292183
4165,0.4321266968325792
4166,-0.13606981254040074
4167,-0.08661926308985135
4168,-0.12314156431803491
4169,-0.1184550743374273
4170,0.2670760611937083
4171,-0.1577246283128636
4172,-0.0339366515837104
4173,0.1067119155354449
4174,-0.07191338073691012
4175,-0.04201680672268904
4176,-0.09987071751777632
4177,-0.02472527472527475
4178,-0.06561085972850678
4179,-0.11166774402068524
4180,0.1126912303382891
4181,-0.08241758241758246
4182,-0.08015513897866844
4183,-0.03409825468648997
4184,-0.08015513897866844
4185,-0.0547834518422754
4186,-0.11861667744020687
4187,-0.04670329670329665
4188,-0.09276018099547512
4189,-0.08678086619263092
4190,-0.0446024563671622
4191,-0.06447963800904977
4192,-0.09114414996767939
4193,-0.12944408532643825
4194,0.0876427494074552
4195,-0.14689722042663222
4196,-0.1255656108597285
4197,0.2937405731523379
4198,-0.046541693600517076
4199,-0.1071428571428571
4200,-0.14867485455720753
4201,0.4471557853910795
4202,0.06760396466278817
4203,-0.005817711700064621
4204,0.44796380090497734
4205,-0.14204912734324504
4206,-0.11635423400129286
4207,0.5899051928463694
4208,-0.07029734970911439
4209,-0.1244343891402715
4210,-0.10601163542340009
4211,-0.09211376858435683
4212,-0.07886231415643186
4213,-0.07369101486748542
4214,-0.06334841628959276
4215,-0.08742727860374921
4216,0.12772031889678948
4217,-0.09324499030381384
4218,0.4809308338720103
4219,-0.07950872656755015
4220,-0.07466063348416285
4221,-0.05639948287007113
4222,0.0876427494074552
4223,0.09766214177978882
4224,-0.07934712346477057
4225,-0.09421460892049127
4226,-0.07239819004524883
4227,-0.06351001939237233
4228,-0.0976082740788623
4229,-0.06108597285067874
4230,-0.09421460892049127
4231,-0.04848093083387206
4232,0.09394527041585865
4233,-0.07886231415643186
4234,-0.09324499030381384
4235,-0.06528765352294763
4236,0.16666666666666663
4237,-0.08063994828700716
4238,-0.06561085972850678
4239,0.44974143503555264
4240,-0.09954751131221717
4241,-0.05252100840336138
4242,-0.09486102133160956
4243,-0.06399482870071105
4244,0.4560439560439561
4245,-0.07886231415643186
4246,0.12707390648567118
4247,-0.09987071751777632
4248,-0.11166774402068524
4249,0.25721827192415436
4250,-0.08500323206205562
4251,-0.07837750484809314
4252,-0.10213316095669034
4253,-0.10989010989010994
4254,-0.12459599224305107
4255,-0.07902391725921143
4256,0.43891402714932126
4257,-0.1220103425985779
4258,0.30052790346908
4259,-0.09825468648998059
4260,-0.11716224951519072
4261,-0.09599224305106657
4262,-0.05268261150614095
4263,-0.08015513897866844
4264,-0.09146735617323853
4265,-0.09437621202327084
4266,-0.11425339366515841
4267,-0.09001292824822238
4268,-0.07659987071751773
4269,-0.12588881706528765
4270,0.0751993104934281
4271,0.6225490196078431
4272,-0.0494505494505495
4273,-0.10601163542340009
4274,0.4898190045248869
4275,-0.15643180349062702
4276,-0.04734970911441505
4277,-0.09744667097608273
4278,0.44796380090497734
4279,-0.09486102133160956
4280,-0.10989010989010994
4281,-0.0618939883645766
4282,0.4385908209437621
4283,-0.11958629605688431
4284,0.4898190045248869
4285,-0.052844214608920526
4286,-0.004524886877828038
4287,-0.11231415643180354
4288,-0.11150614091790567
4289,-0.04864253393665163
4290,-0.0618939883645766
4291,0.46816418875242405
4292,0.09636931695755224
4293,-0.09389140271493213
4294,-0.09356819650937298
4295,-0.11473820297349713
4296,-0.09841628959276016
4297,-0.05995475113122173
4298,-0.05995475113122173
4299,-0.0940530058177117
4300,-0.06948933419521652
4301,-0.08500323206205562
4302,-0.05090497737556565
4303,-0.07773109243697474
4304,0.11576168929110098
4305,-0.11425339366515841
4306,-0.14511958629605692
4307,-0.07579185520361986
4308,-0.0190691661279897
4309,-0.010665804783451804
4310,-0.0809631544925663
4311,0.5
4312,-0.12104072398190047
4313,0.46881060116354234
4314,-0.10908209437621197
4315,-0.09728506787330315
4316,-0.034906270200387834
4317,-0.04314802844214605
4318,0.4243697478991597
4319,-0.055753070458952836
4320,0.1126912303382891
4321,-0.0696509372979961
4322,-0.07886231415643186
4323,-0.08613445378151263
4324,0.4571751777634131
4325,-0.05720749838396899
4326,-0.1351001939237233
4327,-0.09954751131221717
4328,-0.0851648351648352
4329,-0.05268261150614095
4330,-0.0887201034259858
4331,-0.10633484162895923
4332,-0.12411118293471235
4333,-0.10439560439560436
4334,-0.08532643826761477
4335,0.13062917474682179
4336,-0.14334195216548162
4337,-0.0636716224951519
4338,-0.09550743374272785
4339,-0.07530704589528114
4340,-0.05494505494505497
4341,-0.03296703296703296
4342,0.14630467571644035
4343,-0.05494505494505497
4344,-0.10132514544279247
4345,-0.12168713639301876
4346,-0.09890109890109888
4347,-0.07029734970911439
4348,-0.0678733031674208
4349,-0.13251454427925013
4350,-0.030219780219780223
4351,-0.0446024563671622
4352,-0.10972850678733037
4353,-0.041855203619909465
4354,-0.09550743374272785
4355,0.43180349062702006
4356,0.4576599870717518
4357,-0.09146735617323853
4358,0.0953996983408748
4359,0.12707390648567118
4360,-0.07950872656755015
4361,-0.09954751131221717
4362,-0.05753070458952814
4363,0.44957983193277307
4364,-0.1386554621848739
4365,-0.11247575953458311
4366,-0.1666127989657401
4367,0.6349924585218703
4368,-0.13380736910148672
4369,-0.05365223012281839
4370,-0.06221719457013575
4371,-0.10859728506787325
4372,-0.03296703296703296
4373,0.33333333333333337
4374,-0.0625404007756949
4375,-0.079185520361991
4376,-0.042986425339366474
4377,-0.08581124757595349
4378,-0.07999353587588887
4379,-0.09696186166774401
4380,-0.11182934712346482
4381,-0.11021331609566909
4382,-0.1244343891402715
4383,-0.0707821590174531
4384,-0.1583710407239819
4385,-0.0643180349062702
4386,-0.11053652230122823
4387,0.4809308338720103
4388,-0.11910148674854559
4389,-0.09841628959276016
4390,-0.095830639948287
4391,-0.06641887524240464
4392,-0.153038138332256
4393,-0.08758888170652879
4394,0.4297026502908856
4395,-0.08484162895927605
4396,-0.12217194570135748
4397,-0.10132514544279247
4398,0.44004524886877827
4399,0.4898190045248869
4400,-0.08581124757595349
4401,0.28533721180780003
4402,-0.08839689722042665
4403,-0.10229476405946991
4404,-0.10601163542340009
4405,-0.09437621202327084
4406,-0.0993859082094376
4407,-0.10989010989010994
4408,-0.06528765352294763
4409,-0.0321590174531351
4410,-0.07466063348416285
4411,0.46218487394957986
4412,-0.10164835164835162
4413,-0.15756302521008403
4414,-0.05963154492566258
4415,-0.06334841628959276
4416,-0.09017453135100195
4417,0
4418,-0.08855850032320622
4419,-0.1666127989657401
4420,0.43713639301874596
4421,0.64565826330532206
4422,-0.10084033613445376
4423,0.09103641456582634
4424,0.6196401637578108
4425,-0.09195216548157725
4426,-0.07579185520361986
4427,-0.06528765352294763
4428,-0.09502262443438914
4429,-0.16224951519069164
4430,-0.0869424692954105
4431,0.45135746606334837
4432,-0.08015513897866844
4433,0.28404438698556345
4434,-0.06334841628959276
4435,-0.11053652230122823
4436,0.16666666666666663
4437,-0.05930833872010344
4438,-0.06932773109243695
4439,-0.10342598577892692
4440,-0.09696186166774401
4441,-0.042501616031027756
4442,-0.05365223012281839
4443,-0.06270200387847447
4444,-0.12071751777634132
4445,-0.11716224951519072
4446,0.10364145658263302
4447,0.4809308338720103
4448,0.06760396466278817
4449,0.1311139840551605
4450,0.2688536953242836
4451,-0.12475759534583064
4452,-0.013574660633484115
4453,0.4608920491273433
4454,-0.0940530058177117
4455,-0.09308338720103426
4456,-0.02537168713639304
4457,-0.030219780219780223
4458,-0.03054298642533937
4459,-0.05381383322559796
4460,0.11010558069381593
4461,-0.04266321913380733
4462,-0.1184550743374273
4463,-0.05203619909502266
4464,-0.09841628959276016
4465,-0.0446024563671622
4466,-0.06270200387847447
4467,-0.09340659340659341
4468,-0.18778280542986425
4469,-0.0904977375565611
4470,-0.09453781512605042
4471,-0.09825468648998059
4472,-0.04040077569489331
4473,-0.039592760180995445
4474,-0.13768584356819646
4475,-0.07756948933419516
4476,-0.07627666451195858
4477,0.4429541047188106
4478,-0.07692307692307687
4479,0.42000646412411113
4480,0.44974143503555264
4481,-0.07352941176470584
4482,0.4290562378797673
4483,-0.10859728506787325
4484,-0.050420168067226934
4485,-0.12524240465416936
4486,-0.057369101486748564
4487,-0.09534583063994828
4488,-0.09550743374272785
4489,-0.15756302521008403
4490,0.1621417797888386
4491,-0.05365223012281839
4492,0.42226890756302526
4493,-0.034421460892049116
4494,-0.10972850678733037
4495,-0.041855203619909465
4496,-0.0833872010342599
4497,-0.11764705882352944
4498,-0.10520361990950222
4499,0.13677009265244555
4500,-0.08855850032320622
4501,-0.06706528765352293
4502,-0.13897866839043305
4503,0.4376212023270847
4504,-0.037330316742081426
4505,0.482546864899806
4506,-0.1308985132514544
4507,-0.07239819004524883
4508,0.2770954535660418
4509,-0.07110536522301225
4510,0.287276449041155
4511,-0.09162895927601811
4512,-0.10277957336780863
4513,0.32040508511096755
4514,-0.07530704589528114
4515,-0.09243697478991597
4516,-0.11425339366515841
4517,-0.10277957336780863
4518,-0.06447963800904977
4519,-0.08063994828700716
4520,-0.09486102133160956
4521,-0.058661926308985146
4522,-0.05882352941176472
4523,-0.09179056237879768
4524,-0.09890109890109888
4525,-0.022624434389140302
4526,0.160848954966602
4527,-0.009049773755656076
4528,-0.12217194570135748
4529,-0.10601163542340009
4530,-0.1131221719457014
4531,-0.07805429864253388
4532,-0.1089204912734324
4533,0.14404223227752633
4534,-0.0446024563671622
4535,-0.08775048480930836
4536,0
4537,-0.06561085972850678
4538,0.09863176039646626
4539,-0.1255656108597285
4540,-0.08387201034259861
4541,-0.11910148674854559
4542,0.15648567119155354
4543,0.27273216979099335
4544,-0.09857789269553974
4545,-0.10100193923723333
4546,0.442792501616031
4547,-0.1011635423400129
4548,-0.07611506140917901
4549,-0.07740788623141559
4550,-0.029088558500323214
4551,-0.09243697478991597
4552,-0.11797026502908858
4553,-0.11085972850678738
4554,-0.09308338720103426
4555,-0.08063994828700716
4556,-0.05187459599224309
4557,0.15939452704158585
4558,-0.12071751777634132
4559,-0.07724628312863602
4560,0.14194139194139188
4561,0.45216548157724623
4562,-0.1386554621848739
4563,-0.07643826761473815
4564,-0.11199095022624439
4565,-0.13606981254040074
4566,-0.058661926308985146
4567,-0.0898513251454428
4568,-0.06706528765352293
4569,0.44618616677440204
4570,-0.0339366515837104
4571,-0.1375242404654169
4572,-0.10213316095669034
4573,-0.153038138332256
4574,-0.10601163542340009
4575,0.48303167420814475
4576,0.4678409825468649
4577,-0.09647705235940529
4578,-0.07886231415643186
4579,-0.03539107950872655
4580,0.4505494505494505
4581,-0.06447963800904977
4582,-0.05381383322559796
4583,-0.07352941176470584
4584,-0.05882352941176472
4585,0.6560008618832149
4586,0.42404654169360056
4587,-0.10859728506787325
4588,0.11818573583279457
4589,-0.07110536522301225
4590,-0.056237879767291554
4591,0.07730015082956254
4592,0.47640594699418226
4593,0.29067011419952604
4594,-0.10051712992889461
4595,-0.11683904330963157
4596,-0.0678733031674208
4597,0.0907132083602672
4598,-0.09195216548157725
4599,-0.11053652230122823
4600,-0.08193277310924374
4601,-0.06561085972850678
4602,0.33333333333333337
4603,-0.061570782159017456
4604,0.09766214177978882
4605,-0.09776987718164187
4606,-0.05252100840336138
4607,-0.030219780219780223
4608,-0.12136393018745961
4609,0.13127558715794008
4610,0.28582202111613875
4611,-0.09744667097608273
4612,-0.08952811893988366
4613,-0.11279896574014225
4614,-0.07659987071751773
4615,-0.0446024563671622
4616,0.44957983193277307
4617,-0.04831932773109249
4618,-0.014544279250161551
4619,-0.11441499676793798
4620,0.11673130790777841
4621,-0.10924369747899154
4622,-0.0672268907563025
4623,-0.06318681318681318
4624,-0.08613445378151263
4625,-0.07692307692307687
4626,-0.07853910795087271
4627,-0.09890109890109888
4628,-0.11118293471234653
4629,-0.07643826761473815
4630,-0.08193277310924374
4631,0.1109135962077138
4632,-0.07288299935358755
4633,-0.08742727860374921
4634,0.7963262227968111
4635,-0.07692307692307687
4636,-0.015837104072398245
4637,-0.08581124757595349
4638,-0.058661926308985146
4639,-0.11522301228183585
4640,-0.08532643826761477
4641,-0.0654492566257272
4642,-0.12168713639301876
4643,0.46751777634130576
4644,-0.06512605042016806
4645,-0.08613445378151263
4646,-0.10148674854557205
4647,-0.1082740788623141
4648,-0.07934712346477057
4649,0.4541047188106012
4650,-0.08387201034259861
4651,0.42824822236586946
4652,0.45685197155785395
4653,0.10347985347985345
4654,0.140002154708037
4655,0.32040508511096755
4656,0.15939452704158585
4657,0.4796380090497737
4658,-0.08532643826761477
4659,-0.11344537815126055
4660,-0.13106011635423398
4661,-0.0940530058177117
4662,0.47042663219133807
4663,-0.08241758241758246
4664,-0.11199095022624439
4665,-0.09421460892049127
4666,-0.09502262443438914
4667,0.13273001508295623
4668,-0.0725597931480284
4669,-0.10859728506787325
4670,-0.11958629605688431
4671,-0.1089204912734324
4672,-0.11861667744020687
4673,-0.1446347769877182
4674,-0.17129928894634772
4675,0.13095238095238093
4676,-0.06706528765352293
4677,0.12254901960784315
4678,-0.11441499676793798
4679,-0.06932773109243695
4680,-0.04977375565610864
4681,-0.08968972204266323
4682,0.301659125188537
4683,-0.12168713639301876
4684,-0.06270200387847447
4685,0.4820620555914673
4686,0.4600840336134454
4687,-0.09211376858435683
4688,-0.1089204912734324
4689,-0.05946994182288301
4690,-0.04670329670329665
4691,0.3052143934496876
4692,-0.05704589528118942
4693,0.47398190045248867
4694,-0.058338720103426
4695,-0.1244343891402715
4696,0.11236802413272995
4697,-0.13849385908209433
4698,0.32993966817496234
4699,-0.14204912734324504
4700,-0.10374919198448607
4701,-0.08419521654815776
4702,-0.12928248222365868
4703,-0.13251454427925013
4704,-0.06706528765352293
4705,-0.14398836457659991
4706,-0.0862960568842922
4707,-0.07853910795087271
4708,-0.1226567550096962
4709,-0.10374919198448607
4710,-0.0678733031674208
4711,-0.08920491273432452
4712,0.11818573583279457
4713,-0.09922430510665803
4714,0.27273216979099335
4715,0.47834518422753713
4716,0.5
4717,0.42824822236586946
4718,0.0907132083602672
4719,-0.010665804783451804
4720,-0.10213316095669034
4721,-0.07449903038138328
4722,-0.04912734324499035
4723,-0.0672268907563025
4724,-0.10051712992889461
4725,-0.04056237879767288
4726,0.09103641456582634
4727,-0.051066580478345225
4728,0.11608489549666012
4729,-0.09017453135100195
4730,-0.06625727213962507
4731,0.27386339151045036
4732,0.25479422538246066
4733,-0.1255656108597285
4734,-0.1064964447317388
4735,-0.10601163542340009
4736,-0.05769230769230771
4737,-0.05817711700064643
4738,0.4436005171299289
4739,-0.07659987071751773
4740,0.1067119155354449
4741,0.44618616677440204
4742,0.28339797457444516
4743,-0.07805429864253388
4744,-0.10859728506787325
4745,-0.09195216548157725
4746,-0.07126696832579182
4747,0.14921353156647266
4748,-0.07934712346477057
4749,-0.09954751131221717
4750,-0.09486102133160956
4751,0.10525748761042875
4752,-0.10972850678733037
4753,-0.10859728506787325
4754,-0.0940530058177117
4755,0.4620232708468003
4756,-0.04912734324499035
4757,-0.13073691014867483
4758,-0.005817711700064621
4759,-0.05995475113122173
4760,0.4898190045248869
4761,-0.1184550743374273
4762,-0.06221719457013575
4763,-0.026664511958629622
4764,-0.051712992889463516
4765,-0.09696186166774401
4766,-0.06981254040077567
4767,0.4303490627020039
4768,0
4769,-0.10746606334841624
4770,0.44618616677440204
4771,-0.0869424692954105
4772,-0.11296056884292183
4773,0.4457013574660633
4774,-0.09146735617323853
4775,0.41467356173238523
4776,0.4429541047188106
4777,-0.0512281835811248
4778,-0.14156431803490632
4779,-0.06771170006464122
4780,-0.12475759534583064
4781,-0.03636069812540399
4782,-0.08371040723981904
4783,-0.08435681965093733
4784,0.29067011419952604
4785,-0.07159017453135097
4786,-0.0940530058177117
4787,-0.1184550743374273
4788,0.11608489549666012
4789,-0.09906270200387846
4790,-0.08241758241758246
4791,-0.09776987718164187
4792,-0.1446347769877182
4793,-0.04056237879767288
4794,-0.07756948933419516
4795,-0.0565610859728507
4796,-0.05203619909502266
4797,-0.058661926308985146
4798,0.10735832794656319
4799,-0.09890109890109888
4800,-0.09211376858435683
4801,-0.05898513251454429
4802,0.9408532643826761
4803,0.4618616677440207
4804,0.46881060116354234
4805,0.11786252962723542
4806,-0.06981254040077567
4807,0.44263089851325144
4808,-0.08678086619263092
4809,-0.13106011635423398
4810,-0.05025856496444736
4811,-0.15384615384615385
4812,-0.11506140917905627
4813,-0.02488687782805432
4814,-0.07159017453135097
4815,-0.05882352941176472
4816,-0.08306399482870075
4817,0.12772031889678948
4818,-0.079185520361991
4819,-0.06755009696186165
4820,0.1067119155354449
4821,-0.02359405300581774
4822,0.27564102564102566
4823,-0.09243697478991597
4824,-0.0654492566257272
4825,-0.13122171945701355
4826,-0.07530704589528114
4827,-0.08128636069812545
4828,-0.11199095022624439
4829,-0.10585003232062051
4830,0
4831,-0.11700064641241115
4832,-0.0707821590174531
4833,-0.0940530058177117
4834,0.09636931695755224
4835,-0.10342598577892692
4836,0.27273216979099335
4837,-0.074983839689722
4838,-0.07999353587588887
4839,-0.07773109243697474
4840,-0.11360698125404012
4841,-0.02472527472527475
4842,-0.12071751777634132
4843,0.0936220642102995
4844,-0.074983839689722
4845,-0.07837750484809314
4846,0.27515621633268694
4847,-0.11182934712346482
4848,-0.09486102133160956
4849,-0.15756302521008403
4850,0.13273001508295623
4851,-0.12540400775694893
4852,-0.07756948933419516
4853,-0.11296056884292183
4854,-0.11166774402068524
4855,0.4713962508080155
4856,0.1353156647274294
4857,-0.09696186166774401
4858,-0.14204912734324504
4859,0.4809308338720103
4860,-0.07159017453135097
4861,0.48545572074983845
4862,-0.05138978668390437
4863,-0.0565610859728507
4864,-0.08952811893988366
4865,-0.07352941176470584
4866,0.16666666666666663
4867,0.11576168929110098
4868,-0.044117647058823484
4869,-0.0678733031674208
4870,-0.09809308338720102
4871,-0.1237879767291532
4872,-0.08144796380090502
4873,-0.09825468648998059
4874,-0.12394957983193278
4875,-0.08645765998707178
4876,0.16666666666666663
4877,0.08634992458521862
4878,-0.08952811893988366
4879,0.14759750053867693
4880,-0.09987071751777632
4881,0.15600086188321483
4882,0.4772139625080801
4883,-0.07466063348416285
4884,0.11721611721611713
4885,0.440530058177117
4886,-0.09599224305106657
4887,0.11430726136608482
4888,-0.024563671622495176
4889,-0.11910148674854559
4890,-0.06496444731738849
4891,0.2593191122602888
4892,-0.09906270200387846
4893,-0.09841628959276016
4894,-0.029734970911441505
4895,0.48303167420814475
4896,0.5
4897,0.10461107519931045
4898,-0.16338073691014865
4899,-0.05203619909502266
4900,0.0907132083602672
4901,-0.08435681965093733
4902,-0.11958629605688431
4903,0.4678409825468649
4904,-0.08225597931480289
4905,-0.06803490627020037
4906,-0.08193277310924374
4907,-0.07611506140917901
4908,-0.08484162895927605
4909,0.3231523378582203
4910,-0.06415643180349062
4911,0.9408532643826761
4912,-0.05268261150614095
4913,-0.079185520361991
4914,-0.09065934065934067
4915,-0.09890109890109888
4916,-0.07466063348416285
4917,0.2790346907993967
4918,-0.046541693600517076
4919,-0.03409825468648997
4920,-0.07352941176470584
4921,-0.06512605042016806
4922,-0.060924369747899165
4923,-0.0672268907563025
4924,-0.12104072398190047
4925,-0.09776987718164187
4926,-0.06528765352294763
4927,-0.12750484809308338
4928,0.48416289592760176
4929,-0.1184550743374273
4930,-0.08063994828700716
4931,-0.12217194570135748
4932,-0.04266321913380733
4933,0.27273216979099335
4934,-0.12605042016806722
4935,0.3111937082525318
4936,0.2927709545356605
4937,-0.06043956043956045
4938,-0.10326438267614735
4939,0.6564856711915537
4940,-0.10859728506787325
4941,-0.06981254040077567
4942,-0.16338073691014865
4943,-0.09486102133160956
4944,-0.153038138332256
4945,-0.07029734970911439
4946,-0.06625727213962507
4947,0
4948,-0.08484162895927605
4949,0.4608920491273433
4950,-0.12782805429864252
4951,-0.10924369747899154
4952,-0.08128636069812545
4953,0.10719672484378362
4954,0.6560008618832149
4955,-0.08241758241758246
4956,-0.07886231415643186
4957,-0.10859728506787325
4958,-0.10132514544279247
4959,-0.09453781512605042
4960,0.4321266968325792
4961,-0.10019392372333547
4962,-0.06738849385908208
4963,-0.0816095669036846
4964,-0.15998707175177762
4965,-0.09486102133160956
4966,0.09394527041585865
4967,-0.0654492566257272
4968,-0.10633484162895923
4969,0.6537384184443009
4970,-0.04266321913380733
4971,0.4374595992243051
4972,0.28646843352725715
4973,0.1126912303382891
4974,-0.02472527472527475
4975,-0.08952811893988366
4976,-0.07352941176470584
4977,-0.07611506140917901
4978,-0.07950872656755015
4979,-0.11102133160956695
4980,-0.07352941176470584
4981,0.7977806507218272
4982,0.45216548157724623
4983,-0.09195216548157725
4984,-0.11296056884292183
4985,-0.0976082740788623
4986,0.44505494505494503
4987,-0.044764059469941775
4988,-0.052844214608920526
4989,-0.0851648351648352
4990,-0.11877828054298645
4991,-0.0851648351648352
4992,-0.13202973497091142
4993,-0.06561085972850678
4994,0.1286899375134669
4995,-0.11441499676793798
4996,-0.1089204912734324
4997,-0.12184873949579833
4998,-0.060924369747899165
4999,-0.05494505494505497
5000,-0.12782805429864252
