permutation_id,tau_null
1,-0.010180995475113086
2,-0.015837104072398245
3,-0.034906270200387834
4,0.002424046541693592
5,0.03506787330316741
6,0.011958629605688387
7,-0.022947640594699448
8,6.464124111182912e-4
9,0.0463800904977375
10,0.0172915319974144
11,0.002424046541693592
12,0.034906270200387834
13,-0.021493212669683293
14,0.004524886877828038
15,-0.02941176470588236
16,-0.021170006464124147
17,0.034906270200387834
18,-0.022947640594699448
19,-0.034906270200387834
20,-0.008403361344537785
21,-0.003232062055591456
22,-0.006302521008403339
23,0.03248222365869424
24,-0.03183581124757595
25,-0.003232062055591456
26,-0.015837104072398245
27,0.0014544279250161551
28,0.021170006464124147
29,-0.004848093083387184
30,-0.03248222365869424
31,-0.019392372333548846
32,0.013736263736263687
33,0.02941176470588236
34,-0.015837104072398134
35,-0.01955397543632842
36,-0.0463800904977375
37,0.037491919844861
38,-0.037491919844861
39,-0.0463800904977375
40,0.004201680672268893
41,-0.003232062055591456
42,-0.026826115061409195
43,-0.015837104072398134
44,0.013736263736263687
45,-0.0463800904977375
46,0.029573367808661932
47,0.015837104072398134
48,0.011312217194570207
49,0.01664511958629611
50,-0.026826115061409195
51,-0.011312217194570207
52,-0.021170006464124147
53,-0.026826115061409195
54,-0.01664511958629611
55,-0.03506787330316741
56,-0.02941176470588236
57,-0.013897866839043371
58,-0.034906270200387834
59,-0.015837104072398134
60,-0.0463800904977375
61,0.05203619909502266
62,0.008403361344537785
63,-0.01664511958629611
64,-0.010180995475113086
65,-0.015837104072398245
66,-0.026826115061409195
67,-0.015837104072398134
68,0.015837104072398134
69,-0.03506787330316741
70,-0.004686489980607722
71,0.034906270200387834
72,0.026826115061409195
73,0.026826115061409195
74,-0.03183581124757595
75,-0.003232062055591456
76,0.03506787330316741
77,-0.022947640594699448
78,0.02941176470588236
79,0.021170006464124147
80,0.0172915319974144
81,-0.01664511958629611
82,0.02941176470588236
83,-6.464124111182912e-4
84,0.013736263736263687
85,-0.0172915319974144
86,-0.04056237879767288
87,8.08015513897864e-4
88,0.015837104072398134
89,-0.013736263736263687
90,-0.004201680672268893
91,0.02650290885585005
92,-0.010180995475113086
93,0.0463800904977375
94,0.008564964447317358
95,0.010180995475113086
96,-6.464124111182912e-4
97,0.010180995475113086
98,-0.026826115061409195
99,-0.006302521008403339
100,0.013736263736263687
101,0.034906270200387834
102,0.003232062055591456
103,0.013897866839043371
104,0.034906270200387834
105,-0.006302521008403339
106,0.010180995475113086
107,0.02941176470588236
108,0.010180995475113086
109,0.02941176470588236
110,-0.015837104072398134
111,-0.0463800904977375
112,-0.0410471881060116
113,0.010180995475113086
114,-0.015837104072398134
115,-0.008403361344537785
116,-0.01955397543632842
117,0.013736263736263687
118,0.015837104072398245
119,-0.010180995475113086
120,-0.022301228183581157
121,0.004524886877828038
122,-0.037491919844861
123,0.015837104072398134
124,-0.008564964447317358
125,0.013736263736263687
126,-0.0463800904977375
127,-0.021170006464124147
128,-0.0463800904977375
129,0.008564964447317358
130,-0.02941176470588236
131,0.026826115061409195
132,0.021170006464124147
133,0.010180995475113086
134,0.004201680672268893
135,0.004524886877828038
136,0.021170006464124147
137,0.004524886877828038
138,-0.0410471881060116
139,0.0172915319974144
140,-0.011958629605688387
141,0.05203619909502266
142,0.024078862314156457
143,-0.037491919844861
144,0.034906270200387834
145,-0.004524886877828038
146,-0.034906270200387834
147,6.464124111182912e-4
148,0.015837104072398245
149,-0.0014544279250161551
150,-0.015837104072398245
151,0.02941176470588236
152,-0.029573367808661932
153,0.008403361344537785
154,0.010180995475113086
155,-0.008564964447317358
156,-0.003232062055591456
157,-0.026826115061409195
158,-6.464124111182912e-4
159,-0.02941176470588236
160,0.010180995475113086
161,-0.015837104072398245
162,0.01664511958629611
163,0.0014544279250161551
164,-0.03248222365869424
165,0.015837104072398134
166,0.0463800904977375
167,-6.464124111182912e-4
168,-0.004848093083387184
169,-0.0410471881060116
170,0.010180995475113086
171,0.019392372333548846
172,-0.008564964447317358
173,-0.034906270200387834
174,-0.015837104072398134
175,0.0463800904977375
176,-0.004524886877828038
177,0.013736263736263687
178,-0.004686489980607722
179,-0.010180995475113086
180,0.004201680672268893
181,8.08015513897864e-4
182,-0.010180995475113086
183,-0.013897866839043371
184,0.0463800904977375
185,0.01664511958629611
186,0.05203619909502266
187,0.0014544279250161551
188,0.010180995475113086
189,0.011312217194570207
190,0.02941176470588236
191,0.011958629605688387
192,-0.010180995475113086
193,0.03248222365869424
194,-0.015837104072398134
195,-0.02941176470588236
196,0.003232062055591456
197,-0.010180995475113086
198,0.004524886877828038
199,0.05203619909502266
200,0.0014544279250161551
201,0.010180995475113086
202,-0.01664511958629611
203,0.05203619909502266
204,0.03183581124757595
205,-6.464124111182912e-4
206,-6.464124111182912e-4
207,-0.021170006464124147
208,-0.034906270200387834
209,0.015837104072398134
210,-0.03183581124757595
211,-0.010180995475113086
212,-0.003232062055591456
213,0.026826115061409195
214,-0.003232062055591456
215,-6.464124111182912e-4
216,0.015837104072398134
217,-0.006302521008403339
218,0.004524886877828038
219,0.013897866839043371
220,0.03506787330316741
221,0.01955397543632842
222,-0.013736263736263687
223,-0.003232062055591456
224,0.010180995475113086
225,-0.004524886877828038
226,8.08015513897864e-4
227,-0.015837104072398134
228,0.03183581124757595
229,-0.021170006464124147
230,6.464124111182912e-4
231,-6.464124111182912e-4
232,-0.015837104072398245
233,0.004686489980607722
234,0.013736263736263687
235,0.010180995475113086
236,0.010180995475113086
237,0.04056237879767288
238,-0.011312217194570207
239,0.03248222365869424
240,-0.026826115061409195
241,0.008403361344537785
242,-0.02650290885585005
243,-0.01664511958629611
244,-0.010180995475113086
245,-0.0014544279250161551
246,-0.015837104072398134
247,-0.006302521008403339
248,0.02941176470588236
249,-6.464124111182912e-4
250,-0.026826115061409195
251,-0.004686489980607722
252,0.008564964447317358
253,0.0463800904977375
254,-0.03183581124757595
255,-0.037491919844861
256,-0.037491919844861
257,0.02650290885585005
258,8.08015513897864e-4
259,-0.04056237879767288
260,-0.015837104072398134
261,0.003232062055591456
262,-0.02650290885585005
263,-0.022947640594699448
264,0.010180995475113086
265,0.006787330316742057
266,-0.0014544279250161551
267,0.029573367808661932
268,0.01664511958629611
269,-0.0172915319974144
270,0.006787330316742057
271,0.013897866839043371
272,-0.004201680672268893
273,0.04056237879767288
274,0.04056237879767288
275,0.021170006464124147
276,0.008564964447317358
277,-0.029573367808661932
278,-0.015837104072398134
279,-0.02941176470588236
280,-0.010180995475113086
281,-0.011312217194570207
282,0.006787330316742057
283,0.01664511958629611
284,-0.003232062055591456
285,-0.037491919844861
286,-0.008564964447317358
287,-0.02941176470588236
288,-0.010180995475113086
289,-6.464124111182912e-4
290,0.004201680672268893
291,0.026826115061409195
292,0.01955397543632842
293,0.034906270200387834
294,0.006787330316742057
295,-0.003232062055591456
296,0.0410471881060116
297,-0.0463800904977375
298,-0.021170006464124147
299,-0.011312217194570207
300,-0.006302521008403339
301,0.0463800904977375
302,-0.024078862314156457
303,-0.02941176470588236
304,-0.0463800904977375
305,-0.0410471881060116
306,0.0014544279250161551
307,-0.008403361344537785
308,-0.010180995475113086
309,-0.029573367808661932
310,-0.026826115061409195
311,0.0172915319974144
312,-0.021170006464124147
313,-0.0014544279250161551
314,0.037491919844861
315,-0.013736263736263687
316,0.026826115061409195
317,0.004848093083387184
318,-0.03183581124757595
319,-0.013897866839043371
320,0.04056237879767288
321,-0.01664511958629611
322,0.021170006464124147
323,0.034906270200387834
324,-0.003232062055591456
325,0.004848093083387184
326,0.0014544279250161551
327,-0.015837104072398134
328,-0.0172915319974144
329,-0.010180995475113086
330,0.034906270200387834
331,-0.013736263736263687
332,0.01664511958629611
333,-0.03183581124757595
334,-0.010180995475113086
335,0.021170006464124147
336,0.004524886877828038
337,-0.024078862314156457
338,0.008564964447317358
339,0.01664511958629611
340,0.013897866839043371
341,0.0172915319974144
342,6.464124111182912e-4
343,0.04056237879767288
344,0.008403361344537785
345,-0.0014544279250161551
346,0.037491919844861
347,-0.03506787330316741
348,0.021170006464124147
349,-0.008564964447317358
350,-0.013897866839043371
351,0.006302521008403339
352,0.008403361344537785
353,0.015837104072398245
354,0.003232062055591456
355,-0.026826115061409195
356,-0.013897866839043371
357,0.021170006464124147
358,0.002424046541693592
359,0.010180995475113086
360,0.003232062055591456
361,-0.013897866839043371
362,-0.008564964447317358
363,-0.0463800904977375
364,-0.024078862314156457
365,0.01955397543632842
366,0.04056237879767288
367,-0.003232062055591456
368,-0.013736263736263687
369,-0.03183581124757595
370,-0.03506787330316741
371,0.021170006464124147
372,-0.002424046541693592
373,0.004524886877828038
374,-0.013736263736263687
375,0.015837104072398245
376,0.013897866839043371
377,-8.08015513897864e-4
378,-0.015837104072398245
379,0.004848093083387184
380,0.010180995475113086
381,0.0463800904977375
382,0.037491919844861
383,0.022301228183581157
384,-0.03183581124757595
385,0.01664511958629611
386,-0.008403361344537785
387,-0.011958629605688387
388,0.011312217194570207
389,-0.004686489980607722
390,0.0014544279250161551
391,-0.029573367808661932
392,0.026826115061409195
393,-0.01955397543632842
394,0.0014544279250161551
395,-0.015837104072398134
396,0.0172915319974144
397,-0.03248222365869424
398,0.013736263736263687
399,-0.026826115061409195
400,-0.006302521008403339
401,-0.03248222365869424
402,0.03183581124757595
403,-0.010180995475113086
404,-0.015837104072398134
405,0.022301228183581157
406,-0.024078862314156457
407,0.004848093083387184
408,-0.008564964447317358
409,0.013736263736263687
410,-0.015837104072398134
411,0.003232062055591456
412,0.01664511958629611
413,-0.010180995475113086
414,0.0410471881060116
415,0.034906270200387834
416,6.464124111182912e-4
417,-0.022301228183581157
418,0.01664511958629611
419,0.013736263736263687
420,0.026826115061409195
421,-0.004848093083387184
422,-0.008564964447317358
423,0.004524886877828038
424,0.037491919844861
425,0.026826115061409195
426,0.011958629605688387
427,-0.01955397543632842
428,-0.015837104072398134
429,0.01664511958629611
430,-0.034906270200387834
431,-0.004848093083387184
432,0.026826115061409195
433,0.021493212669683293
434,0.015837104072398245
435,0.026826115061409195
436,-0.006787330316742057
437,-0.008564964447317358
438,-0.008403361344537785
439,-0.006302521008403339
440,0.03183581124757595
441,0.026826115061409195
442,0.010180995475113086
443,-0.010180995475113086
444,0.037491919844861
445,-8.08015513897864e-4
446,-0.021170006464124147
447,-0.004201680672268893
448,0.0410471881060116
449,-0.011312217194570207
450,-0.010180995475113086
451,-0.026826115061409195
452,0.019392372333548846
453,-0.004848093083387184
454,0.02650290885585005
455,0.013897866839043371
456,0.02650290885585005
457,0.0172915319974144
458,-0.004686489980607722
459,0.003232062055591456
460,-0.013897866839043371
461,6.464124111182912e-4
462,-0.002424046541693592
463,-0.024078862314156457
464,-6.464124111182912e-4
465,0.013897866839043371
466,0.0463800904977375
467,0.01664511958629611
468,-0.011958629605688387
469,-0.008564964447317358
470,0.021170006464124147
471,-0.008564964447317358
472,0.03183581124757595
473,0.004524886877828038
474,0.011958629605688387
475,-0.015837104072398134
476,0.01664511958629611
477,0.004201680672268893
478,-0.0172915319974144
479,-0.008564964447317358
480,-0.02941176470588236
481,0.013897866839043371
482,-0.010180995475113086
483,-0.006787330316742057
484,0.02941176470588236
485,0.022947640594699448
486,0.010180995475113086
487,-0.0172915319974144
488,0.003232062055591456
489,6.464124111182912e-4
490,0.022301228183581157
491,0.008564964447317358
492,-0.0014544279250161551
493,-0.0463800904977375
494,0.0463800904977375
495,0.026826115061409195
496,-0.01955397543632842
497,-0.010180995475113086
498,-0.05203619909502266
499,0.01955397543632842
500,-0.01664511958629611
501,-0.013736263736263687
502,-0.004848093083387184
503,0.015837104072398245
504,0.02941176470588236
505,-0.04056237879767288
506,0.006787330316742057
507,-0.004686489980607722
508,6.464124111182912e-4
509,-0.010180995475113086
510,0.0014544279250161551
511,0.002424046541693592
512,-0.034906270200387834
513,0.026826115061409195
514,-0.015837104072398134
515,0.026826115061409195
516,-0.006787330316742057
517,6.464124111182912e-4
518,-0.0172915319974144
519,0.026826115061409195
520,0.01664511958629611
521,0.015837104072398134
522,-0.03183581124757595
523,-0.03183581124757595
524,0.015837104072398134
525,0.04056237879767288
526,-6.464124111182912e-4
527,-0.010180995475113086
528,-0.010180995475113086
529,0.004201680672268893
530,0.0172915319974144
531,0.004524886877828038
532,0.008564964447317358
533,-0.010180995475113086
534,0.015837104072398134
535,-0.003232062055591456
536,-0.026826115061409195
537,-0.034906270200387834
538,-0.01955397543632842
539,-0.01955397543632842
540,0.006302521008403339
541,-0.010180995475113086
542,0.013897866839043371
543,0.03183581124757595
544,-0.01955397543632842
545,0.05203619909502266
546,-0.0463800904977375
547,0.01955397543632842
548,-0.010180995475113086
549,-0.01955397543632842
550,-0.034906270200387834
551,0.011312217194570207
552,-0.008403361344537785
553,-0.004686489980607722
554,-0.004524886877828038
555,-0.0463800904977375
556,0.004524886877828038
557,-0.04056237879767288
558,0.03183581124757595
559,-0.029573367808661932
560,-0.0410471881060116
561,0.006787330316742057
562,-0.013736263736263687
563,0.019392372333548846
564,-0.034906270200387834
565,0.006302521008403339
566,0.0014544279250161551
567,-0.015837104072398134
568,0.01664511958629611
569,0.013897866839043371
570,0.026826115061409195
571,-0.022947640594699448
572,-0.034906270200387834
573,-0.02941176470588236
574,0.004524886877828038
575,0.034906270200387834
576,-0.008403361344537785
577,-0.013897866839043371
578,0.021493212669683293
579,-0.021170006464124147
580,0.013736263736263687
581,0.037491919844861
582,-0.0410471881060116
583,-0.010180995475113086
584,-0.010180995475113086
585,-0.03183581124757595
586,-0.0014544279250161551
587,0.03248222365869424
588,-0.010180995475113086
589,0.015837104072398134
590,-0.004848093083387184
591,0.03506787330316741
592,0.05203619909502266
593,-0.029573367808661932
594,0.0410471881060116
595,-0.0463800904977375
596,0.003232062055591456
597,-0.02941176470588236
598,0.03506787330316741
599,8.08015513897864e-4
600,-0.029573367808661932
601,0.02650290885585005
602,-0.015837104072398134
603,0.034906270200387834
604,-0.013897866839043371
605,0.006787330316742057
606,0.01955397543632842
607,0.011312217194570207
608,-0.019392372333548846
609,-0.01955397543632842
610,-0.02650290885585005
611,0.013897866839043371
612,-0.010180995475113086
613,-0.015837104072398134
614,-0.003232062055591456
615,6.464124111182912e-4
616,-0.04056237879767288
617,-0.0172915319974144
618,-0.026826115061409195
619,-0.004686489980607722
620,0.01664511958629611
621,-0.003232062055591456
622,0.006787330316742057
623,0.010180995475113086
624,0.021170006464124147
625,-0.008564964447317358
626,-0.011312217194570207
627,-0.011958629605688387
628,0.01955397543632842
629,0.034906270200387834
630,-0.021170006464124147
631,0.01664511958629611
632,-0.0014544279250161551
633,0.021493212669683293
634,0.010180995475113086
635,0.021170006464124147
636,-0.006302521008403339
637,0.002424046541693592
638,-0.010180995475113086
639,0.006302521008403339
640,0.013897866839043371
641,-0.019392372333548846
642,0.019392372333548846
643,0.010180995475113086
644,-0.006787330316742057
645,0.004686489980607722
646,0.029573367808661932
647,-0.008564964447317358
648,0.024078862314156457
649,-0.008403361344537785
650,0.006787330316742057
651,0.0463800904977375
652,0.026826115061409195
653,0.029573367808661932
654,-0.026826115061409195
655,-0.029573367808661932
656,0.008564964447317358
657,0.010180995475113086
658,0.011312217194570207
659,-0.03183581124757595
660,-0.004686489980607722
661,-0.021493212669683293
662,0.01664511958629611
663,-0.002424046541693592
664,-0.010180995475113086
665,-0.0014544279250161551
666,-0.04056237879767288
667,0.0463800904977375
668,-0.010180995475113086
669,0.010180995475113086
670,-0.0172915319974144
671,-6.464124111182912e-4
672,-0.03183581124757595
673,-8.08015513897864e-4
674,-0.008564964447317358
675,0.008564964447317358
676,0.01664511958629611
677,0.0172915319974144
678,0.015837104072398134
679,-0.010180995475113086
680,0.019392372333548846
681,-0.004524886877828038
682,-0.026826115061409195
683,0.004686489980607722
684,0.013736263736263687
685,-0.026826115061409195
686,-0.024078862314156457
687,-0.03248222365869424
688,-0.01664511958629611
689,0.05203619909502266
690,0.037491919844861
691,0.021170006464124147
692,-0.01664511958629611
693,0.015837104072398134
694,0.010180995475113086
695,-0.0410471881060116
696,-0.02941176470588236
697,-0.008564964447317358
698,-0.021170006464124147
699,0.03506787330316741
700,-0.013897866839043371
701,-0.019392372333548846
702,0.021170006464124147
703,0.03183581124757595
704,-0.02941176470588236
705,0.021170006464124147
706,0.0172915319974144
707,-0.008564964447317358
708,-0.02650290885585005
709,0.021170006464124147
710,0.021493212669683293
711,0.05203619909502266
712,-0.021170006464124147
713,-0.0172915319974144
714,0.013897866839043371
715,-0.011312217194570207
716,-0.03183581124757595
717,0.0172915319974144
718,-0.05203619909502266
719,0.021170006464124147
720,-0.026826115061409195
721,-0.010180995475113086
722,-0.04056237879767288
723,-0.008564964447317358
724,-0.0014544279250161551
725,-0.003232062055591456
726,0.008564964447317358
727,0.0410471881060116
728,-0.004686489980607722
729,0.034906270200387834
730,-0.022947640594699448
731,-0.010180995475113086
732,-0.021170006464124147
733,-0.03183581124757595
734,-0.013897866839043371
735,-0.02650290885585005
736,-0.004201680672268893
737,-0.011958629605688387
738,-0.013897866839043371
739,0.026826115061409195
740,-0.006302521008403339
741,-0.010180995475113086
742,0.015837104072398134
743,-0.015837104072398134
744,-0.029573367808661932
745,-0.026826115061409195
746,-8.08015513897864e-4
747,-6.464124111182912e-4
748,-0.015837104072398134
749,0.05203619909502266
750,-0.010180995475113086
751,0.015837104072398134
752,-0.029573367808661932
753,0.019392372333548846
754,0.02650290885585005
755,-0.013736263736263687
756,0.015837104072398134
757,0.004686489980607722
758,0.003232062055591456
759,0.013897866839043371
760,0.021493212669683293
761,-0.01664511958629611
762,0.01664511958629611
763,-0.022947640594699448
764,0.0463800904977375
765,0.002424046541693592
766,0.013736263736263687
767,-0.010180995475113086
768,-0.01664511958629611
769,0.004524886877828038
770,-0.021170006464124147
771,-0.013736263736263687
772,-0.021170006464124147
773,0.026826115061409195
774,-0.02650290885585005
775,0.008564964447317358
776,0.011958629605688387
777,0.03183581124757595
778,-0.015837104072398134
779,0.004524886877828038
780,-0.03183581124757595
781,-0.011958629605688387
782,-0.03183581124757595
783,-0.008564964447317358
784,0.022947640594699448
785,-0.029573367808661932
786,0.013736263736263687
787,-0.0463800904977375
788,0.0172915319974144
789,-0.004848093083387184
790,0.003232062055591456
791,-0.015837104072398134
792,-0.0463800904977375
793,0.01664511958629611
794,-0.013736263736263687
795,0.024078862314156457
796,0.029573367808661932
797,-0.0172915319974144
798,-0.0410471881060116
799,-0.03183581124757595
800,-0.01664511958629611
801,-0.008564964447317358
802,0.015837104072398134
803,-0.015837104072398134
804,-0.03183581124757595
805,0.021170006464124147
806,0.010180995475113086
807,8.08015513897864e-4
808,-0.015837104072398245
809,-0.021170006464124147
810,-0.0172915319974144
811,-0.010180995475113086
812,-0.026826115061409195
813,-0.022947640594699448
814,6.464124111182912e-4
815,-0.02650290885585005
816,-0.013897866839043371
817,-0.013897866839043371
818,-0.03506787330316741
819,0.034906270200387834
820,-0.0463800904977375
821,-0.004686489980607722
822,-0.013897866839043371
823,6.464124111182912e-4
824,0.0172915319974144
825,-0.02941176470588236
826,0.03183581124757595
827,-0.015837104072398134
828,0.03506787330316741
829,0.0172915319974144
830,-0.021170006464124147
831,-0.0172915319974144
832,0.0463800904977375
833,-0.010180995475113086
834,8.08015513897864e-4
835,0.013736263736263687
836,0.034906270200387834
837,-0.03506787330316741
838,-0.003232062055591456
839,-0.037491919844861
840,-0.05203619909502266
841,0.015837104072398245
842,-0.037491919844861
843,0.015837104072398134
844,0.021493212669683293
845,0.0014544279250161551
846,0.02941176470588236
847,-0.021493212669683293
848,-0.006302521008403339
849,0.01664511958629611
850,0.0410471881060116
851,-0.01955397543632842
852,-0.03506787330316741
853,0.01955397543632842
854,-0.013897866839043371
855,-0.026826115061409195
856,0.010180995475113086
857,-0.011958629605688387
858,0.013897866839043371
859,-0.029573367808661932
860,0.05203619909502266
861,0.013736263736263687
862,0.019392372333548846
863,0.010180995475113086
864,-0.029573367808661932
865,-0.002424046541693592
866,0.004201680672268893
867,-0.0463800904977375
868,-0.004524886877828038
869,-0.022301228183581157
870,0.01664511958629611
871,-0.03183581124757595
872,8.08015513897864e-4
873,0.006302521008403339
874,0.006302521008403339
875,0.008564964447317358
876,0.034906270200387834
877,-0.02941176470588236
878,-0.02650290885585005
879,-0.034906270200387834
880,0.0463800904977375
881,-0.026826115061409195
882,-0.026826115061409195
883,0.03248222365869424
884,0.02650290885585005
885,0.0410471881060116
886,-0.05203619909502266
887,0.011958629605688387
888,-0.004201680672268893
889,-0.004848093083387184
890,0.026826115061409195
891,0.010180995475113086
892,0.037491919844861
893,-0.04056237879767288
894,0.015837104072398134
895,0.013736263736263687
896,0.024078862314156457
897,-0.003232062055591456
898,-0.002424046541693592
899,0.03248222365869424
900,8.08015513897864e-4
901,0.021170006464124147
902,-6.464124111182912e-4
903,-0.011958629605688387
904,-0.034906270200387834
905,-0.010180995475113086
906,-0.04056237879767288
907,-0.0014544279250161551
908,0.022947640594699448
909,0.026826115061409195
910,0.0172915319974144
911,0.0172915319974144
912,-0.022947640594699448
913,0.0014544279250161551
914,0.010180995475113086
915,0.01955397543632842
916,0.004201680672268893
917,0.034906270200387834
918,0.04056237879767288
919,-0.011958629605688387
920,-0.008403361344537785
921,0.002424046541693592
922,-0.013736263736263687
923,0.05203619909502266
924,0.013897866839043371
925,0.021170006464124147
926,-0.015837104072398134
927,0.008403361344537785
928,-0.026826115061409195
929,0.013897866839043371
930,0.04056237879767288
931,-0.026826115061409195
932,-0.03248222365869424
933,-8.08015513897864e-4
934,0.03183581124757595
935,0.026826115061409195
936,-0.03183581124757595
937,-0.022301228183581157
938,0.026826115061409195
939,-0.029573367808661932
940,-0.013897866839043371
941,-0.026826115061409195
942,0.037491919844861
943,0.010180995475113086
944,0.0014544279250161551
945,-0.004201680672268893
946,0.013897866839043371
947,0.021170006464124147
948,-0.02650290885585005
949,0.008564964447317358
950,0.037491919844861
951,0.006302521008403339
952,0.021170006464124147
953,-0.013897866839043371
954,0.010180995475113086
955,-0.003232062055591456
956,0.0172915319974144
957,0.0172915319974144
958,6.464124111182912e-4
959,0.0014544279250161551
960,-0.008564964447317358
961,-0.03248222365869424
962,-0.013736263736263687
963,0.010180995475113086
964,-0.004686489980607722
965,0.0410471881060116
966,0.026826115061409195
967,0.010180995475113086
968,0.03183581124757595
969,-0.01664511958629611
970,0.0172915319974144
971,0.015837104072398245
972,0.026826115061409195
973,-0.0463800904977375
974,0.05203619909502266
975,0.0410471881060116
976,-0.03183581124757595
977,-0.021170006464124147
978,0.026826115061409195
979,-0.034906270200387834
980,-0.008564964447317358
981,0.034906270200387834
982,-0.02941176470588236
983,-0.022947640594699448
984,-0.003232062055591456
985,0.015837104072398134
986,0.021170006464124147
987,-0.034906270200387834
988,-0.010180995475113086
989,-0.026826115061409195
990,-0.004848093083387184
991,0.021493212669683293
992,0.021170006464124147
993,-0.0014544279250161551
994,-0.02650290885585005
995,-6.464124111182912e-4
996,-0.021170006464124147
997,-0.010180995475113086
998,6.464124111182912e-4
999,-0.010180995475113086
1000,0.010180995475113086
1001,-0.008564964447317358
1002,0.01664511958629611
1003,0.011958629605688387
1004,0.015837104072398134
1005,0.003232062055591456
1006,0.01664511958629611
1007,0.02650290885585005
1008,0.03506787330316741
1009,-0.03506787330316741
1010,-0.021170006464124147
1011,0.021170006464124147
1012,0.024078862314156457
1013,-0.026826115061409195
1014,-0.0463800904977375
1015,-0.02650290885585005
1016,-0.03506787330316741
1017,0.003232062055591456
1018,-0.024078862314156457
1019,-0.002424046541693592
1020,0.015837104072398134
1021,-0.015837104072398134
1022,0.013736263736263687
1023,-0.013897866839043371
1024,0.010180995475113086
1025,-0.026826115061409195
1026,0.015837104072398245
1027,-0.02941176470588236
1028,-0.006302521008403339
1029,0.013736263736263687
1030,-0.022301228183581157
1031,-0.010180995475113086
1032,0.004201680672268893
1033,-0.021170006464124147
1034,0.011958629605688387
1035,-0.0463800904977375
1036,0.008564964447317358
1037,6.464124111182912e-4
1038,-0.02941176470588236
1039,0.008403361344537785
1040,0.021170006464124147
1041,-0.0463800904977375
1042,-0.01664511958629611
1043,0.02941176470588236
1044,-0.021170006464124147
1045,0.05203619909502266
1046,-0.03183581124757595
1047,0.034906270200387834
1048,-0.0463800904977375
1049,0.0172915319974144
1050,0.008564964447317358
1051,0.024078862314156457
1052,0.002424046541693592
1053,0.0014544279250161551
1054,-0.03183581124757595
1055,-0.010180995475113086
1056,0.026826115061409195
1057,-0.003232062055591456
1058,-0.01664511958629611
1059,0.0172915319974144
1060,-0.015837104072398245
1061,0.037491919844861
1062,0.003232062055591456
1063,0.037491919844861
1064,-0.021170006464124147
1065,0.0463800904977375
1066,-0.04056237879767288
1067,-0.003232062055591456
1068,0.010180995475113086
1069,0.011312217194570207
1070,-0.0463800904977375
1071,0.011312217194570207
1072,-0.004524886877828038
1073,-0.01955397543632842
1074,-0.008564964447317358
1075,-0.011312217194570207
1076,-0.015837104072398134
1077,-0.021170006464124147
1078,-0.013736263736263687
1079,-0.003232062055591456
1080,0.004848093083387184
1081,-0.0463800904977375
1082,-0.03183581124757595
1083,-0.002424046541693592
1084,0.013736263736263687
1085,0.006787330316742057
1086,-0.019392372333548846
1087,0.01664511958629611
1088,-0.01664511958629611
1089,0.026826115061409195
1090,-0.013736263736263687
1091,-0.011958629605688387
1092,0.01955397543632842
1093,-0.0410471881060116
1094,-0.010180995475113086
1095,-0.0410471881060116
1096,-0.026826115061409195
1097,-0.011312217194570207
1098,-0.013736263736263687
1099,0.02650290885585005
1100,0.013736263736263687
1101,-0.006787330316742057
1102,-0.02941176470588236
1103,6.464124111182912e-4
1104,-0.004848093083387184
1105,0.0014544279250161551
1106,-6.464124111182912e-4
1107,-0.01664511958629611
1108,0.010180995475113086
1109,-0.004524886877828038
1110,-0.015837104072398245
1111,-0.015837104072398134
1112,0.002424046541693592
1113,-0.0014544279250161551
1114,0.011312217194570207
1115,-0.01664511958629611
1116,0.019392372333548846
1117,-0.037491919844861
1118,-0.008403361344537785
1119,-0.013736263736263687
1120,0.026826115061409195
1121,-0.034906270200387834
1122,0.004201680672268893
1123,-0.01664511958629611
1124,-0.011312217194570207
1125,-0.03183581124757595
1126,0.0463800904977375
1127,0.010180995475113086
1128,0.01664511958629611
1129,-0.0463800904977375
1130,-0.0172915319974144
1131,0.0172915319974144
1132,-6.464124111182912e-4
1133,0.026826115061409195
1134,0.015837104072398134
1135,-0.03248222365869424
1136,-0.003232062055591456
1137,-0.010180995475113086
1138,-0.02650290885585005
1139,0.0172915319974144
1140,-6.464124111182912e-4
1141,0.013897866839043371
1142,0.01955397543632842
1143,-0.015837104072398134
1144,-0.008564964447317358
1145,0.010180995475113086
1146,0.03506787330316741
1147,0.010180995475113086
1148,0.010180995475113086
1149,-0.0172915319974144
1150,0.037491919844861
1151,-0.02650290885585005
1152,-0.021493212669683293
1153,-0.021493212669683293
1154,-0.029573367808661932
1155,-6.464124111182912e-4
1156,0.026826115061409195
1157,-0.013736263736263687
1158,-6.464124111182912e-4
1159,0.03248222365869424
1160,0.026826115061409195
1161,0.008564964447317358
1162,-0.015837104072398245
1163,0.01955397543632842
1164,0.010180995475113086
1165,0.026826115061409195
1166,-0.0172915319974144
1167,-0.01955397543632842
1168,-0.004848093083387184
1169,-0.02941176470588236
1170,0.021170006464124147
1171,-0.008564964447317358
1172,-0.05203619909502266
1173,-0.004524886877828038
1174,-0.03183581124757595
1175,-0.03248222365869424
1176,0.0014544279250161551
1177,0.003232062055591456
1178,0.026826115061409195
1179,-0.003232062055591456
1180,0.022947640594699448
1181,0.019392372333548846
1182,-0.02941176470588236
1183,0.037491919844861
1184,-0.010180995475113086
1185,-0.004686489980607722
1186,-0.008403361344537785
1187,0.0014544279250161551
1188,-0.03183581124757595
1189,-0.026826115061409195
1190,0.0014544279250161551
1191,-0.024078862314156457
1192,0.026826115061409195
1193,-0.011312217194570207
1194,-0.011958629605688387
1195,0.003232062055591456
1196,0.003232062055591456
1197,0.008564964447317358
1198,-0.011958629605688387
1199,-0.010180995475113086
1200,0.04056237879767288
1201,0.008564964447317358
1202,-0.004686489980607722
1203,-0.010180995475113086
1204,-0.0463800904977375
1205,-0.0410471881060116
1206,0.03506787330316741
1207,0.05203619909502266
1208,0.04056237879767288
1209,-0.021170006464124147
1210,-0.015837104072398134
1211,-0.0463800904977375
1212,-0.05203619909502266
1213,0.010180995475113086
1214,-0.03506787330316741
1215,-0.037491919844861
1216,-0.010180995475113086
1217,6.464124111182912e-4
1218,-0.015837104072398134
1219,-0.026826115061409195
1220,-0.022301228183581157
1221,-0.003232062055591456
1222,-0.021170006464124147
1223,-0.026826115061409195
1224,-0.05203619909502266
1225,-0.015837104072398134
1226,0.003232062055591456
1227,0.003232062055591456
1228,-0.04056237879767288
1229,0.010180995475113086
1230,-0.006302521008403339
1231,-0.0463800904977375
1232,0.022947640594699448
1233,0.004201680672268893
1234,0.022301228183581157
1235,0.013736263736263687
1236,0.04056237879767288
1237,-0.015837104072398134
1238,0.034906270200387834
1239,-0.003232062055591456
1240,0.0463800904977375
1241,0.02941176470588236
1242,-0.0014544279250161551
1243,0.021170006464124147
1244,0.013897866839043371
1245,-0.024078862314156457
1246,0.013897866839043371
1247,0.03248222365869424
1248,-0.021170006464124147
1249,-6.464124111182912e-4
1250,-0.03506787330316741
1251,0.029573367808661932
1252,0.004524886877828038
1253,-0.0463800904977375
1254,0.004686489980607722
1255,0.01664511958629611
1256,-0.0410471881060116
1257,0.008403361344537785
1258,0.0410471881060116
1259,0.0463800904977375
1260,-0.037491919844861
1261,-0.013897866839043371
1262,0.010180995475113086
1263,0.034906270200387834
1264,-0.010180995475113086
1265,-0.008564964447317358
1266,-0.0014544279250161551
1267,-0.003232062055591456
1268,0.02941176470588236
1269,0.008403361344537785
1270,0.015837104072398134
1271,-0.004848093083387184
1272,0.02941176470588236
1273,-0.04056237879767288
1274,0.013736263736263687
1275,0.011312217194570207
1276,-0.03183581124757595
1277,-0.013736263736263687
1278,0.034906270200387834
1279,0.0463800904977375
1280,-0.015837104072398134
1281,0.013897866839043371
1282,-0.008403361344537785
1283,-0.0172915319974144
1284,0.010180995475113086
1285,0.026826115061409195
1286,-0.034906270200387834
1287,0.006787330316742057
1288,-0.022301228183581157
1289,0.029573367808661932
1290,-0.0463800904977375
1291,0.021170006464124147
1292,0.013897866839043371
1293,0.004848093083387184
1294,0.03183581124757595
1295,-0.01955397543632842
1296,-0.034906270200387834
1297,0.02941176470588236
1298,-0.011312217194570207
1299,0.0463800904977375
1300,0.029573367808661932
1301,0.021170006464124147
1302,-0.004686489980607722
1303,0.015837104072398134
1304,0.013897866839043371
1305,0.010180995475113086
1306,-0.011958629605688387
1307,-0.0410471881060116
1308,0.008564964447317358
1309,-0.01664511958629611
1310,0.04056237879767288
1311,6.464124111182912e-4
1312,0.010180995475113086
1313,-6.464124111182912e-4
1314,-0.008564964447317358
1315,0.02650290885585005
1316,-6.464124111182912e-4
1317,-0.03506787330316741
1318,-8.08015513897864e-4
1319,0.006302521008403339
1320,0.0014544279250161551
1321,0.006302521008403339
1322,0.034906270200387834
1323,0.010180995475113086
1324,0.021493212669683293
1325,-0.004524886877828038
1326,0.015837104072398245
1327,0.022301228183581157
1328,-0.05203619909502266
1329,0.015837104072398134
1330,-0.03506787330316741
1331,-0.010180995475113086
1332,-0.004524886877828038
1333,0.029573367808661932
1334,-0.011958629605688387
1335,0.03183581124757595
1336,-0.008564964447317358
1337,0.015837104072398134
1338,0.0014544279250161551
1339,-0.02941176470588236
1340,0.008564964447317358
1341,0.05203619909502266
1342,0.003232062055591456
1343,0.004524886877828038
1344,-0.034906270200387834
1345,0.01664511958629611
1346,-0.010180995475113086
1347,-0.034906270200387834
1348,-0.026826115061409195
1349,-0.006302521008403339
1350,0.04056237879767288
1351,0.015837104072398134
1352,-0.003232062055591456
1353,0.021493212669683293
1354,0.008564964447317358
1355,0.015837104072398134
1356,0.026826115061409195
1357,8.08015513897864e-4
1358,-8.08015513897864e-4
1359,0.013736263736263687
1360,0.01664511958629611
1361,0.008564964447317358
1362,-0.02941176470588236
1363,0.015837104072398245
1364,-0.02941176470588236
1365,-0.04056237879767288
1366,-0.0014544279250161551
1367,0.008403361344537785
1368,-0.011312217194570207
1369,0.010180995475113086
1370,-0.015837104072398134
1371,-0.003232062055591456
1372,-0.0410471881060116
1373,-0.003232062055591456
1374,-0.0014544279250161551
1375,-0.011958629605688387
1376,-0.0463800904977375
1377,-0.03506787330316741
1378,-0.026826115061409195
1379,-0.004524886877828038
1380,-0.022301228183581157
1381,0.0463800904977375
1382,0.010180995475113086
1383,0.010180995475113086
1384,-0.008403361344537785
1385,0.024078862314156457
1386,6.464124111182912e-4
1387,0.004201680672268893
1388,0.0463800904977375
1389,-0.0172915319974144
1390,-0.021493212669683293
1391,0.021170006464124147
1392,-0.0410471881060116
1393,-0.010180995475113086
1394,-0.013897866839043371
1395,-0.013736263736263687
1396,0.004848093083387184
1397,-0.008564964447317358
1398,0.015837104072398245
1399,-0.0172915319974144
1400,0.015837104072398134
1401,0.024078862314156457
1402,0.01664511958629611
1403,0.021170006464124147
1404,-0.02650290885585005
1405,-0.02650290885585005
1406,-0.006302521008403339
1407,0.008564964447317358
1408,-0.02650290885585005
1409,-0.026826115061409195
1410,6.464124111182912e-4
1411,0.024078862314156457
1412,-0.011312217194570207
1413,-0.010180995475113086
1414,0.004201680672268893
1415,0.026826115061409195
1416,-0.021170006464124147
1417,0.013897866839043371
1418,0.04056237879767288
1419,-0.021170006464124147
1420,-0.010180995475113086
1421,-0.034906270200387834
1422,0.004524886877828038
1423,6.464124111182912e-4
1424,-0.0410471881060116
1425,0.013736263736263687
1426,0.003232062055591456
1427,-0.002424046541693592
1428,0.026826115061409195
1429,-0.0463800904977375
1430,0.021493212669683293
1431,-0.034906270200387834
1432,6.464124111182912e-4
1433,0.015837104072398134
1434,0.03506787330316741
1435,0.010180995475113086
1436,-0.034906270200387834
1437,-0.015837104072398134
1438,-0.010180995475113086
1439,-0.021170006464124147
1440,-0.026826115061409195
1441,0.026826115061409195
1442,-0.003232062055591456
1443,-0.021493212669683293
1444,-8.08015513897864e-4
1445,0.011958629605688387
1446,0.004524886877828038
1447,-0.013897866839043371
1448,-0.015837104072398134
1449,-0.03183581124757595
1450,0.05203619909502266
1451,6.464124111182912e-4
1452,-0.034906270200387834
1453,0.0014544279250161551
1454,0.037491919844861
1455,-0.010180995475113086
1456,-0.010180995475113086
1457,-0.010180995475113086
1458,0.01664511958629611
1459,0.008403361344537785
1460,0.021170006464124147
1461,-0.004848093083387184
1462,-0.015837104072398134
1463,-0.021170006464124147
1464,-0.011312217194570207
1465,0.021170006464124147
1466,-0.03248222365869424
1467,-0.003232062055591456
1468,0.0410471881060116
1469,-0.024078862314156457
1470,0.03506787330316741
1471,-0.0463800904977375
1472,-0.013736263736263687
1473,0.0172915319974144
1474,6.464124111182912e-4
1475,-0.008564964447317358
1476,-0.002424046541693592
1477,0.03183581124757595
1478,0.022301228183581157
1479,0.010180995475113086
1480,-0.013897866839043371
1481,-0.002424046541693592
1482,-0.03506787330316741
1483,0.011958629605688387
1484,-0.021170006464124147
1485,-0.008403361344537785
1486,-8.08015513897864e-4
1487,0.008564964447317358
1488,0.015837104072398134
1489,0.004524886877828038
1490,-6.464124111182912e-4
1491,-0.03183581124757595
1492,-0.013897866839043371
1493,0.002424046541693592
1494,-0.0463800904977375
1495,0.0172915319974144
1496,-0.021170006464124147
1497,0.021493212669683293
1498,-0.026826115061409195
1499,0.02650290885585005
1500,-0.013897866839043371
1501,-0.021170006464124147
1502,0.01955397543632842
1503,-0.02941176470588236
1504,0.021170006464124147
1505,-0.02941176470588236
1506,8.08015513897864e-4
1507,0.0463800904977375
1508,0.011958629605688387
1509,0.024078862314156457
1510,-0.0463800904977375
1511,-0.003232062055591456
1512,0.0172915319974144
1513,-0.02941176470588236
1514,-0.013736263736263687
1515,0.004524886877828038
1516,0.021170006464124147
1517,-0.03183581124757595
1518,-0.008403361344537785
1519,0.011312217194570207
1520,0.037491919844861
1521,0.013736263736263687
1522,0.013897866839043371
1523,-0.037491919844861
1524,0.021170006464124147
1525,0.03506787330316741
1526,0.01664511958629611
1527,-0.04056237879767288
1528,0.011312217194570207
1529,-0.021493212669683293
1530,0.015837104072398134
1531,-0.026826115061409195
1532,-0.037491919844861
1533,-0.004524886877828038
1534,0.026826115061409195
1535,-0.013897866839043371
1536,0.02650290885585005
1537,0.02941176470588236
1538,-0.0410471881060116
1539,-0.008403361344537785
1540,-0.006787330316742057
1541,0.003232062055591456
1542,-0.010180995475113086
1543,-0.02650290885585005
1544,0.02650290885585005
1545,-0.01955397543632842
1546,-0.021170006464124147
1547,-0.008403361344537785
1548,0.004524886877828038
1549,-0.015837104072398134
1550,0.010180995475113086
1551,-0.015837104072398245
1552,0.008564964447317358
1553,0.03183581124757595
1554,-0.03183581124757595
1555,-0.022301228183581157
1556,-0.002424046541693592
1557,-0.021493212669683293
1558,-0.0172915319974144
1559,0.021170006464124147
1560,8.08015513897864e-4
1561,-0.004201680672268893
1562,-0.05203619909502266
1563,-0.015837104072398134
1564,0.013897866839043371
1565,0.01664511958629611
1566,-0.013897866839043371
1567,-0.0463800904977375
1568,0.029573367808661932
1569,0.0014544279250161551
1570,0.0172915319974144
1571,-0.013736263736263687
1572,0.0014544279250161551
1573,0.0463800904977375
1574,6.464124111182912e-4
1575,-0.04056237879767288
1576,-0.015837104072398134
1577,0.006302521008403339
1578,-0.037491919844861
1579,0.0172915319974144
1580,0.0014544279250161551
1581,-0.019392372333548846
1582,-0.021170006464124147
1583,-0.011312217194570207
1584,0.004524886877828038
1585,-0.004848093083387184
1586,-0.004201680672268893
1587,-0.034906270200387834
1588,-0.01664511958629611
1589,0.026826115061409195
1590,-0.03183581124757595
1591,-0.04056237879767288
1592,-0.021493212669683293
1593,0.021170006464124147
1594,0.03183581124757595
1595,0.010180995475113086
1596,0.011958629605688387
1597,0.013897866839043371
1598,-0.01664511958629611
1599,-0.003232062055591456
1600,-0.04056237879767288
1601,-0.022947640594699448
1602,0.04056237879767288
1603,0.03183581124757595
1604,0.02650290885585005
1605,-0.026826115061409195
1606,-0.003232062055591456
1607,0.008564964447317358
1608,-0.013897866839043371
1609,-0.013736263736263687
1610,-0.003232062055591456
1611,-0.03506787330316741
1612,-0.008564964447317358
1613,0.022301228183581157
1614,0.0014544279250161551
1615,-0.010180995475113086
1616,-0.022301228183581157
1617,-0.026826115061409195
1618,0.010180995475113086
1619,0.02941176470588236
1620,0.03506787330316741
1621,0.026826115061409195
1622,-0.026826115061409195
1623,-0.015837104072398134
1624,-0.04056237879767288
1625,0.034906270200387834
1626,0.015837104072398134
1627,-0.0172915319974144
1628,-0.026826115061409195
1629,0.02650290885585005
1630,0.029573367808661932
1631,0.008564964447317358
1632,0.0172915319974144
1633,-0.022947640594699448
1634,-0.010180995475113086
1635,0.013897866839043371
1636,-0.011958629605688387
1637,0.013897866839043371
1638,-0.01664511958629611
1639,0.03183581124757595
1640,0.004848093083387184
1641,-6.464124111182912e-4
1642,0.026826115061409195
1643,-0.010180995475113086
1644,0.011958629605688387
1645,-6.464124111182912e-4
1646,0.010180995475113086
1647,-0.03248222365869424
1648,0.010180995475113086
1649,0.0014544279250161551
1650,-0.021170006464124147
1651,0.01955397543632842
1652,0.01664511958629611
1653,0.021170006464124147
1654,0.006302521008403339
1655,0.015837104072398134
1656,-8.08015513897864e-4
1657,-0.0410471881060116
1658,-0.0014544279250161551
1659,0.03248222365869424
1660,0.02941176470588236
1661,-0.04056237879767288
1662,0.019392372333548846
1663,-0.011312217194570207
1664,0.03183581124757595
1665,-0.02941176470588236
1666,0.013897866839043371
1667,0.02650290885585005
1668,-0.0463800904977375
1669,0.01664511958629611
1670,-0.008403361344537785
1671,0.03183581124757595
1672,-0.011312217194570207
1673,0.022947640594699448
1674,-6.464124111182912e-4
1675,-0.015837104072398134
1676,-6.464124111182912e-4
1677,-0.013736263736263687
1678,0.013897866839043371
1679,-0.013736263736263687
1680,0.026826115061409195
1681,0.004686489980607722
1682,0.013736263736263687
1683,-0.006787330316742057
1684,0.019392372333548846
1685,-0.004524886877828038
1686,0.002424046541693592
1687,0.021170006464124147
1688,0.003232062055591456
1689,0.006787330316742057
1690,-0.004201680672268893
1691,0.05203619909502266
1692,-0.004201680672268893
1693,0.024078862314156457
1694,0.0463800904977375
1695,0.003232062055591456
1696,-0.013897866839043371
1697,-0.008564964447317358
1698,0.03248222365869424
1699,-0.026826115061409195
1700,-0.0410471881060116
1701,-0.015837104072398134
1702,-0.01955397543632842
1703,0.013736263736263687
1704,0.003232062055591456
1705,-0.03506787330316741
1706,-0.03183581124757595
1707,0.015837104072398134
1708,-0.0014544279250161551
1709,0.006302521008403339
1710,6.464124111182912e-4
1711,0.022301228183581157
1712,0.013897866839043371
1713,-0.013897866839043371
1714,0.026826115061409195
1715,0.004201680672268893
1716,0.010180995475113086
1717,-0.003232062055591456
1718,0.021170006464124147
1719,-0.006787330316742057
1720,-0.029573367808661932
1721,-0.013736263736263687
1722,0.003232062055591456
1723,-0.011312217194570207
1724,0.006302521008403339
1725,-0.003232062055591456
1726,0.004686489980607722
1727,8.08015513897864e-4
1728,0.003232062055591456
1729,0.003232062055591456
1730,-0.022947640594699448
1731,-0.013897866839043371
1732,-0.026826115061409195
1733,-0.015837104072398245
1734,-0.029573367808661932
1735,-0.0410471881060116
1736,0.021170006464124147
1737,0.010180995475113086
1738,0.008403361344537785
1739,0.034906270200387834
1740,-0.004524886877828038
1741,-0.037491919844861
1742,-0.019392372333548846
1743,0.024078862314156457
1744,-0.02941176470588236
1745,0.021493212669683293
1746,-0.0014544279250161551
1747,0.013736263736263687
1748,0.03248222365869424
1749,0.01664511958629611
1750,-0.026826115061409195
1751,-0.026826115061409195
1752,0.010180995475113086
1753,0.01664511958629611
1754,0.006787330316742057
1755,0.004524886877828038
1756,0.01664511958629611
1757,0.029573367808661932
1758,-0.011312217194570207
1759,-0.010180995475113086
1760,-0.010180995475113086
1761,0.004524886877828038
1762,0.0172915319974144
1763,0.010180995475113086
1764,-0.008564964447317358
1765,0.008564964447317358
1766,-0.03183581124757595
1767,-0.006787330316742057
1768,-0.05203619909502266
1769,-0.015837104072398134
1770,-0.010180995475113086
1771,-0.010180995475113086
1772,-0.05203619909502266
1773,0.004201680672268893
1774,0.004524886877828038
1775,-0.026826115061409195
1776,0.015837104072398134
1777,0.021493212669683293
1778,0.034906270200387834
1779,-0.004848093083387184
1780,0.004524886877828038
1781,-0.008403361344537785
1782,-0.03183581124757595
1783,-0.0172915319974144
1784,-0.004524886877828038
1785,0.024078862314156457
1786,-0.011312217194570207
1787,-0.022947640594699448
1788,0.0463800904977375
1789,-0.022301228183581157
1790,8.08015513897864e-4
1791,0.03183581124757595
1792,-0.034906270200387834
1793,0.021170006464124147
1794,0.003232062055591456
1795,-0.019392372333548846
1796,0.029573367808661932
1797,-0.019392372333548846
1798,0.022947640594699448
1799,0.015837104072398134
1800,0.026826115061409195
1801,0.006302521008403339
1802,-0.0014544279250161551
1803,0.05203619909502266
1804,0.015837104072398134
1805,-0.003232062055591456
1806,0.03183581124757595
1807,0.022947640594699448
1808,8.08015513897864e-4
1809,-0.015837104072398134
1810,-0.03506787330316741
1811,0.013736263736263687
1812,-0.02650290885585005
1813,-0.0463800904977375
1814,6.464124111182912e-4
1815,-0.021170006464124147
1816,-0.022947640594699448
1817,0.011312217194570207
1818,-0.02941176470588236
1819,-0.0014544279250161551
1820,0.0410471881060116
1821,0.010180995475113086
1822,-0.021170006464124147
1823,-0.008403361344537785
1824,0.011312217194570207
1825,-0.008403361344537785
1826,-0.021170006464124147
1827,0.010180995475113086
1828,0.04056237879767288
1829,-0.04056237879767288
1830,0.013897866839043371
1831,0.03248222365869424
1832,-0.026826115061409195
1833,0.0463800904977375
1834,0.019392372333548846
1835,0.021170006464124147
1836,0.013897866839043371
1837,0.03248222365869424
1838,0.015837104072398245
1839,-0.037491919844861
1840,0.004201680672268893
1841,-0.0014544279250161551
1842,0.010180995475113086
1843,-0.013897866839043371
1844,0.008403361344537785
1845,0.010180995475113086
1846,-0.011312217194570207
1847,0.006787330316742057
1848,0.010180995475113086
1849,-0.01664511958629611
1850,-0.026826115061409195
1851,-0.015837104072398134
1852,0.01955397543632842
1853,0.013736263736263687
1854,-0.0463800904977375
1855,0.010180995475113086
1856,0.034906270200387834
1857,-0.013736263736263687
1858,-0.0410471881060116
1859,0.021170006464124147
1860,-0.03183581124757595
1861,0.01955397543632842
1862,-0.0463800904977375
1863,0.004524886877828038
1864,-0.002424046541693592
1865,-0.003232062055591456
1866,-0.011312217194570207
1867,-0.03248222365869424
1868,-0.006787330316742057
1869,-0.02650290885585005
1870,-0.026826115061409195
1871,0.0014544279250161551
1872,-0.015837104072398245
1873,0.01664511958629611
1874,0.003232062055591456
1875,0.021170006464124147
1876,0.02941176470588236
1877,0.03506787330316741
1878,-0.0172915319974144
1879,-0.0172915319974144
1880,0.02650290885585005
1881,-0.0463800904977375
1882,0.013897866839043371
1883,-0.013736263736263687
1884,-0.024078862314156457
1885,-0.03183581124757595
1886,-0.022947640594699448
1887,-0.015837104072398245
1888,-0.011958629605688387
1889,0.004686489980607722
1890,0.010180995475113086
1891,0.05203619909502266
1892,-0.004848093083387184
1893,0.0410471881060116
1894,0.006787330316742057
1895,0.011312217194570207
1896,0.01664511958629611
1897,-0.013736263736263687
1898,-0.019392372333548846
1899,0.026826115061409195
1900,0.011958629605688387
1901,-0.026826115061409195
1902,-0.008564964447317358
1903,0.003232062055591456
1904,-0.04056237879767288
1905,-0.026826115061409195
1906,0.03506787330316741
1907,-0.008564964447317358
1908,-0.0410471881060116
1909,0.026826115061409195
1910,-0.011958629605688387
1911,-0.026826115061409195
1912,-0.010180995475113086
1913,0.026826115061409195
1914,0.002424046541693592
1915,-0.02650290885585005
1916,-0.03183581124757595
1917,-0.004524886877828038
1918,-0.02941176470588236
1919,0.011312217194570207
1920,-0.015837104072398134
1921,-0.013897866839043371
1922,0.019392372333548846
1923,0.021170006464124147
1924,-0.004524886877828038
1925,-0.01664511958629611
1926,-0.021170006464124147
1927,-0.011312217194570207
1928,0.03506787330316741
1929,0.0172915319974144
1930,-0.0463800904977375
1931,-0.0172915319974144
1932,0.006787330316742057
1933,-0.03248222365869424
1934,0.026826115061409195
1935,-0.04056237879767288
1936,-0.004848093083387184
1937,8.08015513897864e-4
1938,0.0410471881060116
1939,-0.029573367808661932
1940,0.034906270200387834
1941,0.022947640594699448
1942,0.01664511958629611
1943,0.029573367808661932
1944,-0.02941176470588236
1945,-0.013736263736263687
1946,-0.0463800904977375
1947,0.0172915319974144
1948,-0.034906270200387834
1949,0.021170006464124147
1950,-0.021170006464124147
1951,0.0172915319974144
1952,-0.0172915319974144
1953,-0.034906270200387834
1954,0.008564964447317358
1955,-0.037491919844861
1956,-0.026826115061409195
1957,-0.02941176470588236
1958,-0.021170006464124147
1959,-0.010180995475113086
1960,0.008403361344537785
1961,-0.008564964447317358
1962,-0.024078862314156457
1963,-0.004201680672268893
1964,0.021493212669683293
1965,-0.013736263736263687
1966,0.01955397543632842
1967,0.022301228183581157
1968,-0.013897866839043371
1969,8.08015513897864e-4
1970,-0.011958629605688387
1971,0.03183581124757595
1972,0.015837104072398134
1973,-0.004524886877828038
1974,0.029573367808661932
1975,-0.010180995475113086
1976,-0.010180995475113086
1977,0.0014544279250161551
1978,0.010180995475113086
1979,-0.029573367808661932
1980,0.010180995475113086
1981,0.022947640594699448
1982,-0.022301228183581157
1983,-0.022947640594699448
1984,-8.08015513897864e-4
1985,-0.021170006464124147
1986,-0.008403361344537785
1987,-0.0172915319974144
1988,-0.003232062055591456
1989,0.021170006464124147
1990,-6.464124111182912e-4
1991,0.021493212669683293
1992,0.021170006464124147
1993,-0.021170006464124147
1994,-0.013736263736263687
1995,0.026826115061409195
1996,-0.015837104072398245
1997,0.015837104072398245
1998,0.013897866839043371
1999,-0.034906270200387834
2000,-0.008564964447317358
2001,-0.05203619909502266
2002,-0.022301228183581157
2003,0.04056237879767288
2004,-0.02941176470588236
2005,-0.01664511958629611
2006,-0.029573367808661932
2007,-0.013897866839043371
2008,0.004524886877828038
2009,0.022947640594699448
2010,0.011312217194570207
2011,-0.008564964447317358
2012,0.008403361344537785
2013,-0.004524886877828038
2014,-0.013897866839043371
2015,0.0172915319974144
2016,-0.0172915319974144
2017,0.03183581124757595
2018,0.01955397543632842
2019,0.0014544279250161551
2020,0.013736263736263687
2021,-0.011958629605688387
2022,0.004201680672268893
2023,-0.004201680672268893
2024,0.029573367808661932
2025,-0.015837104072398134
2026,-0.015837104072398134
2027,0.010180995475113086
2028,0.01664511958629611
2029,-0.01664511958629611
2030,0.026826115061409195
2031,0.013736263736263687
2032,0.02941176470588236
2033,-0.008403361344537785
2034,0.03183581124757595
2035,0.022301228183581157
2036,-0.021493212669683293
2037,-0.0014544279250161551
2038,-0.021493212669683293
2039,-0.021170006464124147
2040,0.002424046541693592
2041,-0.010180995475113086
2042,-6.464124111182912e-4
2043,-0.022301228183581157
2044,-0.019392372333548846
2045,-0.010180995475113086
2046,-0.024078862314156457
2047,-0.015837104072398134
2048,0.026826115061409195
2049,-0.034906270200387834
2050,-8.08015513897864e-4
2051,-0.010180995475113086
2052,-0.015837104072398245
2053,0.03183581124757595
2054,-0.026826115061409195
2055,-0.02941176470588236
2056,-0.021170006464124147
2057,0.026826115061409195
2058,-0.0172915319974144
2059,-0.034906270200387834
2060,-0.002424046541693592
2061,-0.0172915319974144
2062,-0.021170006464124147
2063,-0.013897866839043371
2064,-0.01664511958629611
2065,0.02941176470588236
2066,-0.01664511958629611
2067,-0.021170006464124147
2068,-0.015837104072398134
2069,0.006302521008403339
2070,-0.006302521008403339
2071,-0.002424046541693592
2072,0.011312217194570207
2073,0.03183581124757595
2074,0.0014544279250161551
2075,-0.021170006464124147
2076,0.03506787330316741
2077,-0.037491919844861
2078,-6.464124111182912e-4
2079,-0.0014544279250161551
2080,0.0463800904977375
2081,0.024078862314156457
2082,-0.03506787330316741
2083,0.004524886877828038
2084,0.029573367808661932
2085,-0.006787330316742057
2086,-0.03506787330316741
2087,0.015837104072398245
2088,-0.037491919844861
2089,0.0014544279250161551
2090,0.0172915319974144
2091,8.08015513897864e-4
2092,0.004201680672268893
2093,0.004524886877828038
2094,-0.013897866839043371
2095,6.464124111182912e-4
2096,0.03183581124757595
2097,-0.015837104072398134
2098,-0.011312217194570207
2099,-0.026826115061409195
2100,-0.003232062055591456
2101,0.013897866839043371
2102,-0.010180995475113086
2103,-0.04056237879767288
2104,-0.010180995475113086
2105,-0.008564964447317358
2106,0.003232062055591456
2107,0.0410471881060116
2108,-0.05203619909502266
2109,-0.010180995475113086
2110,-0.03183581124757595
2111,-0.010180995475113086
2112,0.008564964447317358
2113,-6.464124111182912e-4
2114,-0.008403361344537785
2115,0.04056237879767288
2116,-0.022947640594699448
2117,-0.02941176470588236
2118,-0.021170006464124147
2119,-0.026826115061409195
2120,8.08015513897864e-4
2121,-0.004524886877828038
2122,-0.0014544279250161551
2123,-0.0172915319974144
2124,0.010180995475113086
2125,0.003232062055591456
2126,-0.011958629605688387
2127,0.034906270200387834
2128,-0.006302521008403339
2129,0.01955397543632842
2130,0.03183581124757595
2131,0.011958629605688387
2132,-0.03183581124757595
2133,-0.004686489980607722
2134,-0.021170006464124147
2135,-0.022947640594699448
2136,6.464124111182912e-4
2137,-0.02650290885585005
2138,0.034906270200387834
2139,0.0014544279250161551
2140,-0.015837104072398134
2141,-0.021170006464124147
2142,0.026826115061409195
2143,0.0463800904977375
2144,0.02941176470588236
2145,-0.029573367808661932
2146,0.0410471881060116
2147,-0.026826115061409195
2148,0.019392372333548846
2149,0.01664511958629611
2150,-0.010180995475113086
2151,-0.010180995475113086
2152,0.0463800904977375
2153,-0.022947640594699448
2154,0.0410471881060116
2155,0.04056237879767288
2156,-6.464124111182912e-4
2157,-0.013897866839043371
2158,0.0014544279250161551
2159,0.01955397543632842
2160,-0.013897866839043371
2161,-0.008564964447317358
2162,0.04056237879767288
2163,0.021170006464124147
2164,0.013736263736263687
2165,0.008403361344537785
2166,-0.010180995475113086
2167,-0.021170006464124147
2168,-0.026826115061409195
2169,-0.011312217194570207
2170,0.011958629605688387
2171,-0.022947640594699448
2172,-0.004848093083387184
2173,-0.0014544279250161551
2174,0.011958629605688387
2175,0.021170006464124147
2176,-0.004524886877828038
2177,0.013736263736263687
2178,0.004686489980607722
2179,-0.008403361344537785
2180,-0.01664511958629611
2181,0.0463800904977375
2182,-0.004201680672268893
2183,-0.02941176470588236
2184,-0.021170006464124147
2185,0.024078862314156457
2186,0.010180995475113086
2187,-0.004201680672268893
2188,-0.0463800904977375
2189,-0.0172915319974144
2190,-0.04056237879767288
2191,0.008564964447317358
2192,0.02941176470588236
2193,0.026826115061409195
2194,0.008403361344537785
2195,-0.022947640594699448
2196,-0.008403361344537785
2197,-0.03183581124757595
2198,0.0014544279250161551
2199,-0.01664511958629611
2200,-0.013736263736263687
2201,0.02941176470588236
2202,0.03248222365869424
2203,-0.010180995475113086
2204,8.08015513897864e-4
2205,0.013897866839043371
2206,0.015837104072398134
2207,0.011312217194570207
2208,-0.006787330316742057
2209,0.010180995475113086
2210,-0.04056237879767288
2211,0.03183581124757595
2212,-0.013897866839043371
2213,-0.03506787330316741
2214,-6.464124111182912e-4
2215,0.003232062055591456
2216,0.03248222365869424
2217,-0.008403361344537785
2218,0.01664511958629611
2219,0.003232062055591456
2220,-0.034906270200387834
2221,-0.004686489980607722
2222,0.02941176470588236
2223,0.034906270200387834
2224,-0.03183581124757595
2225,0.013897866839043371
2226,-0.026826115061409195
2227,-0.0172915319974144
2228,0.015837104072398134
2229,0.003232062055591456
2230,-0.02650290885585005
2231,-0.015837104072398245
2232,-8.08015513897864e-4
2233,0.021170006464124147
2234,-0.004201680672268893
2235,0.013736263736263687
2236,0.02941176470588236
2237,0.01664511958629611
2238,-0.010180995475113086
2239,0.015837104072398134
2240,0.008564964447317358
2241,-0.010180995475113086
2242,0.010180995475113086
2243,-0.004686489980607722
2244,-0.004848093083387184
2245,0.02941176470588236
2246,0.019392372333548846
2247,-0.008564964447317358
2248,0.01664511958629611
2249,0.01955397543632842
2250,0.003232062055591456
2251,0.004524886877828038
2252,0.015837104072398134
2253,0.0463800904977375
2254,-0.02941176470588236
2255,0.01955397543632842
2256,0.015837104072398134
2257,0.013736263736263687
2258,0.006787330316742057
2259,0.0463800904977375
2260,-0.010180995475113086
2261,0.02941176470588236
2262,-0.008564964447317358
2263,-0.0014544279250161551
2264,0.003232062055591456
2265,0.002424046541693592
2266,0.0410471881060116
2267,-0.015837104072398245
2268,-0.008403361344537785
2269,-0.003232062055591456
2270,-0.02650290885585005
2271,-0.029573367808661932
2272,0.010180995475113086
2273,-0.006787330316742057
2274,-0.011312217194570207
2275,0.004686489980607722
2276,-0.022947640594699448
2277,0.013736263736263687
2278,-0.015837104072398134
2279,0.03506787330316741
2280,0.011958629605688387
2281,-0.011312217194570207
2282,0.0463800904977375
2283,-0.0463800904977375
2284,-0.015837104072398134
2285,-0.02941176470588236
2286,0.021170006464124147
2287,0.010180995475113086
2288,0.026826115061409195
2289,0.034906270200387834
2290,0.019392372333548846
2291,0.034906270200387834
2292,-0.021170006464124147
2293,0.004848093083387184
2294,-0.010180995475113086
2295,0.0014544279250161551
2296,-0.03183581124757595
2297,0.004524886877828038
2298,0.01955397543632842
2299,6.464124111182912e-4
2300,0.015837104072398134
2301,-0.03183581124757595
2302,-0.034906270200387834
2303,-0.019392372333548846
2304,0.003232062055591456
2305,-0.015837104072398134
2306,-0.003232062055591456
2307,-0.03506787330316741
2308,-0.02941176470588236
2309,0.03183581124757595
2310,0.013897866839043371
2311,-0.013736263736263687
2312,0.002424046541693592
2313,0.002424046541693592
2314,0.0172915319974144
2315,-0.03183581124757595
2316,-0.013897866839043371
2317,0.03183581124757595
2318,-0.004686489980607722
2319,0.015837104072398134
2320,0.003232062055591456
2321,-0.021170006464124147
2322,0.0463800904977375
2323,0.011958629605688387
2324,0.05203619909502266
2325,-0.003232062055591456
2326,-0.021170006464124147
2327,0.008564964447317358
2328,-0.02941176470588236
2329,0.02650290885585005
2330,-0.026826115061409195
2331,0.0172915319974144
2332,0.026826115061409195
2333,0.015837104072398245
2334,-0.04056237879767288
2335,-0.0463800904977375
2336,-0.0463800904977375
2337,-0.010180995475113086
2338,0.004686489980607722
2339,8.08015513897864e-4
2340,0.013897866839043371
2341,-0.021170006464124147
2342,0.021170006464124147
2343,0.004686489980607722
2344,-0.0463800904977375
2345,0.0172915319974144
2346,-0.015837104072398134
2347,0.02941176470588236
2348,-0.029573367808661932
2349,-0.004201680672268893
2350,-0.015837104072398134
2351,0.024078862314156457
2352,-0.003232062055591456
2353,0.0172915319974144
2354,-0.02650290885585005
2355,-0.008564964447317358
2356,0.034906270200387834
2357,0.008564964447317358
2358,-0.019392372333548846
2359,0.004201680672268893
2360,0.004201680672268893
2361,0.024078862314156457
2362,-0.013736263736263687
2363,0.03183581124757595
2364,-0.037491919844861
2365,-0.019392372333548846
2366,0.004524886877828038
2367,0.004201680672268893
2368,-0.010180995475113086
2369,-0.015837104072398245
2370,-0.008403361344537785
2371,-0.0463800904977375
2372,0.019392372333548846
2373,8.08015513897864e-4
2374,-0.034906270200387834
2375,-0.0172915319974144
2376,-8.08015513897864e-4
2377,-0.026826115061409195
2378,-0.0410471881060116
2379,-0.003232062055591456
2380,0.013897866839043371
2381,0.024078862314156457
2382,-0.015837104072398134
2383,0.004848093083387184
2384,0.021170006464124147
2385,0.022947640594699448
2386,0.011312217194570207
2387,-0.008564964447317358
2388,0.029573367808661932
2389,-0.015837104072398134
2390,0.0463800904977375
2391,0.0172915319974144
2392,-0.021170006464124147
2393,0.010180995475113086
2394,0.03183581124757595
2395,0.034906270200387834
2396,0.022947640594699448
2397,-0.02941176470588236
2398,-0.013736263736263687
2399,-0.0463800904977375
2400,0.03183581124757595
2401,0.01955397543632842
2402,0.010180995475113086
2403,-0.015837104072398134
2404,6.464124111182912e-4
2405,-0.010180995475113086
2406,-0.019392372333548846
2407,0.022947640594699448
2408,-0.0463800904977375
2409,0.021493212669683293
2410,-0.003232062055591456
2411,-0.026826115061409195
2412,0.013897866839043371
2413,0.02650290885585005
2414,-0.0463800904977375
2415,-0.03248222365869424
2416,0.004686489980607722
2417,0.037491919844861
2418,-0.004848093083387184
2419,-0.011958629605688387
2420,0.034906270200387834
2421,-0.026826115061409195
2422,-0.0014544279250161551
2423,-8.08015513897864e-4
2424,0.0172915319974144
2425,-0.0463800904977375
2426,-0.03183581124757595
2427,-0.013736263736263687
2428,-0.006787330316742057
2429,-0.013897866839043371
2430,-0.01664511958629611
2431,0.0463800904977375
2432,0.0410471881060116
2433,0.01664511958629611
2434,0.0172915319974144
2435,0.010180995475113086
2436,0.026826115061409195
2437,-0.006787330316742057
2438,0.02941176470588236
2439,-0.004524886877828038
2440,-0.008564964447317358
2441,0.004201680672268893
2442,0.013736263736263687
2443,0.004686489980607722
2444,-8.08015513897864e-4
2445,-0.010180995475113086
2446,-0.021170006464124147
2447,6.464124111182912e-4
2448,0.0014544279250161551
2449,-0.029573367808661932
2450,-0.02650290885585005
2451,0.008564964447317358
2452,-0.008564964447317358
2453,0.029573367808661932
2454,-0.03506787330316741
2455,-0.026826115061409195
2456,-0.021493212669683293
2457,-0.0172915319974144
2458,-0.022301228183581157
2459,-0.03183581124757595
2460,-0.011958629605688387
2461,-0.004686489980607722
2462,-0.0014544279250161551
2463,-0.04056237879767288
2464,0.03248222365869424
2465,0.01664511958629611
2466,-0.010180995475113086
2467,0.022947640594699448
2468,0.013736263736263687
2469,-0.013897866839043371
2470,0.015837104072398134
2471,0.010180995475113086
2472,-0.0463800904977375
2473,0.034906270200387834
2474,-0.010180995475113086
2475,0.021170006464124147
2476,0.011958629605688387
2477,-0.034906270200387834
2478,0.03506787330316741
2479,0.004848093083387184
2480,-0.015837104072398134
2481,-0.026826115061409195
2482,0.037491919844861
2483,-0.02941176470588236
2484,0.010180995475113086
2485,-0.0014544279250161551
2486,-6.464124111182912e-4
2487,-0.015837104072398245
2488,0.004848093083387184
2489,6.464124111182912e-4
2490,-0.004524886877828038
2491,0.021493212669683293
2492,-0.02941176470588236
2493,-0.022301228183581157
2494,0.0410471881060116
2495,0.010180995475113086
2496,-0.021170006464124147
2497,-0.010180995475113086
2498,-0.024078862314156457
2499,-0.04056237879767288
2500,-0.021493212669683293
2501,0.010180995475113086
2502,0.0463800904977375
2503,0.015837104072398134
2504,-0.004686489980607722
2505,-0.03506787330316741
2506,0.010180995475113086
2507,0.034906270200387834
2508,-0.015837104072398134
2509,-0.0014544279250161551
2510,0.037491919844861
2511,-0.026826115061409195
2512,-0.002424046541693592
2513,0.04056237879767288
2514,-0.004524886877828038
2515,-0.011312217194570207
2516,0.037491919844861
2517,-0.0014544279250161551
2518,-0.004524886877828038
2519,-0.022947640594699448
2520,0.026826115061409195
2521,-0.013736263736263687
2522,0.015837104072398134
2523,0.015837104072398134
2524,-0.019392372333548846
2525,6.464124111182912e-4
2526,-0.0463800904977375
2527,0.003232062055591456
2528,-0.015837104072398134
2529,-0.026826115061409195
2530,0.003232062055591456
2531,0.026826115061409195
2532,-0.003232062055591456
2533,0.0172915319974144
2534,-0.02941176470588236
2535,0.0172915319974144
2536,0.03506787330316741
2537,0.011958629605688387
2538,-0.026826115061409195
2539,-0.05203619909502266
2540,-0.003232062055591456
2541,-0.037491919844861
2542,0.034906270200387834
2543,-0.0172915319974144
2544,-0.03506787330316741
2545,0.015837104072398245
2546,-0.01664511958629611
2547,0.022947640594699448
2548,0.02941176470588236
2549,0.022301228183581157
2550,-0.015837104072398245
2551,0.037491919844861
2552,0.011958629605688387
2553,-0.024078862314156457
2554,-6.464124111182912e-4
2555,-0.015837104072398134
2556,0.003232062055591456
2557,0.008564964447317358
2558,0.02941176470588236
2559,-0.034906270200387834
2560,0.021170006464124147
2561,0.02650290885585005
2562,-0.026826115061409195
2563,0.0014544279250161551
2564,0.004524886877828038
2565,-0.013736263736263687
2566,-0.0014544279250161551
2567,-0.013736263736263687
2568,-0.003232062055591456
2569,-0.003232062055591456
2570,-0.010180995475113086
2571,0.013736263736263687
2572,-0.015837104072398134
2573,-0.015837104072398134
2574,0.026826115061409195
2575,0.02941176470588236
2576,-0.037491919844861
2577,0.008564964447317358
2578,-0.010180995475113086
2579,0.015837104072398134
2580,0.021170006464124147
2581,-0.004524886877828038
2582,-0.015837104072398134
2583,0.004201680672268893
2584,-0.015837104072398245
2585,-0.004524886877828038
2586,-0.03183581124757595
2587,0.03183581124757595
2588,-0.026826115061409195
2589,0.0463800904977375
2590,-0.024078862314156457
2591,0.0410471881060116
2592,-0.0410471881060116
2593,0.029573367808661932
2594,0.015837104072398134
2595,-0.013736263736263687
2596,0.006787330316742057
2597,-0.0014544279250161551
2598,-0.03183581124757595
2599,0.01955397543632842
2600,-0.010180995475113086
2601,-0.015837104072398245
2602,0.024078862314156457
2603,0.05203619909502266
2604,-0.004524886877828038
2605,0.008564964447317358
2606,0.021170006464124147
2607,0.0172915319974144
2608,0.021170006464124147
2609,-0.034906270200387834
2610,0.0014544279250161551
2611,-0.010180995475113086
2612,0.02941176470588236
2613,-0.010180995475113086
2614,-0.013736263736263687
2615,0.004201680672268893
2616,-0.011958629605688387
2617,-0.021170006464124147
2618,-0.003232062055591456
2619,0.022947640594699448
2620,0.015837104072398134
2621,-8.08015513897864e-4
2622,6.464124111182912e-4
2623,6.464124111182912e-4
2624,0.034906270200387834
2625,0.008403361344537785
2626,-0.034906270200387834
2627,0.004686489980607722
2628,-0.026826115061409195
2629,-0.026826115061409195
2630,-0.02941176470588236
2631,-0.029573367808661932
2632,0.03506787330316741
2633,0.010180995475113086
2634,-6.464124111182912e-4
2635,-0.02650290885585005
2636,-6.464124111182912e-4
2637,-0.010180995475113086
2638,0.010180995475113086
2639,0.008403361344537785
2640,-0.02941176470588236
2641,-0.022947640594699448
2642,0.024078862314156457
2643,6.464124111182912e-4
2644,-0.03506787330316741
2645,0.021493212669683293
2646,-8.08015513897864e-4
2647,8.08015513897864e-4
2648,-0.0172915319974144
2649,0.034906270200387834
2650,-0.002424046541693592
2651,-0.010180995475113086
2652,-0.010180995475113086
2653,0.026826115061409195
2654,0.0014544279250161551
2655,0.021170006464124147
2656,0.021170006464124147
2657,-0.03183581124757595
2658,0.021170006464124147
2659,0.004201680672268893
2660,0.011958629605688387
2661,-0.026826115061409195
2662,-0.03183581124757595
2663,0.0463800904977375
2664,0.01955397543632842
2665,0.015837104072398134
2666,0.03183581124757595
2667,-0.022947640594699448
2668,0.010180995475113086
2669,-0.011958629605688387
2670,0.013736263736263687
2671,-0.01664511958629611
2672,-0.02650290885585005
2673,-0.004686489980607722
2674,-0.004201680672268893
2675,8.08015513897864e-4
2676,0.010180995475113086
2677,0.004686489980607722
2678,-0.0014544279250161551
2679,-0.004686489980607722
2680,-0.026826115061409195
2681,0.013736263736263687
2682,0.004524886877828038
2683,-0.004201680672268893
2684,-6.464124111182912e-4
2685,-0.004524886877828038
2686,0.008564964447317358
2687,0.013736263736263687
2688,-6.464124111182912e-4
2689,-0.003232062055591456
2690,-0.021493212669683293
2691,-6.464124111182912e-4
2692,0.003232062055591456
2693,-0.015837104072398134
2694,-0.024078862314156457
2695,0.029573367808661932
2696,0.02941176470588236
2697,-0.0014544279250161551
2698,-0.013736263736263687
2699,0.034906270200387834
2700,0.004524886877828038
2701,0.010180995475113086
2702,-0.021170006464124147
2703,-0.04056237879767288
2704,-0.03506787330316741
2705,0.021170006464124147
2706,0.026826115061409195
2707,0.034906270200387834
2708,-0.0463800904977375
2709,-0.034906270200387834
2710,0.019392372333548846
2711,-0.0172915319974144
2712,-0.008564964447317358
2713,-0.015837104072398134
2714,-0.022947640594699448
2715,-0.0410471881060116
2716,-0.01664511958629611
2717,-0.01664511958629611
2718,0.011312217194570207
2719,0.026826115061409195
2720,-0.013736263736263687
2721,-0.013736263736263687
2722,-0.013897866839043371
2723,-0.026826115061409195
2724,-0.010180995475113086
2725,-0.003232062055591456
2726,0.02650290885585005
2727,0.04056237879767288
2728,0.0463800904977375
2729,-0.004201680672268893
2730,0.026826115061409195
2731,0.05203619909502266
2732,-0.010180995475113086
2733,-0.034906270200387834
2734,-0.015837104072398245
2735,-0.0463800904977375
2736,0.021170006464124147
2737,0.006302521008403339
2738,0.011958629605688387
2739,-0.010180995475113086
2740,-0.003232062055591456
2741,0.003232062055591456
2742,0.013897866839043371
2743,-0.0014544279250161551
2744,0.021493212669683293
2745,-0.010180995475113086
2746,-0.03183581124757595
2747,0.006302521008403339
2748,-0.026826115061409195
2749,-0.015837104072398134
2750,-8.08015513897864e-4
2751,-0.029573367808661932
2752,0.022301228183581157
2753,0.02941176470588236
2754,0.013897866839043371
2755,0.03506787330316741
2756,-0.008403361344537785
2757,0.02941176470588236
2758,0.02941176470588236
2759,-0.02650290885585005
2760,0.026826115061409195
2761,0.011958629605688387
2762,-0.013897866839043371
2763,-0.037491919844861
2764,-0.015837104072398134
2765,-6.464124111182912e-4
2766,-0.0172915319974144
2767,-0.021493212669683293
2768,0.019392372333548846
2769,-0.021170006464124147
2770,-0.015837104072398134
2771,0.04056237879767288
2772,0.034906270200387834
2773,-0.010180995475113086
2774,0.008564964447317358
2775,-0.004686489980607722
2776,0.0463800904977375
2777,0.0463800904977375
2778,-0.024078862314156457
2779,0.04056237879767288
2780,0.04056237879767288
2781,-0.006787330316742057
2782,-0.015837104072398134
2783,0.013736263736263687
2784,0.02941176470588236
2785,0.022301228183581157
2786,0.010180995475113086
2787,0.0172915319974144
2788,0.010180995475113086
2789,0.015837104072398134
2790,-0.03506787330316741
2791,0.006302521008403339
2792,-0.004524886877828038
2793,-0.034906270200387834
2794,-0.013736263736263687
2795,-0.024078862314156457
2796,0.04056237879767288
2797,0.034906270200387834
2798,-0.03183581124757595
2799,-0.037491919844861
2800,-0.013736263736263687
2801,0.021493212669683293
2802,0.021170006464124147
2803,-0.008403361344537785
2804,0.010180995475113086
2805,-0.015837104072398134
2806,0.004686489980607722
2807,-8.08015513897864e-4
2808,-0.004686489980607722
2809,0.022947640594699448
2810,0.03183581124757595
2811,-0.024078862314156457
2812,-0.021493212669683293
2813,-0.011958629605688387
2814,-0.019392372333548846
2815,0.010180995475113086
2816,0.02941176470588236
2817,-0.004848093083387184
2818,0.03248222365869424
2819,0.010180995475113086
2820,0.026826115061409195
2821,0.026826115061409195
2822,-0.037491919844861
2823,-0.034906270200387834
2824,0.002424046541693592
2825,0.01664511958629611
2826,0.010180995475113086
2827,-0.02941176470588236
2828,0.037491919844861
2829,0.015837104072398245
2830,-0.024078862314156457
2831,-0.015837104072398134
2832,0.02650290885585005
2833,0.021170006464124147
2834,-0.008564964447317358
2835,0.03183581124757595
2836,-0.026826115061409195
2837,-6.464124111182912e-4
2838,0.008564964447317358
2839,-8.08015513897864e-4
2840,-0.026826115061409195
2841,0.029573367808661932
2842,-0.02941176470588236
2843,0.010180995475113086
2844,0.024078862314156457
2845,0.01664511958629611
2846,-0.02941176470588236
2847,-0.02941176470588236
2848,0.002424046541693592
2849,-0.02650290885585005
2850,0.026826115061409195
2851,0.0410471881060116
2852,0.004201680672268893
2853,-0.013897866839043371
2854,0.021493212669683293
2855,0.003232062055591456
2856,-0.022301228183581157
2857,0.02650290885585005
2858,0.019392372333548846
2859,-0.02941176470588236
2860,-6.464124111182912e-4
2861,0.019392372333548846
2862,0.01664511958629611
2863,-8.08015513897864e-4
2864,0.003232062055591456
2865,-0.011312217194570207
2866,0.05203619909502266
2867,0.004201680672268893
2868,0.0172915319974144
2869,0.02650290885585005
2870,-0.006787330316742057
2871,-0.004524886877828038
2872,-0.011958629605688387
2873,-0.013897866839043371
2874,-0.004524886877828038
2875,0.003232062055591456
2876,-0.01664511958629611
2877,0.004201680672268893
2878,0.008564964447317358
2879,0.0463800904977375
2880,0.01955397543632842
2881,-0.04056237879767288
2882,0.026826115061409195
2883,0.021170006464124147
2884,0.021170006464124147
2885,0.015837104072398134
2886,0.03183581124757595
2887,-6.464124111182912e-4
2888,-0.010180995475113086
2889,0.0463800904977375
2890,-6.464124111182912e-4
2891,0.002424046541693592
2892,0.021493212669683293
2893,-0.01664511958629611
2894,0.003232062055591456
2895,0.03183581124757595
2896,0.006787330316742057
2897,-0.002424046541693592
2898,-0.0463800904977375
2899,0.015837104072398245
2900,0.03248222365869424
2901,-0.04056237879767288
2902,-0.01664511958629611
2903,-0.037491919844861
2904,0.013736263736263687
2905,0.026826115061409195
2906,-0.004524886877828038
2907,0.004201680672268893
2908,-0.04056237879767288
2909,0.015837104072398245
2910,0.021493212669683293
2911,-0.002424046541693592
2912,-0.0172915319974144
2913,-0.004201680672268893
2914,0.021493212669683293
2915,0.02941176470588236
2916,-0.0463800904977375
2917,-0.03183581124757595
2918,-0.034906270200387834
2919,-0.029573367808661932
2920,-0.0172915319974144
2921,0.021170006464124147
2922,-0.015837104072398134
2923,-0.026826115061409195
2924,6.464124111182912e-4
2925,-0.034906270200387834
2926,0.021170006464124147
2927,-0.006302521008403339
2928,0.015837104072398245
2929,-0.03183581124757595
2930,0.010180995475113086
2931,0.013736263736263687
2932,0.03183581124757595
2933,-0.004524886877828038
2934,0.008564964447317358
2935,-0.022301228183581157
2936,0.037491919844861
2937,0.006302521008403339
2938,0.006302521008403339
2939,0.002424046541693592
2940,-0.004686489980607722
2941,-0.021170006464124147
2942,0.01955397543632842
2943,-0.022947640594699448
2944,-0.010180995475113086
2945,0.021170006464124147
2946,0.029573367808661932
2947,0.034906270200387834
2948,0.004524886877828038
2949,-0.0463800904977375
2950,0.0172915319974144
2951,0.011312217194570207
2952,-0.029573367808661932
2953,-0.015837104072398134
2954,0.03183581124757595
2955,-0.0014544279250161551
2956,-0.015837104072398134
2957,0.01955397543632842
2958,-0.013897866839043371
2959,0.026826115061409195
2960,-0.0463800904977375
2961,-0.01664511958629611
2962,-0.05203619909502266
2963,0.010180995475113086
2964,-0.02650290885585005
2965,-0.021170006464124147
2966,-0.008564964447317358
2967,-0.037491919844861
2968,0.019392372333548846
2969,0.003232062055591456
2970,-0.004686489980607722
2971,0.003232062055591456
2972,0.006302521008403339
2973,0.015837104072398134
2974,0.022301228183581157
2975,0.004524886877828038
2976,-6.464124111182912e-4
2977,-0.029573367808661932
2978,-0.006302521008403339
2979,0.010180995475113086
2980,-0.021170006464124147
2981,-0.01664511958629611
2982,0.015837104072398134
2983,-0.029573367808661932
2984,-0.0410471881060116
2985,-0.03506787330316741
2986,0.03183581124757595
2987,-0.0172915319974144
2988,-6.464124111182912e-4
2989,-0.0172915319974144
2990,-0.021170006464124147
2991,0.013897866839043371
2992,0.008403361344537785
2993,0.006787330316742057
2994,0.05203619909502266
2995,0.0172915319974144
2996,-0.008564964447317358
2997,0.03506787330316741
2998,-0.013736263736263687
2999,0.013897866839043371
3000,-0.003232062055591456
3001,0.02941176470588236
3002,-0.011958629605688387
3003,0.003232062055591456
3004,-0.01955397543632842
3005,0.010180995475113086
3006,0.015837104072398245
3007,-0.013897866839043371
3008,0.01955397543632842
3009,-0.011958629605688387
3010,0.010180995475113086
3011,-0.010180995475113086
3012,0.01955397543632842
3013,0.010180995475113086
3014,-0.004848093083387184
3015,0.021170006464124147
3016,0.0014544279250161551
3017,-0.0172915319974144
3018,0.01955397543632842
3019,-0.004686489980607722
3020,-0.0014544279250161551
3021,-0.05203619909502266
3022,0.004848093083387184
3023,0.015837104072398134
3024,-0.0410471881060116
3025,0.011958629605688387
3026,-0.011958629605688387
3027,-0.0014544279250161551
3028,-0.004201680672268893
3029,0.026826115061409195
3030,0.03248222365869424
3031,-0.010180995475113086
3032,0.026826115061409195
3033,0.011312217194570207
3034,8.08015513897864e-4
3035,0.006787330316742057
3036,0.05203619909502266
3037,-0.01955397543632842
3038,0.01955397543632842
3039,-0.003232062055591456
3040,-0.013897866839043371
3041,0.008564964447317358
3042,8.08015513897864e-4
3043,0.02650290885585005
3044,-0.021170006464124147
3045,-0.03506787330316741
3046,0.008564964447317358
3047,0.013736263736263687
3048,0.02941176470588236
3049,0.034906270200387834
3050,0.008564964447317358
3051,0.022947640594699448
3052,-0.015837104072398134
3053,0.013897866839043371
3054,0.01955397543632842
3055,0.013897866839043371
3056,-0.010180995475113086
3057,-0.015837104072398134
3058,-0.03183581124757595
3059,-0.010180995475113086
3060,0.003232062055591456
3061,0.008564964447317358
3062,-0.022301228183581157
3063,0.002424046541693592
3064,0.034906270200387834
3065,-0.006302521008403339
3066,0.03248222365869424
3067,0.0172915319974144
3068,-0.004848093083387184
3069,-0.03183581124757595
3070,-0.021170006464124147
3071,0.011312217194570207
3072,-0.0463800904977375
3073,-0.01955397543632842
3074,0.006302521008403339
3075,0.010180995475113086
3076,0.019392372333548846
3077,-0.021170006464124147
3078,-0.021170006464124147
3079,0.026826115061409195
3080,-0.01664511958629611
3081,0.011312217194570207
3082,0.004686489980607722
3083,-0.02650290885585005
3084,0.015837104072398134
3085,0.01664511958629611
3086,-0.0172915319974144
3087,-0.026826115061409195
3088,0.021170006464124147
3089,-0.015837104072398134
3090,0.003232062055591456
3091,-0.008564964447317358
3092,-0.021170006464124147
3093,-0.02941176470588236
3094,-0.011312217194570207
3095,-0.022947640594699448
3096,-0.01664511958629611
3097,-0.004686489980607722
3098,0.013897866839043371
3099,-0.0410471881060116
3100,-0.0172915319974144
3101,0.010180995475113086
3102,8.08015513897864e-4
3103,-0.015837104072398134
3104,0.010180995475113086
3105,0.034906270200387834
3106,0.037491919844861
3107,8.08015513897864e-4
3108,-0.004201680672268893
3109,0.0463800904977375
3110,-0.05203619909502266
3111,-0.0463800904977375
3112,-0.0014544279250161551
3113,-0.008564964447317358
3114,-0.026826115061409195
3115,-0.022947640594699448
3116,0.029573367808661932
3117,-0.011312217194570207
3118,0.02941176470588236
3119,0.021170006464124147
3120,0.04056237879767288
3121,0.011312217194570207
3122,6.464124111182912e-4
3123,0.02650290885585005
3124,0.034906270200387834
3125,-0.026826115061409195
3126,-0.022301228183581157
3127,0.008564964447317358
3128,-0.01664511958629611
3129,-0.004848093083387184
3130,0.003232062055591456
3131,0.034906270200387834
3132,0.01664511958629611
3133,0.02941176470588236
3134,0.034906270200387834
3135,-0.006302521008403339
3136,0.015837104072398245
3137,-0.02650290885585005
3138,0.029573367808661932
3139,6.464124111182912e-4
3140,-0.013897866839043371
3141,0.011958629605688387
3142,-0.026826115061409195
3143,-0.004848093083387184
3144,-0.034906270200387834
3145,-0.008564964447317358
3146,-0.006787330316742057
3147,-0.021493212669683293
3148,-0.004848093083387184
3149,0.037491919844861
3150,0.024078862314156457
3151,0.03506787330316741
3152,-0.010180995475113086
3153,-0.01664511958629611
3154,-0.004201680672268893
3155,-0.004524886877828038
3156,-0.013897866839043371
3157,-0.006787330316742057
3158,0.015837104072398134
3159,-0.01664511958629611
3160,0.006787330316742057
3161,-0.034906270200387834
3162,0.029573367808661932
3163,0.013897866839043371
3164,-8.08015513897864e-4
3165,0.03183581124757595
3166,-0.026826115061409195
3167,0.019392372333548846
3168,0.013897866839043371
3169,-0.0410471881060116
3170,-0.006302521008403339
3171,-0.021170006464124147
3172,-0.008564964447317358
3173,0.004848093083387184
3174,0.015837104072398134
3175,0.037491919844861
3176,0.010180995475113086
3177,0.026826115061409195
3178,-0.04056237879767288
3179,-6.464124111182912e-4
3180,-0.011958629605688387
3181,-0.010180995475113086
3182,0.013736263736263687
3183,-0.0014544279250161551
3184,-0.004201680672268893
3185,-0.004201680672268893
3186,0.015837104072398134
3187,-0.008564964447317358
3188,-0.013897866839043371
3189,0.015837104072398134
3190,-0.021170006464124147
3191,-0.026826115061409195
3192,-0.002424046541693592
3193,-0.01955397543632842
3194,0.03506787330316741
3195,-0.05203619909502266
3196,-0.021170006464124147
3197,-0.0014544279250161551
3198,-0.011958629605688387
3199,-0.0463800904977375
3200,-0.022947640594699448
3201,0.0172915319974144
3202,0.03183581124757595
3203,0.02941176470588236
3204,0.026826115061409195
3205,-0.01664511958629611
3206,0.010180995475113086
3207,-0.021170006464124147
3208,-0.03183581124757595
3209,0.008403361344537785
3210,8.08015513897864e-4
3211,0.034906270200387834
3212,-6.464124111182912e-4
3213,-0.0172915319974144
3214,0.015837104072398134
3215,-0.026826115061409195
3216,-0.026826115061409195
3217,-0.01664511958629611
3218,-0.024078862314156457
3219,0.004524886877828038
3220,-0.010180995475113086
3221,0.004524886877828038
3222,0.013736263736263687
3223,-6.464124111182912e-4
3224,-0.026826115061409195
3225,0.0463800904977375
3226,0.01664511958629611
3227,-0.008403361344537785
3228,0.015837104072398134
3229,-6.464124111182912e-4
3230,6.464124111182912e-4
3231,-0.013897866839043371
3232,0.02941176470588236
3233,0.026826115061409195
3234,0.021170006464124147
3235,0.006787330316742057
3236,-0.021493212669683293
3237,-0.006787330316742057
3238,0.03183581124757595
3239,0.029573367808661932
3240,0.02941176470588236
3241,0.003232062055591456
3242,-0.008564964447317358
3243,0.011958629605688387
3244,0.026826115061409195
3245,0.026826115061409195
3246,0.026826115061409195
3247,-0.013897866839043371
3248,-0.013897866839043371
3249,-0.015837104072398134
3250,-0.0014544279250161551
3251,-0.006302521008403339
3252,0.01664511958629611
3253,-0.015837104072398134
3254,0.013897866839043371
3255,-0.0172915319974144
3256,0.003232062055591456
3257,-0.026826115061409195
3258,0.026826115061409195
3259,-0.0172915319974144
3260,-0.010180995475113086
3261,0.004524886877828038
3262,6.464124111182912e-4
3263,0.011312217194570207
3264,0.034906270200387834
3265,0.0172915319974144
3266,-0.004524886877828038
3267,0.004524886877828038
3268,0.013897866839043371
3269,-0.026826115061409195
3270,-0.034906270200387834
3271,-0.003232062055591456
3272,-8.08015513897864e-4
3273,0.015837104072398134
3274,-0.003232062055591456
3275,-0.034906270200387834
3276,0.034906270200387834
3277,-0.010180995475113086
3278,-0.021170006464124147
3279,0.0172915319974144
3280,-0.013897866839043371
3281,-0.006787330316742057
3282,0.004848093083387184
3283,-0.05203619909502266
3284,0.004201680672268893
3285,0.010180995475113086
3286,0.0463800904977375
3287,-0.004848093083387184
3288,0.011312217194570207
3289,0.04056237879767288
3290,-8.08015513897864e-4
3291,0.02650290885585005
3292,-0.003232062055591456
3293,0.008564964447317358
3294,-0.0014544279250161551
3295,-0.024078862314156457
3296,-0.021493212669683293
3297,-0.008564964447317358
3298,-0.02941176470588236
3299,-0.026826115061409195
3300,-0.022947640594699448
3301,0.03183581124757595
3302,-0.02650290885585005
3303,-0.034906270200387834
3304,0.01955397543632842
3305,-0.01664511958629611
3306,0.0463800904977375
3307,-0.013736263736263687
3308,-0.011312217194570207
3309,0.034906270200387834
3310,0.034906270200387834
3311,0.0014544279250161551
3312,-0.013736263736263687
3313,-0.004686489980607722
3314,-0.034906270200387834
3315,-6.464124111182912e-4
3316,0.034906270200387834
3317,-0.01664511958629611
3318,-0.022947640594699448
3319,0.029573367808661932
3320,-0.029573367808661932
3321,-0.010180995475113086
3322,-0.021170006464124147
3323,-0.0172915319974144
3324,6.464124111182912e-4
3325,0.03248222365869424
3326,-6.464124111182912e-4
3327,0.034906270200387834
3328,0.0463800904977375
3329,-0.015837104072398245
3330,-0.0463800904977375
3331,-0.022301228183581157
3332,-0.004524886877828038
3333,0.004848093083387184
3334,0.0172915319974144
3335,0.022301228183581157
3336,0.004201680672268893
3337,-0.026826115061409195
3338,0.01955397543632842
3339,0.003232062055591456
3340,0.004524886877828038
3341,0.008403361344537785
3342,0.01664511958629611
3343,0.021170006464124147
3344,-0.011958629605688387
3345,-0.021170006464124147
3346,-0.004524886877828038
3347,-6.464124111182912e-4
3348,0.02941176470588236
3349,0.004686489980607722
3350,0.011958629605688387
3351,0.013736263736263687
3352,-0.010180995475113086
3353,0.021493212669683293
3354,-0.015837104072398134
3355,-0.026826115061409195
3356,-0.026826115061409195
3357,-0.004524886877828038
3358,6.464124111182912e-4
3359,-0.022301228183581157
3360,-0.015837104072398134
3361,-0.013736263736263687
3362,-0.008564964447317358
3363,0.0014544279250161551
3364,-0.021170006464124147
3365,0.011958629605688387
3366,0.015837104072398134
3367,0.02650290885585005
3368,-0.010180995475113086
3369,0.008403361344537785
3370,-0.006302521008403339
3371,-0.0463800904977375
3372,0.021493212669683293
3373,0.03248222365869424
3374,-0.0172915319974144
3375,-0.02941176470588236
3376,0.011312217194570207
3377,-6.464124111182912e-4
3378,-0.02941176470588236
3379,0.006787330316742057
3380,0.021493212669683293
3381,0.0410471881060116
3382,0.026826115061409195
3383,0.03506787330316741
3384,0.006302521008403339
3385,-0.0463800904977375
3386,0.010180995475113086
3387,0.026826115061409195
3388,0.05203619909502266
3389,0.010180995475113086
3390,-0.010180995475113086
3391,-0.008564964447317358
3392,-0.006787330316742057
3393,0.004848093083387184
3394,0.011312217194570207
3395,-0.013736263736263687
3396,0.034906270200387834
3397,0.02941176470588236
3398,-0.021170006464124147
3399,-0.015837104072398134
3400,-0.008564964447317358
3401,0.03248222365869424
3402,-0.02650290885585005
3403,-0.021170006464124147
3404,-0.019392372333548846
3405,-0.02941176470588236
3406,-0.013736263736263687
3407,-0.026826115061409195
3408,-0.008564964447317358
3409,0.004524886877828038
3410,-8.08015513897864e-4
3411,-0.0172915319974144
3412,0.010180995475113086
3413,-0.022947640594699448
3414,-0.0014544279250161551
3415,0.03506787330316741
3416,-0.02941176470588236
3417,-0.022947640594699448
3418,0.004686489980607722
3419,-0.03248222365869424
3420,0.010180995475113086
3421,-0.019392372333548846
3422,-0.0014544279250161551
3423,-0.015837104072398134
3424,-0.010180995475113086
3425,-0.010180995475113086
3426,-0.021170006464124147
3427,0.01664511958629611
3428,-0.008403361344537785
3429,0.02941176470588236
3430,-0.037491919844861
3431,-0.0463800904977375
3432,-0.010180995475113086
3433,0.010180995475113086
3434,0.006302521008403339
3435,0.022947640594699448
3436,-0.0172915319974144
3437,0.0410471881060116
3438,0.03248222365869424
3439,0.021170006464124147
3440,-0.011958629605688387
3441,-0.022947640594699448
3442,0.003232062055591456
3443,-0.006302521008403339
3444,0.013736263736263687
3445,0.0463800904977375
3446,-0.004848093083387184
3447,-0.010180995475113086
3448,-0.034906270200387834
3449,-0.037491919844861
3450,0.006302521008403339
3451,0.024078862314156457
3452,-0.01664511958629611
3453,-0.0463800904977375
3454,0.021170006464124147
3455,0.003232062055591456
3456,-0.01664511958629611
3457,-0.0014544279250161551
3458,0.02941176470588236
3459,0.034906270200387834
3460,-0.010180995475113086
3461,0.022301228183581157
3462,-0.002424046541693592
3463,0.0172915319974144
3464,-0.01664511958629611
3465,0.026826115061409195
3466,-0.026826115061409195
3467,0.021493212669683293
3468,0.021170006464124147
3469,0.004686489980607722
3470,-0.013897866839043371
3471,-0.004848093083387184
3472,-0.013736263736263687
3473,0.004524886877828038
3474,-0.022947640594699448
3475,-0.003232062055591456
3476,0.013736263736263687
3477,-0.008564964447317358
3478,-0.013897866839043371
3479,-0.002424046541693592
3480,0.010180995475113086
3481,0.01955397543632842
3482,-0.0463800904977375
3483,-0.0463800904977375
3484,0.022301228183581157
3485,-6.464124111182912e-4
3486,0.021170006464124147
3487,-0.015837104072398245
3488,0.034906270200387834
3489,-0.0014544279250161551
3490,0.029573367808661932
3491,0.010180995475113086
3492,0.010180995475113086
3493,0.004524886877828038
3494,0.01664511958629611
3495,0.002424046541693592
3496,-0.02941176470588236
3497,0.003232062055591456
3498,0.008564964447317358
3499,0.008564964447317358
3500,-0.02941176470588236
3501,-6.464124111182912e-4
3502,-0.002424046541693592
3503,-0.01664511958629611
3504,-0.04056237879767288
3505,0.015837104072398134
3506,6.464124111182912e-4
3507,0.021493212669683293
3508,0.010180995475113086
3509,-0.03183581124757595
3510,-0.008403361344537785
3511,0.004524886877828038
3512,-0.0014544279250161551
3513,-0.004524886877828038
3514,0.029573367808661932
3515,0.0463800904977375
3516,0.03183581124757595
3517,0.037491919844861
3518,-0.03506787330316741
3519,0.004524886877828038
3520,0.01664511958629611
3521,0.02941176470588236
3522,-0.011312217194570207
3523,0.021170006464124147
3524,-0.034906270200387834
3525,-0.008564964447317358
3526,-0.004201680672268893
3527,0.029573367808661932
3528,-0.004524886877828038
3529,-0.0410471881060116
3530,-0.021170006464124147
3531,-0.019392372333548846
3532,-0.03183581124757595
3533,0.034906270200387834
3534,0.011312217194570207
3535,0.004524886877828038
3536,-0.008403361344537785
3537,-0.026826115061409195
3538,-0.021170006464124147
3539,0.02941176470588236
3540,0.011312217194570207
3541,-0.013736263736263687
3542,0.013897866839043371
3543,-0.010180995475113086
3544,0.015837104072398134
3545,0.011958629605688387
3546,0.015837104072398134
3547,-0.021170006464124147
3548,-0.010180995475113086
3549,0.03183581124757595
3550,-0.010180995475113086
3551,0.01664511958629611
3552,0.02941176470588236
3553,-0.026826115061409195
3554,-0.034906270200387834
3555,0.021170006464124147
3556,-0.003232062055591456
3557,-0.010180995475113086
3558,0.004201680672268893
3559,-0.013897866839043371
3560,-0.022301228183581157
3561,-0.0172915319974144
3562,0.013736263736263687
3563,0.0014544279250161551
3564,0.004848093083387184
3565,0.024078862314156457
3566,0.013897866839043371
3567,0.02941176470588236
3568,-0.04056237879767288
3569,0.011312217194570207
3570,0.02650290885585005
3571,0.004524886877828038
3572,0.05203619909502266
3573,-0.05203619909502266
3574,-0.013736263736263687
3575,-0.022301228183581157
3576,-0.0463800904977375
3577,0.01664511958629611
3578,0.013897866839043371
3579,-0.010180995475113086
3580,0.004686489980607722
3581,-0.021170006464124147
3582,-0.008564964447317358
3583,6.464124111182912e-4
3584,-0.02941176470588236
3585,8.08015513897864e-4
3586,-8.08015513897864e-4
3587,-0.034906270200387834
3588,-0.022947640594699448
3589,-0.004524886877828038
3590,-0.010180995475113086
3591,-0.034906270200387834
3592,0.03183581124757595
3593,-0.034906270200387834
3594,-0.010180995475113086
3595,0.006302521008403339
3596,-0.008564964447317358
3597,-0.019392372333548846
3598,0.05203619909502266
3599,-0.03506787330316741
3600,0.0172915319974144
3601,-0.0463800904977375
3602,-0.010180995475113086
3603,-0.03183581124757595
3604,-0.002424046541693592
3605,-0.003232062055591456
3606,0.010180995475113086
3607,-0.02941176470588236
3608,-0.013736263736263687
3609,-0.022947640594699448
3610,0.022301228183581157
3611,-0.022301228183581157
3612,0.004201680672268893
3613,0.034906270200387834
3614,-6.464124111182912e-4
3615,-0.02650290885585005
3616,0.002424046541693592
3617,-0.024078862314156457
3618,0.010180995475113086
3619,0.013897866839043371
3620,-0.008564964447317358
3621,0.021493212669683293
3622,-0.024078862314156457
3623,0.010180995475113086
3624,-0.004848093083387184
3625,0.008564964447317358
3626,0.010180995475113086
3627,-0.003232062055591456
3628,0.026826115061409195
3629,0.013897866839043371
3630,-0.03183581124757595
3631,-0.0172915319974144
3632,0.04056237879767288
3633,-0.006787330316742057
3634,-0.002424046541693592
3635,-0.021170006464124147
3636,0.008564964447317358
3637,0.004524886877828038
3638,0.0014544279250161551
3639,-0.026826115061409195
3640,-0.01955397543632842
3641,0.004848093083387184
3642,-0.006787330316742057
3643,0.0463800904977375
3644,0.003232062055591456
3645,-0.004686489980607722
3646,0.0172915319974144
3647,-0.003232062055591456
3648,-6.464124111182912e-4
3649,-0.02941176470588236
3650,-0.019392372333548846
3651,-0.021493212669683293
3652,0.0172915319974144
3653,0.006302521008403339
3654,-0.010180995475113086
3655,0.0463800904977375
3656,-0.0410471881060116
3657,-0.022301228183581157
3658,-6.464124111182912e-4
3659,0.0014544279250161551
3660,-0.026826115061409195
3661,-0.006787330316742057
3662,0.02941176470588236
3663,6.464124111182912e-4
3664,-0.010180995475113086
3665,0.008403361344537785
3666,0.02941176470588236
3667,-0.004848093083387184
3668,0.02941176470588236
3669,-0.0172915319974144
3670,0.004848093083387184
3671,-0.002424046541693592
3672,0.03183581124757595
3673,0.026826115061409195
3674,0.03506787330316741
3675,-0.010180995475113086
3676,0.022947640594699448
3677,-0.026826115061409195
3678,-0.02650290885585005
3679,-0.015837104072398134
3680,0.006302521008403339
3681,-0.05203619909502266
3682,0.008564964447317358
3683,0.015837104072398134
3684,-0.015837104072398245
3685,-0.022301228183581157
3686,-0.0410471881060116
3687,0.010180995475113086
3688,-6.464124111182912e-4
3689,-0.013736263736263687
3690,0.004201680672268893
3691,0.015837104072398134
3692,-0.037491919844861
3693,0.034906270200387834
3694,-0.0172915319974144
3695,0.01955397543632842
3696,-6.464124111182912e-4
3697,0.015837104072398134
3698,0.0014544279250161551
3699,-0.021170006464124147
3700,-0.006302521008403339
3701,-0.034906270200387834
3702,-0.034906270200387834
3703,8.08015513897864e-4
3704,-0.011958629605688387
3705,0.004686489980607722
3706,-0.004524886877828038
3707,-0.03183581124757595
3708,0.024078862314156457
3709,-0.003232062055591456
3710,8.08015513897864e-4
3711,-0.011958629605688387
3712,-0.03183581124757595
3713,-0.010180995475113086
3714,-0.021170006464124147
3715,-0.01955397543632842
3716,-0.010180995475113086
3717,-0.008564964447317358
3718,0.026826115061409195
3719,0.002424046541693592
3720,0.004201680672268893
3721,-0.0410471881060116
3722,0.013736263736263687
3723,0.015837104072398134
3724,-0.013736263736263687
3725,-0.01955397543632842
3726,-0.013897866839043371
3727,0.03183581124757595
3728,0.03183581124757595
3729,-0.008403361344537785
3730,-0.011958629605688387
3731,0.004524886877828038
3732,0.003232062055591456
3733,-0.008403361344537785
3734,-0.004524886877828038
3735,0.010180995475113086
3736,-0.003232062055591456
3737,0.013736263736263687
3738,0.015837104072398134
3739,-0.024078862314156457
3740,-0.004848093083387184
3741,-0.026826115061409195
3742,-0.013897866839043371
3743,0.011958629605688387
3744,0.006787330316742057
3745,-0.011958629605688387
3746,-0.03248222365869424
3747,0.03506787330316741
3748,-0.0463800904977375
3749,0.037491919844861
3750,0.010180995475113086
3751,0.021493212669683293
3752,0.013736263736263687
3753,-0.010180995475113086
3754,-0.022301228183581157
3755,-0.03183581124757595
3756,0.003232062055591456
3757,-0.004686489980607722
3758,-0.021170006464124147
3759,0.029573367808661932
3760,0.03506787330316741
3761,0.013897866839043371
3762,0.010180995475113086
3763,-0.013897866839043371
3764,-0.021170006464124147
3765,-0.026826115061409195
3766,-6.464124111182912e-4
3767,0.015837104072398134
3768,-0.021170006464124147
3769,0.003232062055591456
3770,0.021170006464124147
3771,0.011958629605688387
3772,-0.021493212669683293
3773,-0.013736263736263687
3774,0.008564964447317358
3775,0.006787330316742057
3776,0.002424046541693592
3777,0.004524886877828038
3778,0.034906270200387834
3779,0.010180995475113086
3780,0.021170006464124147
3781,0.04056237879767288
3782,0.008564964447317358
3783,-0.015837104072398245
3784,-6.464124111182912e-4
3785,-0.03248222365869424
3786,-0.04056237879767288
3787,-0.008403361344537785
3788,0.029573367808661932
3789,0.034906270200387834
3790,-0.03248222365869424
3791,-0.022947640594699448
3792,-0.021170006464124147
3793,-0.004686489980607722
3794,0.01664511958629611
3795,-0.002424046541693592
3796,-0.006302521008403339
3797,0.03248222365869424
3798,0.004848093083387184
3799,-0.01664511958629611
3800,-0.03183581124757595
3801,-0.004524886877828038
3802,0.0463800904977375
3803,-0.003232062055591456
3804,-0.0014544279250161551
3805,-0.0172915319974144
3806,0.004201680672268893
3807,-0.024078862314156457
3808,-0.015837104072398134
3809,-0.026826115061409195
3810,-0.006787330316742057
3811,-0.004524886877828038
3812,0.01955397543632842
3813,0.026826115061409195
3814,0.034906270200387834
3815,-0.013736263736263687
3816,0.0014544279250161551
3817,0.021170006464124147
3818,-0.04056237879767288
3819,6.464124111182912e-4
3820,-0.010180995475113086
3821,0.021170006464124147
3822,0.013897866839043371
3823,-0.006302521008403339
3824,-0.02941176470588236
3825,0.021170006464124147
3826,-0.013897866839043371
3827,-0.021170006464124147
3828,-0.008403361344537785
3829,0.015837104072398134
3830,0.034906270200387834
3831,-0.01664511958629611
3832,-0.015837104072398134
3833,-0.002424046541693592
3834,0.004524886877828038
3835,0.01955397543632842
3836,-0.022301228183581157
3837,-0.034906270200387834
3838,0.02650290885585005
3839,-0.026826115061409195
3840,0.02650290885585005
3841,-0.03248222365869424
3842,-8.08015513897864e-4
3843,0.05203619909502266
3844,0.008403361344537785
3845,0.0463800904977375
3846,-0.0014544279250161551
3847,-0.008564964447317358
3848,0.04056237879767288
3849,0.01664511958629611
3850,-0.022947640594699448
3851,0.011958629605688387
3852,0.006787330316742057
3853,6.464124111182912e-4
3854,0.022301228183581157
3855,0.03183581124757595
3856,0.003232062055591456
3857,-0.0172915319974144
3858,0.0172915319974144
3859,0.013736263736263687
3860,-0.021493212669683293
3861,-0.013736263736263687
3862,0.004848093083387184
3863,-0.03506787330316741
3864,0.010180995475113086
3865,-0.034906270200387834
3866,0.021170006464124147
3867,-0.015837104072398245
3868,-0.010180995475113086
3869,-0.05203619909502266
3870,-0.01664511958629611
3871,0.026826115061409195
3872,0.01664511958629611
3873,0.008564964447317358
3874,0.0463800904977375
3875,-0.03183581124757595
3876,-0.021493212669683293
3877,-0.026826115061409195
3878,0.026826115061409195
3879,0.0463800904977375
3880,0.01664511958629611
3881,0.003232062055591456
3882,-0.03183581124757595
3883,0.003232062055591456
3884,0.010180995475113086
3885,0.034906270200387834
3886,0.022947640594699448
3887,-0.004524886877828038
3888,-0.013897866839043371
3889,-0.03506787330316741
3890,0.01955397543632842
3891,-0.015837104072398134
3892,-0.0172915319974144
3893,-8.08015513897864e-4
3894,-0.01955397543632842
3895,0.02941176470588236
3896,0.026826115061409195
3897,-0.034906270200387834
3898,0.03506787330316741
3899,0.021170006464124147
3900,-6.464124111182912e-4
3901,0.026826115061409195
3902,-0.004848093083387184
3903,6.464124111182912e-4
3904,0.02650290885585005
3905,-0.004201680672268893
3906,-0.004524886877828038
3907,-0.006787330316742057
3908,-0.015837104072398134
3909,0.019392372333548846
3910,-0.003232062055591456
3911,0.015837104072398134
3912,-0.03183581124757595
3913,-0.004524886877828038
3914,0.010180995475113086
3915,-0.01955397543632842
3916,0.021170006464124147
3917,-0.010180995475113086
3918,-0.0172915319974144
3919,0.022947640594699448
3920,0.019392372333548846
3921,0.01664511958629611
3922,-0.015837104072398245
3923,-0.029573367808661932
3924,-0.013897866839043371
3925,0.0172915319974144
3926,-0.008564964447317358
3927,-0.0014544279250161551
3928,0.015837104072398245
3929,0.01664511958629611
3930,0.002424046541693592
3931,0.03248222365869424
3932,0.01664511958629611
3933,0.02941176470588236
3934,0.0410471881060116
3935,6.464124111182912e-4
3936,-0.021493212669683293
3937,0.02941176470588236
3938,-0.02650290885585005
3939,-0.021493212669683293
3940,-0.013897866839043371
3941,-0.0014544279250161551
3942,-0.013897866839043371
3943,-0.03183581124757595
3944,-0.011312217194570207
3945,6.464124111182912e-4
3946,0.01955397543632842
3947,-0.03506787330316741
3948,0.021170006464124147
3949,-0.004524886877828038
3950,-0.021170006464124147
3951,-0.008403361344537785
3952,-0.022301228183581157
3953,0.011958629605688387
3954,0.029573367808661932
3955,-0.04056237879767288
3956,-0.011958629605688387
3957,0.004524886877828038
3958,-0.002424046541693592
3959,-0.006787330316742057
3960,0.026826115061409195
3961,-0.004848093083387184
3962,-0.03183581124757595
3963,0.02941176470588236
3964,0.013897866839043371
3965,0.008564964447317358
3966,-0.05203619909502266
3967,-0.02941176470588236
3968,8.08015513897864e-4
3969,0.004848093083387184
3970,-0.004524886877828038
3971,-0.004201680672268893
3972,-0.006787330316742057
3973,-0.010180995475113086
3974,0.0014544279250161551
3975,-0.010180995475113086
3976,0.006787330316742057
3977,0.004848093083387184
3978,-0.019392372333548846
3979,0.0410471881060116
3980,0.026826115061409195
3981,0.01955397543632842
3982,0.0463800904977375
3983,0.02941176470588236
3984,-0.004524886877828038
3985,-0.0463800904977375
3986,-0.008564964447317358
3987,-0.02941176470588236
3988,-0.02941176470588236
3989,-0.013897866839043371
3990,0.010180995475113086
3991,0.010180995475113086
3992,0.026826115061409195
3993,0.004524886877828038
3994,-0.0172915319974144
3995,-0.004524886877828038
3996,0.034906270200387834
3997,-0.008403361344537785
3998,-0.0172915319974144
3999,-0.03506787330316741
4000,-0.010180995475113086
4001,-0.015837104072398134
4002,-0.03183581124757595
4003,-0.05203619909502266
4004,-0.013736263736263687
4005,-0.006787330316742057
4006,6.464124111182912e-4
4007,-0.011958629605688387
4008,0.01955397543632842
4009,-0.034906270200387834
4010,0.011958629605688387
4011,0.04056237879767288
4012,-0.0463800904977375
4013,-0.02650290885585005
4014,0.029573367808661932
4015,0.013897866839043371
4016,-0.02941176470588236
4017,-0.004848093083387184
4018,0.02941176470588236
4019,0.0014544279250161551
4020,0.013897866839043371
4021,-0.015837104072398134
4022,0.010180995475113086
4023,0.022947640594699448
4024,0.03183581124757595
4025,-0.034906270200387834
4026,-0.015837104072398134
4027,0.021170006464124147
4028,-0.03248222365869424
4029,0.03248222365869424
4030,-0.04056237879767288
4031,0.004686489980607722
4032,-0.002424046541693592
4033,0.013736263736263687
4034,-0.003232062055591456
4035,-0.01664511958629611
4036,0.021170006464124147
4037,-0.003232062055591456
4038,0.024078862314156457
4039,0.003232062055591456
4040,0.010180995475113086
4041,0.011958629605688387
4042,0.010180995475113086
4043,-0.022301228183581157
4044,0.021493212669683293
4045,-0.034906270200387834
4046,0.013736263736263687
4047,-0.026826115061409195
4048,0.02941176470588236
4049,-0.03183581124757595
4050,0.0172915319974144
4051,0.011312217194570207
4052,0.004524886877828038
4053,-0.02650290885585005
4054,0.015837104072398134
4055,0.04056237879767288
4056,0.011312217194570207
4057,-0.0463800904977375
4058,-0.019392372333548846
4059,6.464124111182912e-4
4060,-0.01664511958629611
4061,-0.015837104072398134
4062,6.464124111182912e-4
4063,0.004848093083387184
4064,-0.021170006464124147
4065,0.0463800904977375
4066,-0.01664511958629611
4067,0.0410471881060116
4068,-0.0014544279250161551
4069,0.010180995475113086
4070,-0.03506787330316741
4071,-6.464124111182912e-4
4072,-0.037491919844861
4073,0.015837104072398134
4074,-0.004524886877828038
4075,-0.015837104072398134
4076,-0.010180995475113086
4077,0.0172915319974144
4078,-0.03183581124757595
4079,0.004524886877828038
4080,0.004686489980607722
4081,-0.010180995475113086
4082,0.03183581124757595
4083,-0.024078862314156457
4084,-0.024078862314156457
4085,0.037491919844861
4086,0.0463800904977375
4087,0.015837104072398134
4088,-0.013897866839043371
4089,-0.026826115061409195
4090,-0.004848093083387184
4091,-0.0463800904977375
4092,-0.003232062055591456
4093,0.011312217194570207
4094,0.01664511958629611
4095,0.024078862314156457
4096,-0.011312217194570207
4097,0.026826115061409195
4098,-0.006787330316742057
4099,0.034906270200387834
4100,-0.03506787330316741
4101,-0.034906270200387834
4102,0.019392372333548846
4103,0.021170006464124147
4104,0.01955397543632842
4105,-0.004201680672268893
4106,-0.013897866839043371
4107,0.03183581124757595
4108,0.008403361344537785
4109,0.004524886877828038
4110,-0.02650290885585005
4111,-0.013736263736263687
4112,-0.003232062055591456
4113,0.003232062055591456
4114,0.008564964447317358
4115,-0.010180995475113086
4116,0.03183581124757595
4117,-0.022947640594699448
4118,0.015837104072398134
4119,0.0172915319974144
4120,-0.0172915319974144
4121,-0.0463800904977375
4122,0.013736263736263687
4123,-0.0463800904977375
4124,0.013897866839043371
4125,0.002424046541693592
4126,0.034906270200387834
4127,0.03506787330316741
4128,-0.04056237879767288
4129,0.029573367808661932
4130,0.05203619909502266
4131,-0.010180995475113086
4132,0.013736263736263687
4133,0.03183581124757595
4134,0.010180995475113086
4135,0.008564964447317358
4136,0.0463800904977375
4137,0.0014544279250161551
4138,0.010180995475113086
4139,0.0172915319974144
4140,-0.015837104072398134
4141,0.011958629605688387
4142,0.03248222365869424
4143,0.021170006464124147
4144,0.010180995475113086
4145,-0.02941176470588236
4146,-0.034906270200387834
4147,-0.010180995475113086
4148,-0.021170006464124147
4149,0.010180995475113086
4150,0.015837104072398134
4151,0.004686489980607722
4152,0.013736263736263687
4153,-0.021170006464124147
4154,0.013736263736263687
4155,-0.0463800904977375
4156,-6.464124111182912e-4
4157,0.013897866839043371
4158,0.006787330316742057
4159,0.01664511958629611
4160,-0.013736263736263687
4161,-0.021493212669683293
4162,-0.03183581124757595
4163,0.010180995475113086
4164,-0.01664511958629611
4165,-0.011958629605688387
4166,-0.04056237879767288
4167,0.015837104072398245
4168,-0.006302521008403339
4169,-0.021170006464124147
4170,0.01955397543632842
4171,-0.021170006464124147
4172,0.026826115061409195
4173,-6.464124111182912e-4
4174,6.464124111182912e-4
4175,-0.02941176470588236
4176,-0.021170006464124147
4177,0.021170006464124147
4178,0.026826115061409195
4179,0.01955397543632842
4180,-0.05203619909502266
4181,0.03183581124757595
4182,0.026826115061409195
4183,0.022301228183581157
4184,-0.03183581124757595
4185,-0.0410471881060116
4186,-0.034906270200387834
4187,-0.02941176470588236
4188,-0.003232062055591456
4189,-0.006302521008403339
4190,-0.004524886877828038
4191,0.0410471881060116
4192,-0.02941176470588236
4193,-0.022301228183581157
4194,-0.03183581124757595
4195,0.022301228183581157
4196,6.464124111182912e-4
4197,-0.002424046541693592
4198,-0.0172915319974144
4199,0.04056237879767288
4200,0.021170006464124147
4201,0.002424046541693592
4202,0.0410471881060116
4203,-0.015837104072398134
4204,-0.03183581124757595
4205,0.026826115061409195
4206,0.004686489980607722
4207,-0.01955397543632842
4208,0.004524886877828038
4209,0.013897866839043371
4210,-0.008564964447317358
4211,0.003232062055591456
4212,-0.002424046541693592
4213,0.026826115061409195
4214,-0.0463800904977375
4215,0.015837104072398134
4216,-0.026826115061409195
4217,0.029573367808661932
4218,-0.0410471881060116
4219,-0.015837104072398134
4220,0.022301228183581157
4221,-0.026826115061409195
4222,0.019392372333548846
4223,0.0014544279250161551
4224,-0.011312217194570207
4225,-0.019392372333548846
4226,-0.0410471881060116
4227,0.015837104072398134
4228,0.004524886877828038
4229,0.0014544279250161551
4230,0.034906270200387834
4231,0.015837104072398134
4232,-0.021493212669683293
4233,-0.0172915319974144
4234,0.019392372333548846
4235,0.0014544279250161551
4236,0.01955397543632842
4237,0.013736263736263687
4238,0.01664511958629611
4239,0.02941176470588236
4240,-0.029573367808661932
4241,-8.08015513897864e-4
4242,-0.029573367808661932
4243,-0.011312217194570207
4244,0.011312217194570207
4245,-0.024078862314156457
4246,-0.011958629605688387
4247,-0.013736263736263687
4248,-0.026826115061409195
4249,-0.008403361344537785
4250,-0.02941176470588236
4251,-0.0463800904977375
4252,0.03183581124757595
4253,0.019392372333548846
4254,0.03506787330316741
4255,-0.034906270200387834
4256,0.008564964447317358
4257,0.03183581124757595
4258,0.006302521008403339
4259,0.04056237879767288
4260,0.008564964447317358
4261,-0.004686489980607722
4262,-0.008564964447317358
4263,0.015837104072398134
4264,0.010180995475113086
4265,-0.003232062055591456
4266,0.03248222365869424
4267,-0.01664511958629611
4268,0.026826115061409195
4269,0.011312217194570207
4270,0.029573367808661932
4271,-0.04056237879767288
4272,0.021493212669683293
4273,0.022947640594699448
4274,-0.006787330316742057
4275,-0.004686489980607722
4276,8.08015513897864e-4
4277,-0.021170006464124147
4278,-0.021170006464124147
4279,-0.03506787330316741
4280,-0.003232062055591456
4281,8.08015513897864e-4
4282,0.02650290885585005
4283,-0.006302521008403339
4284,-0.006302521008403339
4285,0.0463800904977375
4286,-0.010180995475113086
4287,-0.021170006464124147
4288,6.464124111182912e-4
4289,-0.021170006464124147
4290,0.026826115061409195
4291,-0.0172915319974144
4292,0.01955397543632842
4293,-0.05203619909502266
4294,-0.05203619909502266
4295,0.02941176470588236
4296,-0.004686489980607722
4297,-0.002424046541693592
4298,0.026826115061409195
4299,0.02941176470588236
4300,0.015837104072398245
4301,-0.004686489980607722
4302,0.037491919844861
4303,0.004848093083387184
4304,-0.003232062055591456
4305,-0.002424046541693592
4306,0.021170006464124147
4307,0.0463800904977375
4308,-0.04056237879767288
4309,0.006302521008403339
4310,-0.026826115061409195
4311,0.008564964447317358
4312,-0.0463800904977375
4313,0.015837104072398245
4314,-0.010180995475113086
4315,0.0463800904977375
4316,0.021493212669683293
4317,0.01955397543632842
4318,-0.008564964447317358
4319,-0.011958629605688387
4320,-0.008564964447317358
4321,0.004201680672268893
4322,-0.013736263736263687
4323,0.034906270200387834
4324,-0.04056237879767288
4325,-0.003232062055591456
4326,0.002424046541693592
4327,0.022947640594699448
4328,0.0014544279250161551
4329,-0.01955397543632842
4330,0.024078862314156457
4331,0.011312217194570207
4332,-0.004848093083387184
4333,-0.013736263736263687
4334,0.05203619909502266
4335,-0.013897866839043371
4336,-0.002424046541693592
4337,-0.026826115061409195
4338,-0.013897866839043371
4339,-0.021493212669683293
4340,0.015837104072398134
4341,-0.0463800904977375
4342,6.464124111182912e-4
4343,0.02650290885585005
4344,-0.02941176470588236
4345,-0.01664511958629611
4346,0.010180995475113086
4347,0.015837104072398134
4348,0.015837104072398134
4349,0.011312217194570207
4350,0.03248222365869424
4351,0.03506787330316741
4352,-0.034906270200387834
4353,0.008564964447317358
4354,-0.01664511958629611
4355,-0.013736263736263687
4356,-8.08015513897864e-4
4357,-0.008403361344537785
4358,-0.03183581124757595
4359,0.01664511958629611
4360,0.03183581124757595
4361,0.004524886877828038
4362,-0.02650290885585005
4363,-0.011958629605688387
4364,-0.02941176470588236
4365,-0.004201680672268893
4366,-0.003232062055591456
4367,-0.034906270200387834
4368,-0.02941176470588236
4369,0.01955397543632842
4370,0.015837104072398134
4371,0.034906270200387834
4372,-8.08015513897864e-4
4373,0.01955397543632842
4374,6.464124111182912e-4
4375,0.02650290885585005
4376,0.026826115061409195
4377,-0.029573367808661932
4378,-6.464124111182912e-4
4379,-0.04056237879767288
4380,-0.008564964447317358
4381,0.0172915319974144
4382,-0.002424046541693592
4383,-0.0463800904977375
4384,0.03248222365869424
4385,-6.464124111182912e-4
4386,-0.0463800904977375
4387,-0.026826115061409195
4388,0.034906270200387834
4389,0.013897866839043371
4390,-0.02941176470588236
4391,-0.006787330316742057
4392,-0.0463800904977375
4393,-0.03183581124757595
4394,-0.004848093083387184
4395,-0.015837104072398134
4396,-0.013897866839043371
4397,0.006302521008403339
4398,-0.04056237879767288
4399,0.03183581124757595
4400,-0.006787330316742057
4401,-0.01955397543632842
4402,-0.015837104072398134
4403,0.037491919844861
4404,0.006302521008403339
4405,-0.022947640594699448
4406,-0.0014544279250161551
4407,-0.013897866839043371
4408,-0.034906270200387834
4409,-0.004524886877828038
4410,-0.010180995475113086
4411,-0.010180995475113086
4412,0.01664511958629611
4413,0.026826115061409195
4414,0.03183581124757595
4415,0.0014544279250161551
4416,-0.03183581124757595
4417,-0.0172915319974144
4418,0.022947640594699448
4419,0.03183581124757595
4420,0.037491919844861
4421,0.02650290885585005
4422,0.03183581124757595
4423,0.002424046541693592
4424,-6.464124111182912e-4
4425,0.022947640594699448
4426,0.013897866839043371
4427,-0.013736263736263687
4428,0.02941176470588236
4429,0.010180995475113086
4430,-0.004686489980607722
4431,0.01955397543632842
4432,0.024078862314156457
4433,-0.004848093083387184
4434,0.004524886877828038
4435,0.034906270200387834
4436,0.006302521008403339
4437,-0.021493212669683293
4438,0.015837104072398134
4439,-0.008564964447317358
4440,-0.05203619909502266
4441,-0.03183581124757595
4442,0.026826115061409195
4443,-0.008564964447317358
4444,0.0014544279250161551
4445,-0.022301228183581157
4446,-0.026826115061409195
4447,0.015837104072398245
4448,-0.013897866839043371
4449,-0.01955397543632842
4450,-0.015837104072398245
4451,6.464124111182912e-4
4452,0.015837104072398245
4453,-0.004686489980607722
4454,-0.010180995475113086
4455,-0.01664511958629611
4456,0.0172915319974144
4457,-0.034906270200387834
4458,-0.03183581124757595
4459,0.026826115061409195
4460,-0.015837104072398245
4461,6.464124111182912e-4
4462,0.013897866839043371
4463,-0.008564964447317358
4464,0.015837104072398245
4465,0.019392372333548846
4466,-0.021170006464124147
4467,-0.05203619909502266
4468,0.03506787330316741
4469,0.01664511958629611
4470,-0.0463800904977375
4471,-0.05203619909502266
4472,0.008564964447317358
4473,0.021170006464124147
4474,-0.011312217194570207
4475,-0.03506787330316741
4476,0.026826115061409195
4477,-0.0014544279250161551
4478,0.021170006464124147
4479,0.004524886877828038
4480,-0.026826115061409195
4481,0.01664511958629611
4482,-0.013897866839043371
4483,-0.008564964447317358
4484,0.021170006464124147
4485,-0.021170006464124147
4486,0.013897866839043371
4487,-0.004848093083387184
4488,-0.021493212669683293
4489,0.024078862314156457
4490,0.022301228183581157
4491,-0.02941176470588236
4492,-0.013736263736263687
4493,-0.003232062055591456
4494,-0.01664511958629611
4495,0.013736263736263687
4496,-0.010180995475113086
4497,0.029573367808661932
4498,-0.022947640594699448
4499,-0.0463800904977375
4500,-0.01664511958629611
4501,0.015837104072398134
4502,0.02941176470588236
4503,-0.01664511958629611
4504,-0.004524886877828038
4505,0.02941176470588236
4506,-0.013897866839043371
4507,-0.004848093083387184
4508,0.011312217194570207
4509,-0.026826115061409195
4510,0.004686489980607722
4511,-0.026826115061409195
4512,0.015837104072398134
4513,0.026826115061409195
4514,0.02941176470588236
4515,-0.013897866839043371
4516,-0.0410471881060116
4517,0.0014544279250161551
4518,-0.02650290885585005
4519,0.021170006464124147
4520,-0.013736263736263687
4521,-0.02941176470588236
4522,0.022947640594699448
4523,-0.021170006464124147
4524,-0.04056237879767288
4525,-0.015837104072398245
4526,0.01664511958629611
4527,0.015837104072398245
4528,-0.011312217194570207
4529,-0.01955397543632842
4530,0.0463800904977375
4531,0.0172915319974144
4532,-0.02941176470588236
4533,-0.004524886877828038
4534,0.003232062055591456
4535,0.010180995475113086
4536,0.02941176470588236
4537,-0.026826115061409195
4538,-0.026826115061409195
4539,-0.026826115061409195
4540,-0.010180995475113086
4541,0.015837104072398134
4542,0.037491919844861
4543,0.015837104072398134
4544,-0.02941176470588236
4545,-0.013736263736263687
4546,-0.013897866839043371
4547,-0.024078862314156457
4548,-0.021170006464124147
4549,0.03183581124757595
4550,0.01664511958629611
4551,0.02650290885585005
4552,-0.003232062055591456
4553,-0.013736263736263687
4554,0.013736263736263687
4555,-0.026826115061409195
4556,-0.03506787330316741
4557,-0.004201680672268893
4558,-0.011958629605688387
4559,-0.0463800904977375
4560,0.037491919844861
4561,0.015837104072398134
4562,-0.022301228183581157
4563,0.011958629605688387
4564,-0.010180995475113086
4565,0.026826115061409195
4566,0.026826115061409195
4567,0.01955397543632842
4568,0.019392372333548846
4569,0.026826115061409195
4570,0.019392372333548846
4571,-0.003232062055591456
4572,-0.026826115061409195
4573,0.03183581124757595
4574,0.008564964447317358
4575,0.024078862314156457
4576,0.0172915319974144
4577,-0.03183581124757595
4578,-0.019392372333548846
4579,0.037491919844861
4580,0.02941176470588236
4581,-0.021170006464124147
4582,-0.015837104072398245
4583,-0.013897866839043371
4584,-0.022301228183581157
4585,0.004524886877828038
4586,0.022301228183581157
4587,0.015837104072398134
4588,0.02650290885585005
4589,0.03506787330316741
4590,0.01955397543632842
4591,-0.004524886877828038
4592,0.03506787330316741
4593,-0.02941176470588236
4594,0.034906270200387834
4595,0.013736263736263687
4596,0.021170006464124147
4597,-0.022301228183581157
4598,0.002424046541693592
4599,0.003232062055591456
4600,-0.0463800904977375
4601,0.0463800904977375
4602,0.004848093083387184
4603,8.08015513897864e-4
4604,0.022301228183581157
4605,0.01955397543632842
4606,0.0014544279250161551
4607,0.019392372333548846
4608,-0.022947640594699448
4609,0.015837104072398134
4610,-0.022947640594699448
4611,0.01664511958629611
4612,-0.004524886877828038
4613,0.034906270200387834
4614,-0.010180995475113086
4615,0.022301228183581157
4616,-0.037491919844861
4617,0.0463800904977375
4618,-0.034906270200387834
4619,-0.02941176470588236
4620,0.03248222365869424
4621,0.022947640594699448
4622,-0.0172915319974144
4623,0.03506787330316741
4624,0.006302521008403339
4625,0.022947640594699448
4626,8.08015513897864e-4
4627,-0.004524886877828038
4628,0.004686489980607722
4629,0.010180995475113086
4630,0.02941176470588236
4631,-0.011958629605688387
4632,0.01955397543632842
4633,-0.004848093083387184
4634,-0.004524886877828038
4635,0.026826115061409195
4636,0.015837104072398134
4637,-0.034906270200387834
4638,-0.010180995475113086
4639,0.05203619909502266
4640,-0.006787330316742057
4641,-0.021170006464124147
4642,-0.021170006464124147
4643,-0.022301228183581157
4644,0.010180995475113086
4645,0.0463800904977375
4646,0.02941176470588236
4647,0.015837104072398245
4648,0.015837104072398134
4649,-0.026826115061409195
4650,-0.015837104072398134
4651,-0.026826115061409195
4652,0.002424046541693592
4653,-0.010180995475113086
4654,0.003232062055591456
4655,0.022947640594699448
4656,-0.03248222365869424
4657,-0.034906270200387834
4658,-0.0410471881060116
4659,-0.013897866839043371
4660,-0.013736263736263687
4661,0.008564964447317358
4662,-0.010180995475113086
4663,0.015837104072398134
4664,-0.004201680672268893
4665,0.013736263736263687
4666,-0.0410471881060116
4667,0.02941176470588236
4668,0.008403361344537785
4669,0.026826115061409195
4670,-0.0172915319974144
4671,-0.01664511958629611
4672,-0.015837104072398134
4673,-0.01664511958629611
4674,0.03183581124757595
4675,-0.02941176470588236
4676,0.0410471881060116
4677,0.006787330316742057
4678,0.022301228183581157
4679,-0.021170006464124147
4680,0.03183581124757595
4681,0.022301228183581157
4682,0.03183581124757595
4683,0.013897866839043371
4684,-0.037491919844861
4685,-0.03506787330316741
4686,0.034906270200387834
4687,0.015837104072398245
4688,-0.013897866839043371
4689,0.015837104072398134
4690,0.05203619909502266
4691,-0.006787330316742057
4692,-8.08015513897864e-4
4693,0.010180995475113086
4694,0.01955397543632842
4695,0.021170006464124147
4696,0.026826115061409195
4697,-0.010180995475113086
4698,-0.04056237879767288
4699,0.0172915319974144
4700,-0.0014544279250161551
4701,-0.010180995475113086
4702,0.015837104072398134
4703,-0.013897866839043371
4704,0.0410471881060116
4705,-0.05203619909502266
4706,-0.003232062055591456
4707,-6.464124111182912e-4
4708,0.026826115061409195
4709,-0.019392372333548846
4710,-0.05203619909502266
4711,-0.011312217194570207
4712,0.04056237879767288
4713,-0.004524886877828038
4714,0.037491919844861
4715,0.01664511958629611
4716,0.021493212669683293
4717,0.013897866839043371
4718,0.03183581124757595
4719,0.024078862314156457
4720,0.0410471881060116
4721,0.015837104072398245
4722,-0.021493212669683293
4723,0.004524886877828038
4724,-0.0014544279250161551
4725,0.013897866839043371
4726,0.010180995475113086
4727,0.015837104072398134
4728,-0.0172915319974144
4729,0.0172915319974144
4730,0.03183581124757595
4731,-0.010180995475113086
4732,6.464124111182912e-4
4733,-0.004848093083387184
4734,-0.008564964447317358
4735,-0.01664511958629611
4736,-0.006302521008403339
4737,-0.019392372333548846
4738,0.024078862314156457
4739,-0.002424046541693592
4740,0.013736263736263687
4741,0.01664511958629611
4742,0.015837104072398245
4743,-0.004201680672268893
4744,0.013736263736263687
4745,-6.464124111182912e-4
4746,-0.008564964447317358
4747,0.02650290885585005
4748,-0.004524886877828038
4749,-0.01664511958629611
4750,0.0172915319974144
4751,0.02650290885585005
4752,0.015837104072398134
4753,-0.0172915319974144
4754,-0.03506787330316741
4755,-0.011312217194570207
4756,-0.010180995475113086
4757,-0.019392372333548846
4758,0.011958629605688387
4759,0.006302521008403339
4760,0.011958629605688387
4761,-0.021170006464124147
4762,0.021170006464124147
4763,-0.015837104072398134
4764,-0.0410471881060116
4765,-0.021170006464124147
4766,0.015837104072398134
4767,-0.015837104072398134
4768,-0.008564964447317358
4769,-0.004524886877828038
4770,-0.05203619909502266
4771,-0.01664511958629611
4772,0.04056237879767288
4773,-0.013736263736263687
4774,0.05203619909502266
4775,-0.0463800904977375
4776,-0.037491919844861
4777,-6.464124111182912e-4
4778,-0.0463800904977375
4779,0.006787330316742057
4780,0.021170006464124147
4781,-0.010180995475113086
4782,0.013897866839043371
4783,0.022947640594699448
4784,-0.0463800904977375
4785,-0.003232062055591456
4786,-0.02650290885585005
4787,0.013897866839043371
4788,0.002424046541693592
4789,-0.011958629605688387
4790,-0.002424046541693592
4791,-0.004524886877828038
4792,0.004848093083387184
4793,-0.03183581124757595
4794,-0.015837104072398134
4795,-0.021170006464124147
4796,-0.010180995475113086
4797,-0.021170006464124147
4798,-8.08015513897864e-4
4799,0.0172915319974144
4800,-0.003232062055591456
4801,0.021170006464124147
4802,-0.03183581124757595
4803,-0.022947640594699448
4804,-0.024078862314156457
4805,0.01664511958629611
4806,0.0014544279250161551
4807,6.464124111182912e-4
4808,0.022301228183581157
4809,0.015837104072398134
4810,-8.08015513897864e-4
4811,0.0172915319974144
4812,0.015837104072398134
4813,-8.08015513897864e-4
4814,-0.02941176470588236
4815,0.01955397543632842
4816,-0.004686489980607722
4817,-0.01664511958629611
4818,6.464124111182912e-4
4819,-0.034906270200387834
4820,-6.464124111182912e-4
4821,0.03506787330316741
4822,0.013897866839043371
4823,8.08015513897864e-4
4824,0.008564964447317358
4825,0.0014544279250161551
4826,-0.0014544279250161551
4827,0.0410471881060116
4828,-8.08015513897864e-4
4829,-0.024078862314156457
4830,-0.02650290885585005
4831,0.026826115061409195
4832,0.021170006464124147
4833,-0.022301228183581157
4834,-0.0410471881060116
4835,0.034906270200387834
4836,-0.011312217194570207
4837,0.008564964447317358
4838,0.015837104072398245
4839,-0.026826115061409195
4840,0.004524886877828038
4841,0.008403361344537785
4842,-0.013897866839043371
4843,-0.0172915319974144
4844,-0.013736263736263687
4845,-0.004524886877828038
4846,0.02941176470588236
4847,0.015837104072398134
4848,0.03506787330316741
4849,0.0014544279250161551
4850,-0.029573367808661932
4851,-0.003232062055591456
4852,-0.022301228183581157
4853,-0.015837104072398245
4854,0.01664511958629611
4855,-0.02941176470588236
4856,-0.02941176470588236
4857,0.004201680672268893
4858,0.02941176470588236
4859,0.004201680672268893
4860,-0.037491919844861
4861,-0.006787330316742057
4862,0.013736263736263687
4863,-0.03506787330316741
4864,-0.013897866839043371
4865,-0.01664511958629611
4866,-0.004524886877828038
4867,-0.0463800904977375
4868,-0.01664511958629611
4869,-0.026826115061409195
4870,0.003232062055591456
4871,-0.0014544279250161551
4872,0.024078862314156457
4873,0.03248222365869424
4874,0.0172915319974144
4875,0.008403361344537785
4876,-0.004686489980607722
4877,-0.008564964447317358
4878,0.021170006464124147
4879,-0.011312217194570207
4880,0.010180995475113086
4881,-0.026826115061409195
4882,0.004524886877828038
4883,-0.0410471881060116
4884,-0.010180995475113086
4885,0.022301228183581157
4886,-0.026826115061409195
4887,-0.006787330316742057
4888,-0.015837104072398245
4889,0.004201680672268893
4890,0.0463800904977375
4891,0.013736263736263687
4892,6.464124111182912e-4
4893,0.015837104072398134
4894,-0.013897866839043371
4895,0.026826115061409195
4896,0.006302521008403339
4897,-0.010180995475113086
4898,-0.008564964447317358
4899,0.004848093083387184
4900,0.003232062055591456
4901,0.008564964447317358
4902,0.026826115061409195
4903,-0.013736263736263687
4904,-0.010180995475113086
4905,-8.08015513897864e-4
4906,0.026826115061409195
4907,0.01664511958629611
4908,0.026826115061409195
4909,0.0410471881060116
4910,-0.004524886877828038
4911,0.026826115061409195
4912,0.011312217194570207
4913,0.013897866839043371
4914,-0.029573367808661932
4915,0.013736263736263687
4916,-0.0172915319974144
4917,-0.004524886877828038
4918,0.002424046541693592
4919,-0.010180995475113086
4920,0.021170006464124147
4921,0.004848093083387184
4922,0.034906270200387834
4923,0.034906270200387834
4924,-0.0172915319974144
4925,-0.0463800904977375
4926,0.021170006464124147
4927,0.008403361344537785
4928,-0.03506787330316741
4929,-0.015837104072398134
4930,-0.021170006464124147
4931,-0.011958629605688387
4932,0.015837104072398245
4933,-0.006787330316742057
4934,-0.021493212669683293
4935,-0.021170006464124147
4936,0.013736263736263687
4937,-0.021170006464124147
4938,0.010180995475113086
4939,-6.464124111182912e-4
4940,0.0172915319974144
4941,0.0463800904977375
4942,0.026826115061409195
4943,-0.0463800904977375
4944,6.464124111182912e-4
4945,-0.004686489980607722
4946,0.021170006464124147
4947,0.0172915319974144
4948,-0.021493212669683293
4949,-0.034906270200387834
4950,-0.0014544279250161551
4951,-0.01664511958629611
4952,-0.02941176470588236
4953,-0.004848093083387184
4954,0.05203619909502266
4955,-0.01664511958629611
4956,-0.026826115061409195
4957,0.008564964447317358
4958,-0.05203619909502266
4959,0.034906270200387834
4960,0.0172915319974144
4961,-0.008403361344537785
4962,-0.008564964447317358
4963,0.029573367808661932
4964,0.022947640594699448
4965,0.03183581124757595
4966,-0.03183581124757595
4967,-0.015837104072398134
4968,-0.024078862314156457
4969,0.0172915319974144
4970,0.03183581124757595
4971,-0.034906270200387834
4972,6.464124111182912e-4
4973,0.0410471881060116
4974,-0.021170006464124147
4975,0.008403361344537785
4976,-0.004524886877828038
4977,0.004686489980607722
4978,0.0172915319974144
4979,-0.006302521008403339
4980,-0.008564964447317358
4981,0.01955397543632842
4982,-0.004524886877828038
4983,-0.006302521008403339
4984,-0.004686489980607722
4985,-0.006302521008403339
4986,-0.004686489980607722
4987,6.464124111182912e-4
4988,-0.03183581124757595
4989,-6.464124111182912e-4
4990,-0.0014544279250161551
4991,0.004848093083387184
4992,-0.01664511958629611
4993,0.022301228183581157
4994,0.0014544279250161551
4995,0.034906270200387834
4996,-0.037491919844861
4997,-0.0014544279250161551
4998,-0.021170006464124147
4999,-0.0410471881060116
5000,0.02941176470588236
